/Users/tsy/Library/Python/3.9/lib/python/site-packages/urllib3/__init__.py:35: NotOpenSSLWarning: urllib3 v2 only supports OpenSSL 1.1.1+, currently the 'ssl' module is compiled with 'LibreSSL 2.8.3'. See: https://github.com/urllib3/urllib3/issues/3020
  warnings.warn(
[main 8cf6656] v4.0: Native Cron Sync at 2026-06-01 16:10:04
 2 files changed, 18 insertions(+), 18 deletions(-)
To github.com:tsy-del/tqqq.git
   90a0790..8cf6656  main -> main
To github.com:tsy-del/tqqq.git
   90a0790..8cf6656  main -> gh-pages
Fetching highest frequency prices (v4.0) from yfinance...
Update and push completed successfully.
/Users/tsy/Library/Python/3.9/lib/python/site-packages/urllib3/__init__.py:35: NotOpenSSLWarning: urllib3 v2 only supports OpenSSL 1.1.1+, currently the 'ssl' module is compiled with 'LibreSSL 2.8.3'. See: https://github.com/urllib3/urllib3/issues/3020
  warnings.warn(
[main 3523636] v4.0: Native Cron Sync at 2026-06-01 16:12:04
 2 files changed, 17 insertions(+), 17 deletions(-)
To github.com:tsy-del/tqqq.git
   8cf6656..3523636  main -> main
To github.com:tsy-del/tqqq.git
   8cf6656..3523636  main -> gh-pages
Fetching highest frequency prices (v4.0) from yfinance...
Update and push completed successfully.
/Users/tsy/Library/Python/3.9/lib/python/site-packages/urllib3/__init__.py:35: NotOpenSSLWarning: urllib3 v2 only supports OpenSSL 1.1.1+, currently the 'ssl' module is compiled with 'LibreSSL 2.8.3'. See: https://github.com/urllib3/urllib3/issues/3020
  warnings.warn(
[main edce731] v4.0: Native Cron Sync at 2026-06-01 16:14:04
 2 files changed, 17 insertions(+), 17 deletions(-)
To github.com:tsy-del/tqqq.git
   3523636..edce731  main -> main
To github.com:tsy-del/tqqq.git
   3523636..edce731  main -> gh-pages
Fetching highest frequency prices (v4.0) from yfinance...
Update and push completed successfully.
/Users/tsy/Library/Python/3.9/lib/python/site-packages/urllib3/__init__.py:35: NotOpenSSLWarning: urllib3 v2 only supports OpenSSL 1.1.1+, currently the 'ssl' module is compiled with 'LibreSSL 2.8.3'. See: https://github.com/urllib3/urllib3/issues/3020
  warnings.warn(
[main ebb53bd] v4.0: Native Cron Sync at 2026-06-01 16:16:03
 2 files changed, 17 insertions(+), 17 deletions(-)
To github.com:tsy-del/tqqq.git
   edce731..ebb53bd  main -> main
To github.com:tsy-del/tqqq.git
   edce731..ebb53bd  main -> gh-pages
Fetching highest frequency prices (v4.0) from yfinance...
Update and push completed successfully.
/Users/tsy/Library/Python/3.9/lib/python/site-packages/urllib3/__init__.py:35: NotOpenSSLWarning: urllib3 v2 only supports OpenSSL 1.1.1+, currently the 'ssl' module is compiled with 'LibreSSL 2.8.3'. See: https://github.com/urllib3/urllib3/issues/3020
  warnings.warn(
[main 8f12498] v4.2: Auto Cloud Sync config at 2026-06-01 18:30:04
 2 files changed, 37 insertions(+), 37 deletions(-)
To github.com:tsy-del/tqqq.git
   ea636c7..8f12498  main -> main
To github.com:tsy-del/tqqq.git
   dd5026f..8f12498  main -> gh-pages
Fetching highest frequency prices (v4.1) from yfinance...
Update and push completed successfully.
/Users/tsy/Library/Python/3.9/lib/python/site-packages/urllib3/__init__.py:35: NotOpenSSLWarning: urllib3 v2 only supports OpenSSL 1.1.1+, currently the 'ssl' module is compiled with 'LibreSSL 2.8.3'. See: https://github.com/urllib3/urllib3/issues/3020
  warnings.warn(
[main 638b6c7] v4.2: Auto Cloud Sync config at 2026-06-01 18:45:04
 2 files changed, 37 insertions(+), 37 deletions(-)
To github.com:tsy-del/tqqq.git
   8f12498..638b6c7  main -> main
To github.com:tsy-del/tqqq.git
   8f12498..638b6c7  main -> gh-pages
Fetching highest frequency prices (v4.1) from yfinance...
Update and push completed successfully.
/Users/tsy/Library/Python/3.9/lib/python/site-packages/urllib3/__init__.py:35: NotOpenSSLWarning: urllib3 v2 only supports OpenSSL 1.1.1+, currently the 'ssl' module is compiled with 'LibreSSL 2.8.3'. See: https://github.com/urllib3/urllib3/issues/3020
  warnings.warn(
[main 913128d] v4.2: Auto Cloud Sync config at 2026-06-01 19:00:03
 2 files changed, 37 insertions(+), 37 deletions(-)
To github.com:tsy-del/tqqq.git
   1826a92..913128d  main -> main
To github.com:tsy-del/tqqq.git
   1826a92..913128d  main -> gh-pages
Fetching highest frequency prices (v4.1) from yfinance...
Update and push completed successfully.
/Users/tsy/Library/Python/3.9/lib/python/site-packages/urllib3/__init__.py:35: NotOpenSSLWarning: urllib3 v2 only supports OpenSSL 1.1.1+, currently the 'ssl' module is compiled with 'LibreSSL 2.8.3'. See: https://github.com/urllib3/urllib3/issues/3020
  warnings.warn(
[main ae51465] v4.2: Auto Cloud Sync config at 2026-06-01 19:15:04
 2 files changed, 39 insertions(+), 39 deletions(-)
To github.com:tsy-del/tqqq.git
   913128d..ae51465  main -> main
To github.com:tsy-del/tqqq.git
   913128d..ae51465  main -> gh-pages
Fetching highest frequency prices (v4.1) from yfinance...
Update and push completed successfully.
/Users/tsy/Library/Python/3.9/lib/python/site-packages/urllib3/__init__.py:35: NotOpenSSLWarning: urllib3 v2 only supports OpenSSL 1.1.1+, currently the 'ssl' module is compiled with 'LibreSSL 2.8.3'. See: https://github.com/urllib3/urllib3/issues/3020
  warnings.warn(
[main f23f60e] v4.2: Auto Cloud Sync config at 2026-06-01 19:30:03
 2 files changed, 39 insertions(+), 39 deletions(-)
To github.com:tsy-del/tqqq.git
   d602680..f23f60e  main -> main
To github.com:tsy-del/tqqq.git
   d602680..f23f60e  main -> gh-pages
Fetching highest frequency prices (v4.1) from yfinance...
Update and push completed successfully.
/Users/tsy/Library/Python/3.9/lib/python/site-packages/urllib3/__init__.py:35: NotOpenSSLWarning: urllib3 v2 only supports OpenSSL 1.1.1+, currently the 'ssl' module is compiled with 'LibreSSL 2.8.3'. See: https://github.com/urllib3/urllib3/issues/3020
  warnings.warn(
[main e07eecb] v4.2: Auto Cloud Sync config at 2026-06-01 19:45:03
 2 files changed, 43 insertions(+), 43 deletions(-)
To github.com:tsy-del/tqqq.git
   f23f60e..e07eecb  main -> main
To github.com:tsy-del/tqqq.git
   f23f60e..e07eecb  main -> gh-pages
Fetching highest frequency prices (v4.1) from yfinance...
Update and push completed successfully.
/Users/tsy/Library/Python/3.9/lib/python/site-packages/urllib3/__init__.py:35: NotOpenSSLWarning: urllib3 v2 only supports OpenSSL 1.1.1+, currently the 'ssl' module is compiled with 'LibreSSL 2.8.3'. See: https://github.com/urllib3/urllib3/issues/3020
  warnings.warn(
[main 88dd7c3] v4.2: Auto Cloud Sync config at 2026-06-01 20:00:04
 2 files changed, 43 insertions(+), 43 deletions(-)
To github.com:tsy-del/tqqq.git
   e07eecb..88dd7c3  main -> main
To github.com:tsy-del/tqqq.git
   e07eecb..88dd7c3  main -> gh-pages
Fetching highest frequency prices (v4.1) from yfinance...
Update and push completed successfully.
/Users/tsy/Library/Python/3.9/lib/python/site-packages/urllib3/__init__.py:35: NotOpenSSLWarning: urllib3 v2 only supports OpenSSL 1.1.1+, currently the 'ssl' module is compiled with 'LibreSSL 2.8.3'. See: https://github.com/urllib3/urllib3/issues/3020
  warnings.warn(
[main 5f00cc5] v4.2: Auto Cloud Sync config at 2026-06-01 20:15:03
 2 files changed, 43 insertions(+), 43 deletions(-)
To github.com:tsy-del/tqqq.git
   88dd7c3..5f00cc5  main -> main
To github.com:tsy-del/tqqq.git
   88dd7c3..5f00cc5  main -> gh-pages
Fetching highest frequency prices (v4.1) from yfinance...
Update and push completed successfully.
/Users/tsy/Library/Python/3.9/lib/python/site-packages/urllib3/__init__.py:35: NotOpenSSLWarning: urllib3 v2 only supports OpenSSL 1.1.1+, currently the 'ssl' module is compiled with 'LibreSSL 2.8.3'. See: https://github.com/urllib3/urllib3/issues/3020
  warnings.warn(
[main da7b43e] v4.2: Auto Cloud Sync config at 2026-06-01 20:30:03
 2 files changed, 43 insertions(+), 43 deletions(-)
To github.com:tsy-del/tqqq.git
   5f00cc5..da7b43e  main -> main
To github.com:tsy-del/tqqq.git
   5f00cc5..da7b43e  main -> gh-pages
Fetching highest frequency prices (v4.1) from yfinance...
Update and push completed successfully.
/Users/tsy/Library/Python/3.9/lib/python/site-packages/urllib3/__init__.py:35: NotOpenSSLWarning: urllib3 v2 only supports OpenSSL 1.1.1+, currently the 'ssl' module is compiled with 'LibreSSL 2.8.3'. See: https://github.com/urllib3/urllib3/issues/3020
  warnings.warn(
[main bc3a9cd] v4.2: Auto Cloud Sync config at 2026-06-01 20:45:05
 2 files changed, 43 insertions(+), 43 deletions(-)
To github.com:tsy-del/tqqq.git
   da7b43e..bc3a9cd  main -> main
To github.com:tsy-del/tqqq.git
   da7b43e..bc3a9cd  main -> gh-pages
Fetching highest frequency prices (v4.1) from yfinance...
Update and push completed successfully.
/Users/tsy/Library/Python/3.9/lib/python/site-packages/urllib3/__init__.py:35: NotOpenSSLWarning: urllib3 v2 only supports OpenSSL 1.1.1+, currently the 'ssl' module is compiled with 'LibreSSL 2.8.3'. See: https://github.com/urllib3/urllib3/issues/3020
  warnings.warn(
[main 89f8046] v4.2: Auto Cloud Sync config at 2026-06-01 21:00:04
 2 files changed, 43 insertions(+), 43 deletions(-)
To github.com:tsy-del/tqqq.git
   bc3a9cd..89f8046  main -> main
To github.com:tsy-del/tqqq.git
   bc3a9cd..89f8046  main -> gh-pages
Fetching highest frequency prices (v4.1) from yfinance...
Update and push completed successfully.
/Users/tsy/Library/Python/3.9/lib/python/site-packages/urllib3/__init__.py:35: NotOpenSSLWarning: urllib3 v2 only supports OpenSSL 1.1.1+, currently the 'ssl' module is compiled with 'LibreSSL 2.8.3'. See: https://github.com/urllib3/urllib3/issues/3020
  warnings.warn(
[main d5690cf] v4.2: Auto Cloud Sync config at 2026-06-01 21:15:04
 2 files changed, 43 insertions(+), 43 deletions(-)
To github.com:tsy-del/tqqq.git
   89f8046..d5690cf  main -> main
To github.com:tsy-del/tqqq.git
   89f8046..d5690cf  main -> gh-pages
Fetching highest frequency prices (v4.1) from yfinance...
Update and push completed successfully.
/Users/tsy/Library/Python/3.9/lib/python/site-packages/urllib3/__init__.py:35: NotOpenSSLWarning: urllib3 v2 only supports OpenSSL 1.1.1+, currently the 'ssl' module is compiled with 'LibreSSL 2.8.3'. See: https://github.com/urllib3/urllib3/issues/3020
  warnings.warn(
[main 6865b1f] v4.2: Auto Cloud Sync config at 2026-06-01 21:30:03
 2 files changed, 42 insertions(+), 42 deletions(-)
To github.com:tsy-del/tqqq.git
   d5690cf..6865b1f  main -> main
To github.com:tsy-del/tqqq.git
   d5690cf..6865b1f  main -> gh-pages
Fetching highest frequency prices (v4.1) from yfinance...
Update and push completed successfully.
/Users/tsy/Library/Python/3.9/lib/python/site-packages/urllib3/__init__.py:35: NotOpenSSLWarning: urllib3 v2 only supports OpenSSL 1.1.1+, currently the 'ssl' module is compiled with 'LibreSSL 2.8.3'. See: https://github.com/urllib3/urllib3/issues/3020
  warnings.warn(
[main 9a48ed5] v4.2: Auto Cloud Sync config at 2026-06-01 21:45:04
 2 files changed, 43 insertions(+), 43 deletions(-)
To github.com:tsy-del/tqqq.git
   6865b1f..9a48ed5  main -> main
To github.com:tsy-del/tqqq.git
   6865b1f..9a48ed5  main -> gh-pages
Fetching highest frequency prices (v4.1) from yfinance...
Update and push completed successfully.
/Users/tsy/Library/Python/3.9/lib/python/site-packages/urllib3/__init__.py:35: NotOpenSSLWarning: urllib3 v2 only supports OpenSSL 1.1.1+, currently the 'ssl' module is compiled with 'LibreSSL 2.8.3'. See: https://github.com/urllib3/urllib3/issues/3020
  warnings.warn(
[main d6e3977] v4.2: Auto Cloud Sync config at 2026-06-01 22:00:04
 2 files changed, 43 insertions(+), 43 deletions(-)
To github.com:tsy-del/tqqq.git
   9a48ed5..d6e3977  main -> main
To github.com:tsy-del/tqqq.git
   9a48ed5..d6e3977  main -> gh-pages
Fetching highest frequency prices (v4.1) from yfinance...
Update and push completed successfully.
/Users/tsy/Library/Python/3.9/lib/python/site-packages/urllib3/__init__.py:35: NotOpenSSLWarning: urllib3 v2 only supports OpenSSL 1.1.1+, currently the 'ssl' module is compiled with 'LibreSSL 2.8.3'. See: https://github.com/urllib3/urllib3/issues/3020
  warnings.warn(
[main e150fd1] v4.2: Auto Cloud Sync config at 2026-06-01 22:15:04
 2 files changed, 43 insertions(+), 43 deletions(-)
To github.com:tsy-del/tqqq.git
   d6e3977..e150fd1  main -> main
To github.com:tsy-del/tqqq.git
   d6e3977..e150fd1  main -> gh-pages
Fetching highest frequency prices (v4.1) from yfinance...
Update and push completed successfully.
/Users/tsy/Library/Python/3.9/lib/python/site-packages/urllib3/__init__.py:35: NotOpenSSLWarning: urllib3 v2 only supports OpenSSL 1.1.1+, currently the 'ssl' module is compiled with 'LibreSSL 2.8.3'. See: https://github.com/urllib3/urllib3/issues/3020
  warnings.warn(
[main 30dd0fc] v4.2: Auto Cloud Sync config at 2026-06-01 22:30:04
 2 files changed, 43 insertions(+), 43 deletions(-)
To github.com:tsy-del/tqqq.git
   e150fd1..30dd0fc  main -> main
To github.com:tsy-del/tqqq.git
   e150fd1..30dd0fc  main -> gh-pages
Fetching highest frequency prices (v4.1) from yfinance...
Update and push completed successfully.
/Users/tsy/Library/Python/3.9/lib/python/site-packages/urllib3/__init__.py:35: NotOpenSSLWarning: urllib3 v2 only supports OpenSSL 1.1.1+, currently the 'ssl' module is compiled with 'LibreSSL 2.8.3'. See: https://github.com/urllib3/urllib3/issues/3020
  warnings.warn(
[main d4c4072] v4.2: Auto Cloud Sync config at 2026-06-01 22:45:04
 2 files changed, 43 insertions(+), 43 deletions(-)
To github.com:tsy-del/tqqq.git
   30dd0fc..d4c4072  main -> main
To github.com:tsy-del/tqqq.git
   30dd0fc..d4c4072  main -> gh-pages
Fetching highest frequency prices (v4.1) from yfinance...
Update and push completed successfully.
/Users/tsy/Library/Python/3.9/lib/python/site-packages/urllib3/__init__.py:35: NotOpenSSLWarning: urllib3 v2 only supports OpenSSL 1.1.1+, currently the 'ssl' module is compiled with 'LibreSSL 2.8.3'. See: https://github.com/urllib3/urllib3/issues/3020
  warnings.warn(
[main e20e198] v4.2: Auto Cloud Sync config at 2026-06-01 23:00:04
 2 files changed, 43 insertions(+), 43 deletions(-)
To github.com:tsy-del/tqqq.git
   d4c4072..e20e198  main -> main
To github.com:tsy-del/tqqq.git
   d4c4072..e20e198  main -> gh-pages
Fetching highest frequency prices (v4.1) from yfinance...
Update and push completed successfully.
/Users/tsy/Library/Python/3.9/lib/python/site-packages/urllib3/__init__.py:35: NotOpenSSLWarning: urllib3 v2 only supports OpenSSL 1.1.1+, currently the 'ssl' module is compiled with 'LibreSSL 2.8.3'. See: https://github.com/urllib3/urllib3/issues/3020
  warnings.warn(
[main f01ddb9] v4.2: Auto Cloud Sync config at 2026-06-01 23:15:04
 2 files changed, 41 insertions(+), 41 deletions(-)
To github.com:tsy-del/tqqq.git
   e20e198..f01ddb9  main -> main
To github.com:tsy-del/tqqq.git
   e20e198..f01ddb9  main -> gh-pages
Fetching highest frequency prices (v4.1) from yfinance...
Update and push completed successfully.
/Users/tsy/Library/Python/3.9/lib/python/site-packages/urllib3/__init__.py:35: NotOpenSSLWarning: urllib3 v2 only supports OpenSSL 1.1.1+, currently the 'ssl' module is compiled with 'LibreSSL 2.8.3'. See: https://github.com/urllib3/urllib3/issues/3020
  warnings.warn(
[main 719fd03] v4.2: Auto Cloud Sync config at 2026-06-01 23:30:04
 2 files changed, 43 insertions(+), 43 deletions(-)
To github.com:tsy-del/tqqq.git
   f01ddb9..719fd03  main -> main
To github.com:tsy-del/tqqq.git
   f01ddb9..719fd03  main -> gh-pages
Fetching highest frequency prices (v4.1) from yfinance...
Update and push completed successfully.
/Users/tsy/Library/Python/3.9/lib/python/site-packages/urllib3/__init__.py:35: NotOpenSSLWarning: urllib3 v2 only supports OpenSSL 1.1.1+, currently the 'ssl' module is compiled with 'LibreSSL 2.8.3'. See: https://github.com/urllib3/urllib3/issues/3020
  warnings.warn(
[main 489f546] v4.2: Auto Cloud Sync config at 2026-06-01 23:45:04
 2 files changed, 43 insertions(+), 43 deletions(-)
To github.com:tsy-del/tqqq.git
   719fd03..489f546  main -> main
To github.com:tsy-del/tqqq.git
   719fd03..489f546  main -> gh-pages
Fetching highest frequency prices (v4.1) from yfinance...
Update and push completed successfully.
/Users/tsy/Library/Python/3.9/lib/python/site-packages/urllib3/__init__.py:35: NotOpenSSLWarning: urllib3 v2 only supports OpenSSL 1.1.1+, currently the 'ssl' module is compiled with 'LibreSSL 2.8.3'. See: https://github.com/urllib3/urllib3/issues/3020
  warnings.warn(
[main a9e8296] v4.2: Auto Cloud Sync config at 2026-06-02 00:00:03
 3 files changed, 45 insertions(+), 45 deletions(-)
To github.com:tsy-del/tqqq.git
   f77539d..a9e8296  main -> main
To github.com:tsy-del/tqqq.git
   f77539d..a9e8296  main -> gh-pages
Fetching highest frequency prices (v4.1) from yfinance...
Update and push completed successfully.
/Users/tsy/Library/Python/3.9/lib/python/site-packages/urllib3/__init__.py:35: NotOpenSSLWarning: urllib3 v2 only supports OpenSSL 1.1.1+, currently the 'ssl' module is compiled with 'LibreSSL 2.8.3'. See: https://github.com/urllib3/urllib3/issues/3020
  warnings.warn(
[main 2598515] v4.2: Auto Cloud Sync config at 2026-06-02 00:15:04
 2 files changed, 43 insertions(+), 43 deletions(-)
To github.com:tsy-del/tqqq.git
   a9e8296..2598515  main -> main
To github.com:tsy-del/tqqq.git
   a9e8296..2598515  main -> gh-pages
Fetching highest frequency prices (v4.1) from yfinance...
Update and push completed successfully.
/Users/tsy/Library/Python/3.9/lib/python/site-packages/urllib3/__init__.py:35: NotOpenSSLWarning: urllib3 v2 only supports OpenSSL 1.1.1+, currently the 'ssl' module is compiled with 'LibreSSL 2.8.3'. See: https://github.com/urllib3/urllib3/issues/3020
  warnings.warn(
[main 4c96bce] v4.2: Auto Cloud Sync config at 2026-06-02 00:30:04
 2 files changed, 43 insertions(+), 43 deletions(-)
To github.com:tsy-del/tqqq.git
   2598515..4c96bce  main -> main
To github.com:tsy-del/tqqq.git
   2598515..4c96bce  main -> gh-pages
Fetching highest frequency prices (v4.1) from yfinance...
Update and push completed successfully.
/Users/tsy/Library/Python/3.9/lib/python/site-packages/urllib3/__init__.py:35: NotOpenSSLWarning: urllib3 v2 only supports OpenSSL 1.1.1+, currently the 'ssl' module is compiled with 'LibreSSL 2.8.3'. See: https://github.com/urllib3/urllib3/issues/3020
  warnings.warn(
[main cd92252] v4.2: Auto Cloud Sync config at 2026-06-02 00:45:03
 2 files changed, 41 insertions(+), 41 deletions(-)
To github.com:tsy-del/tqqq.git
 ! [rejected]        main -> main (fetch first)
error: failed to push some refs to 'github.com:tsy-del/tqqq.git'
hint: Updates were rejected because the remote contains work that you do not
hint: have locally. This is usually caused by another repository pushing to
hint: the same ref. If you want to integrate the remote changes, use
hint: 'git pull' before pushing again.
hint: See the 'Note about fast-forwards' in 'git push --help' for details.
Fetching highest frequency prices (v4.1) from yfinance...
Error: Command '['git', 'push', 'origin', 'main']' returned non-zero exit status 1.
/Users/tsy/Library/Python/3.9/lib/python/site-packages/urllib3/__init__.py:35: NotOpenSSLWarning: urllib3 v2 only supports OpenSSL 1.1.1+, currently the 'ssl' module is compiled with 'LibreSSL 2.8.3'. See: https://github.com/urllib3/urllib3/issues/3020
  warnings.warn(
[main e617dd9] v4.2: Auto Cloud Sync config at 2026-06-02 01:00:04
 2 files changed, 43 insertions(+), 43 deletions(-)
To github.com:tsy-del/tqqq.git
 ! [rejected]        main -> main (fetch first)
error: failed to push some refs to 'github.com:tsy-del/tqqq.git'
hint: Updates were rejected because the remote contains work that you do not
hint: have locally. This is usually caused by another repository pushing to
hint: the same ref. If you want to integrate the remote changes, use
hint: 'git pull' before pushing again.
hint: See the 'Note about fast-forwards' in 'git push --help' for details.
Fetching highest frequency prices (v4.1) from yfinance...
Error: Command '['git', 'push', 'origin', 'main']' returned non-zero exit status 1.
/Users/tsy/Library/Python/3.9/lib/python/site-packages/urllib3/__init__.py:35: NotOpenSSLWarning: urllib3 v2 only supports OpenSSL 1.1.1+, currently the 'ssl' module is compiled with 'LibreSSL 2.8.3'. See: https://github.com/urllib3/urllib3/issues/3020
  warnings.warn(
From github.com:tsy-del/tqqq
 * branch            main       -> FETCH_HEAD
HEAD is now at 7143b92 v4.2: Auto Cloud Sync config at 2026-06-02 01:07:24
[main ffa9dd5] v4.2: Auto Cloud Sync config at 2026-06-02 01:15:07
 2 files changed, 39 insertions(+), 39 deletions(-)
To github.com:tsy-del/tqqq.git
   7143b92..ffa9dd5  main -> main
To github.com:tsy-del/tqqq.git
   7143b92..ffa9dd5  main -> gh-pages
Fetching highest frequency prices (v4.1) from yfinance...
Update and push completed successfully.
/Users/tsy/Library/Python/3.9/lib/python/site-packages/urllib3/__init__.py:35: NotOpenSSLWarning: urllib3 v2 only supports OpenSSL 1.1.1+, currently the 'ssl' module is compiled with 'LibreSSL 2.8.3'. See: https://github.com/urllib3/urllib3/issues/3020
  warnings.warn(
From github.com:tsy-del/tqqq
 * branch            main       -> FETCH_HEAD
HEAD is now at ffa9dd5 v4.2: Auto Cloud Sync config at 2026-06-02 01:15:07
[main cfc81f5] v4.2: Auto Cloud Sync config at 2026-06-02 01:30:07
 2 files changed, 43 insertions(+), 43 deletions(-)
To github.com:tsy-del/tqqq.git
   ffa9dd5..cfc81f5  main -> main
To github.com:tsy-del/tqqq.git
   ffa9dd5..cfc81f5  main -> gh-pages
Fetching highest frequency prices (v4.1) from yfinance...
Update and push completed successfully.
/Users/tsy/Library/Python/3.9/lib/python/site-packages/urllib3/__init__.py:35: NotOpenSSLWarning: urllib3 v2 only supports OpenSSL 1.1.1+, currently the 'ssl' module is compiled with 'LibreSSL 2.8.3'. See: https://github.com/urllib3/urllib3/issues/3020
  warnings.warn(
From github.com:tsy-del/tqqq
 * branch            main       -> FETCH_HEAD
HEAD is now at cfc81f5 v4.2: Auto Cloud Sync config at 2026-06-02 01:30:07
[main bb28be3] v4.2: Auto Cloud Sync config at 2026-06-02 01:45:07
 2 files changed, 43 insertions(+), 43 deletions(-)
To github.com:tsy-del/tqqq.git
   cfc81f5..bb28be3  main -> main
To github.com:tsy-del/tqqq.git
   cfc81f5..bb28be3  main -> gh-pages
Fetching highest frequency prices (v4.1) from yfinance...
Update and push completed successfully.
/Users/tsy/Library/Python/3.9/lib/python/site-packages/urllib3/__init__.py:35: NotOpenSSLWarning: urllib3 v2 only supports OpenSSL 1.1.1+, currently the 'ssl' module is compiled with 'LibreSSL 2.8.3'. See: https://github.com/urllib3/urllib3/issues/3020
  warnings.warn(
From github.com:tsy-del/tqqq
 * branch            main       -> FETCH_HEAD
HEAD is now at bb28be3 v4.2: Auto Cloud Sync config at 2026-06-02 01:45:07
[main eecb83e] v4.2: Auto Cloud Sync config at 2026-06-02 02:00:08
 2 files changed, 43 insertions(+), 43 deletions(-)
To github.com:tsy-del/tqqq.git
   bb28be3..eecb83e  main -> main
To github.com:tsy-del/tqqq.git
   bb28be3..eecb83e  main -> gh-pages
Fetching highest frequency prices (v4.1) from yfinance...
Update and push completed successfully.
/Users/tsy/Library/Python/3.9/lib/python/site-packages/urllib3/__init__.py:35: NotOpenSSLWarning: urllib3 v2 only supports OpenSSL 1.1.1+, currently the 'ssl' module is compiled with 'LibreSSL 2.8.3'. See: https://github.com/urllib3/urllib3/issues/3020
  warnings.warn(
From github.com:tsy-del/tqqq
 * branch            main       -> FETCH_HEAD
HEAD is now at eecb83e v4.2: Auto Cloud Sync config at 2026-06-02 02:00:08
[main bd631f1] v4.2: Auto Cloud Sync config at 2026-06-02 02:15:07
 2 files changed, 43 insertions(+), 43 deletions(-)
To github.com:tsy-del/tqqq.git
   eecb83e..bd631f1  main -> main
To github.com:tsy-del/tqqq.git
   eecb83e..bd631f1  main -> gh-pages
Fetching highest frequency prices (v4.1) from yfinance...
Update and push completed successfully.
/Users/tsy/Library/Python/3.9/lib/python/site-packages/urllib3/__init__.py:35: NotOpenSSLWarning: urllib3 v2 only supports OpenSSL 1.1.1+, currently the 'ssl' module is compiled with 'LibreSSL 2.8.3'. See: https://github.com/urllib3/urllib3/issues/3020
  warnings.warn(
From github.com:tsy-del/tqqq
 * branch            main       -> FETCH_HEAD
HEAD is now at bd631f1 v4.2: Auto Cloud Sync config at 2026-06-02 02:15:07
[main c76e6a5] v4.2: Auto Cloud Sync config at 2026-06-02 02:30:07
 2 files changed, 43 insertions(+), 43 deletions(-)
To github.com:tsy-del/tqqq.git
   bd631f1..c76e6a5  main -> main
To github.com:tsy-del/tqqq.git
   bd631f1..c76e6a5  main -> gh-pages
Fetching highest frequency prices (v4.1) from yfinance...
Update and push completed successfully.
/Users/tsy/Library/Python/3.9/lib/python/site-packages/urllib3/__init__.py:35: NotOpenSSLWarning: urllib3 v2 only supports OpenSSL 1.1.1+, currently the 'ssl' module is compiled with 'LibreSSL 2.8.3'. See: https://github.com/urllib3/urllib3/issues/3020
  warnings.warn(
From github.com:tsy-del/tqqq
 * branch            main       -> FETCH_HEAD
HEAD is now at c76e6a5 v4.2: Auto Cloud Sync config at 2026-06-02 02:30:07
[main 2711e18] v4.2: Auto Cloud Sync config at 2026-06-02 02:45:07
 2 files changed, 41 insertions(+), 41 deletions(-)
To github.com:tsy-del/tqqq.git
   c76e6a5..2711e18  main -> main
To github.com:tsy-del/tqqq.git
   c76e6a5..2711e18  main -> gh-pages
Fetching highest frequency prices (v4.1) from yfinance...
Update and push completed successfully.
/Users/tsy/Library/Python/3.9/lib/python/site-packages/urllib3/__init__.py:35: NotOpenSSLWarning: urllib3 v2 only supports OpenSSL 1.1.1+, currently the 'ssl' module is compiled with 'LibreSSL 2.8.3'. See: https://github.com/urllib3/urllib3/issues/3020
  warnings.warn(
From github.com:tsy-del/tqqq
 * branch            main       -> FETCH_HEAD
HEAD is now at 2711e18 v4.2: Auto Cloud Sync config at 2026-06-02 02:45:07
[main 8091bb2] v4.2: Auto Cloud Sync config at 2026-06-02 03:00:09
 2 files changed, 43 insertions(+), 43 deletions(-)
To github.com:tsy-del/tqqq.git
   2711e18..8091bb2  main -> main
To github.com:tsy-del/tqqq.git
   2711e18..8091bb2  main -> gh-pages
Fetching highest frequency prices (v4.1) from yfinance...
Update and push completed successfully.
/Users/tsy/Library/Python/3.9/lib/python/site-packages/urllib3/__init__.py:35: NotOpenSSLWarning: urllib3 v2 only supports OpenSSL 1.1.1+, currently the 'ssl' module is compiled with 'LibreSSL 2.8.3'. See: https://github.com/urllib3/urllib3/issues/3020
  warnings.warn(
From github.com:tsy-del/tqqq
 * branch            main       -> FETCH_HEAD
HEAD is now at 8091bb2 v4.2: Auto Cloud Sync config at 2026-06-02 03:00:09
[main 2367c80] v4.2: Auto Cloud Sync config at 2026-06-02 03:15:06
 2 files changed, 43 insertions(+), 43 deletions(-)
To github.com:tsy-del/tqqq.git
   8091bb2..2367c80  main -> main
To github.com:tsy-del/tqqq.git
   8091bb2..2367c80  main -> gh-pages
Fetching highest frequency prices (v4.1) from yfinance...
Update and push completed successfully.
/Users/tsy/Library/Python/3.9/lib/python/site-packages/urllib3/__init__.py:35: NotOpenSSLWarning: urllib3 v2 only supports OpenSSL 1.1.1+, currently the 'ssl' module is compiled with 'LibreSSL 2.8.3'. See: https://github.com/urllib3/urllib3/issues/3020
  warnings.warn(
From github.com:tsy-del/tqqq
 * branch            main       -> FETCH_HEAD
HEAD is now at 2367c80 v4.2: Auto Cloud Sync config at 2026-06-02 03:15:06
[main 469a34c] v4.2: Auto Cloud Sync config at 2026-06-02 03:30:06
 2 files changed, 43 insertions(+), 43 deletions(-)
To github.com:tsy-del/tqqq.git
   2367c80..469a34c  main -> main
To github.com:tsy-del/tqqq.git
   2367c80..469a34c  main -> gh-pages
Fetching highest frequency prices (v4.1) from yfinance...
Update and push completed successfully.
/Users/tsy/Library/Python/3.9/lib/python/site-packages/urllib3/__init__.py:35: NotOpenSSLWarning: urllib3 v2 only supports OpenSSL 1.1.1+, currently the 'ssl' module is compiled with 'LibreSSL 2.8.3'. See: https://github.com/urllib3/urllib3/issues/3020
  warnings.warn(
From github.com:tsy-del/tqqq
 * branch            main       -> FETCH_HEAD
HEAD is now at 469a34c v4.2: Auto Cloud Sync config at 2026-06-02 03:30:06
[main ce61585] v4.2: Auto Cloud Sync config at 2026-06-02 03:45:07
 2 files changed, 43 insertions(+), 43 deletions(-)
To github.com:tsy-del/tqqq.git
   469a34c..ce61585  main -> main
To github.com:tsy-del/tqqq.git
   469a34c..ce61585  main -> gh-pages
Fetching highest frequency prices (v4.1) from yfinance...
Update and push completed successfully.
/Users/tsy/Library/Python/3.9/lib/python/site-packages/urllib3/__init__.py:35: NotOpenSSLWarning: urllib3 v2 only supports OpenSSL 1.1.1+, currently the 'ssl' module is compiled with 'LibreSSL 2.8.3'. See: https://github.com/urllib3/urllib3/issues/3020
  warnings.warn(
From github.com:tsy-del/tqqq
 * branch            main       -> FETCH_HEAD
HEAD is now at ce61585 v4.2: Auto Cloud Sync config at 2026-06-02 03:45:07
[main 6721e12] v4.2: Auto Cloud Sync config at 2026-06-02 04:00:07
 2 files changed, 43 insertions(+), 43 deletions(-)
To github.com:tsy-del/tqqq.git
   ce61585..6721e12  main -> main
To github.com:tsy-del/tqqq.git
   ce61585..6721e12  main -> gh-pages
Fetching highest frequency prices (v4.1) from yfinance...
Update and push completed successfully.
/Users/tsy/Library/Python/3.9/lib/python/site-packages/urllib3/__init__.py:35: NotOpenSSLWarning: urllib3 v2 only supports OpenSSL 1.1.1+, currently the 'ssl' module is compiled with 'LibreSSL 2.8.3'. See: https://github.com/urllib3/urllib3/issues/3020
  warnings.warn(
From github.com:tsy-del/tqqq
 * branch            main       -> FETCH_HEAD
HEAD is now at 6721e12 v4.2: Auto Cloud Sync config at 2026-06-02 04:00:07
[main 3cc7670] v4.2: Auto Cloud Sync config at 2026-06-02 04:15:06
 2 files changed, 43 insertions(+), 43 deletions(-)
To github.com:tsy-del/tqqq.git
   6721e12..3cc7670  main -> main
To github.com:tsy-del/tqqq.git
   6721e12..3cc7670  main -> gh-pages
Fetching highest frequency prices (v4.1) from yfinance...
Update and push completed successfully.
/Users/tsy/Library/Python/3.9/lib/python/site-packages/urllib3/__init__.py:35: NotOpenSSLWarning: urllib3 v2 only supports OpenSSL 1.1.1+, currently the 'ssl' module is compiled with 'LibreSSL 2.8.3'. See: https://github.com/urllib3/urllib3/issues/3020
  warnings.warn(
From github.com:tsy-del/tqqq
 * branch            main       -> FETCH_HEAD
HEAD is now at 3cc7670 v4.2: Auto Cloud Sync config at 2026-06-02 04:15:06
[main 1f041cc] v4.2: Auto Cloud Sync config at 2026-06-02 04:30:07
 2 files changed, 43 insertions(+), 43 deletions(-)
To github.com:tsy-del/tqqq.git
   3cc7670..1f041cc  main -> main
To github.com:tsy-del/tqqq.git
   3cc7670..1f041cc  main -> gh-pages
Fetching highest frequency prices (v4.1) from yfinance...
Update and push completed successfully.
/Users/tsy/Library/Python/3.9/lib/python/site-packages/urllib3/__init__.py:35: NotOpenSSLWarning: urllib3 v2 only supports OpenSSL 1.1.1+, currently the 'ssl' module is compiled with 'LibreSSL 2.8.3'. See: https://github.com/urllib3/urllib3/issues/3020
  warnings.warn(
From github.com:tsy-del/tqqq
 * branch            main       -> FETCH_HEAD
HEAD is now at 1f041cc v4.2: Auto Cloud Sync config at 2026-06-02 04:30:07
[main 8333c5c] v4.2: Auto Cloud Sync config at 2026-06-02 04:45:07
 2 files changed, 43 insertions(+), 43 deletions(-)
To github.com:tsy-del/tqqq.git
   1f041cc..8333c5c  main -> main
To github.com:tsy-del/tqqq.git
   1f041cc..8333c5c  main -> gh-pages
Fetching highest frequency prices (v4.1) from yfinance...
Update and push completed successfully.
/Users/tsy/Library/Python/3.9/lib/python/site-packages/urllib3/__init__.py:35: NotOpenSSLWarning: urllib3 v2 only supports OpenSSL 1.1.1+, currently the 'ssl' module is compiled with 'LibreSSL 2.8.3'. See: https://github.com/urllib3/urllib3/issues/3020
  warnings.warn(
From github.com:tsy-del/tqqq
 * branch            main       -> FETCH_HEAD
HEAD is now at 8333c5c v4.2: Auto Cloud Sync config at 2026-06-02 04:45:07
[main 141bf98] v4.2: Auto Cloud Sync config at 2026-06-02 05:00:06
 2 files changed, 43 insertions(+), 43 deletions(-)
To github.com:tsy-del/tqqq.git
   8333c5c..141bf98  main -> main
To github.com:tsy-del/tqqq.git
   8333c5c..141bf98  main -> gh-pages
Fetching highest frequency prices (v4.1) from yfinance...
Update and push completed successfully.
/Users/tsy/Library/Python/3.9/lib/python/site-packages/urllib3/__init__.py:35: NotOpenSSLWarning: urllib3 v2 only supports OpenSSL 1.1.1+, currently the 'ssl' module is compiled with 'LibreSSL 2.8.3'. See: https://github.com/urllib3/urllib3/issues/3020
  warnings.warn(
From github.com:tsy-del/tqqq
 * branch            main       -> FETCH_HEAD
HEAD is now at 141bf98 v4.2: Auto Cloud Sync config at 2026-06-02 05:00:06
[main 5df5c18] v4.2: Auto Cloud Sync config at 2026-06-02 05:15:09
 2 files changed, 43 insertions(+), 43 deletions(-)
To github.com:tsy-del/tqqq.git
   141bf98..5df5c18  main -> main
To github.com:tsy-del/tqqq.git
   141bf98..5df5c18  main -> gh-pages
Fetching highest frequency prices (v4.1) from yfinance...
Update and push completed successfully.
/Users/tsy/Library/Python/3.9/lib/python/site-packages/urllib3/__init__.py:35: NotOpenSSLWarning: urllib3 v2 only supports OpenSSL 1.1.1+, currently the 'ssl' module is compiled with 'LibreSSL 2.8.3'. See: https://github.com/urllib3/urllib3/issues/3020
  warnings.warn(
From github.com:tsy-del/tqqq
 * branch            main       -> FETCH_HEAD
HEAD is now at 5df5c18 v4.2: Auto Cloud Sync config at 2026-06-02 05:15:09
[main 45bbca5] v4.2: Auto Cloud Sync config at 2026-06-02 05:30:09
 2 files changed, 38 insertions(+), 38 deletions(-)
To github.com:tsy-del/tqqq.git
   5df5c18..45bbca5  main -> main
To github.com:tsy-del/tqqq.git
   5df5c18..45bbca5  main -> gh-pages
Fetching highest frequency prices (v4.1) from yfinance...
Update and push completed successfully.
/Users/tsy/Library/Python/3.9/lib/python/site-packages/urllib3/__init__.py:35: NotOpenSSLWarning: urllib3 v2 only supports OpenSSL 1.1.1+, currently the 'ssl' module is compiled with 'LibreSSL 2.8.3'. See: https://github.com/urllib3/urllib3/issues/3020
  warnings.warn(
From github.com:tsy-del/tqqq
 * branch            main       -> FETCH_HEAD
HEAD is now at 45bbca5 v4.2: Auto Cloud Sync config at 2026-06-02 05:30:09
[main 056cb39] v4.2: Auto Cloud Sync config at 2026-06-02 05:45:07
 2 files changed, 42 insertions(+), 42 deletions(-)
To github.com:tsy-del/tqqq.git
   45bbca5..056cb39  main -> main
To github.com:tsy-del/tqqq.git
   45bbca5..056cb39  main -> gh-pages
Fetching highest frequency prices (v4.1) from yfinance...
Update and push completed successfully.
/Users/tsy/Library/Python/3.9/lib/python/site-packages/urllib3/__init__.py:35: NotOpenSSLWarning: urllib3 v2 only supports OpenSSL 1.1.1+, currently the 'ssl' module is compiled with 'LibreSSL 2.8.3'. See: https://github.com/urllib3/urllib3/issues/3020
  warnings.warn(
From github.com:tsy-del/tqqq
 * branch            main       -> FETCH_HEAD
HEAD is now at 056cb39 v4.2: Auto Cloud Sync config at 2026-06-02 05:45:07
[main 3074c5f] v4.2: Auto Cloud Sync config at 2026-06-02 06:00:10
 2 files changed, 43 insertions(+), 43 deletions(-)
To github.com:tsy-del/tqqq.git
   056cb39..3074c5f  main -> main
To github.com:tsy-del/tqqq.git
   056cb39..3074c5f  main -> gh-pages
Fetching highest frequency prices (v4.1) from yfinance...
Update and push completed successfully.
/Users/tsy/Library/Python/3.9/lib/python/site-packages/urllib3/__init__.py:35: NotOpenSSLWarning: urllib3 v2 only supports OpenSSL 1.1.1+, currently the 'ssl' module is compiled with 'LibreSSL 2.8.3'. See: https://github.com/urllib3/urllib3/issues/3020
  warnings.warn(
From github.com:tsy-del/tqqq
 * branch            main       -> FETCH_HEAD
HEAD is now at 3074c5f v4.2: Auto Cloud Sync config at 2026-06-02 06:00:10
[main 0a127b3] v4.2: Auto Cloud Sync config at 2026-06-02 06:15:09
 2 files changed, 43 insertions(+), 43 deletions(-)
To github.com:tsy-del/tqqq.git
   3074c5f..0a127b3  main -> main
To github.com:tsy-del/tqqq.git
   3074c5f..0a127b3  main -> gh-pages
Fetching highest frequency prices (v4.1) from yfinance...
Update and push completed successfully.
/Users/tsy/Library/Python/3.9/lib/python/site-packages/urllib3/__init__.py:35: NotOpenSSLWarning: urllib3 v2 only supports OpenSSL 1.1.1+, currently the 'ssl' module is compiled with 'LibreSSL 2.8.3'. See: https://github.com/urllib3/urllib3/issues/3020
  warnings.warn(
From github.com:tsy-del/tqqq
 * branch            main       -> FETCH_HEAD
HEAD is now at 0a127b3 v4.2: Auto Cloud Sync config at 2026-06-02 06:15:09
[main 6b44a43] v4.2: Auto Cloud Sync config at 2026-06-02 06:30:06
 2 files changed, 43 insertions(+), 43 deletions(-)
To github.com:tsy-del/tqqq.git
   0a127b3..6b44a43  main -> main
To github.com:tsy-del/tqqq.git
   0a127b3..6b44a43  main -> gh-pages
Fetching highest frequency prices (v4.1) from yfinance...
Update and push completed successfully.
/Users/tsy/Library/Python/3.9/lib/python/site-packages/urllib3/__init__.py:35: NotOpenSSLWarning: urllib3 v2 only supports OpenSSL 1.1.1+, currently the 'ssl' module is compiled with 'LibreSSL 2.8.3'. See: https://github.com/urllib3/urllib3/issues/3020
  warnings.warn(
From github.com:tsy-del/tqqq
 * branch            main       -> FETCH_HEAD
HEAD is now at 6b44a43 v4.2: Auto Cloud Sync config at 2026-06-02 06:30:06
[main 32c8132] v4.2: Auto Cloud Sync config at 2026-06-02 06:45:06
 2 files changed, 42 insertions(+), 42 deletions(-)
To github.com:tsy-del/tqqq.git
   6b44a43..32c8132  main -> main
To github.com:tsy-del/tqqq.git
   6b44a43..32c8132  main -> gh-pages
Fetching highest frequency prices (v4.1) from yfinance...
Update and push completed successfully.
/Users/tsy/Library/Python/3.9/lib/python/site-packages/urllib3/__init__.py:35: NotOpenSSLWarning: urllib3 v2 only supports OpenSSL 1.1.1+, currently the 'ssl' module is compiled with 'LibreSSL 2.8.3'. See: https://github.com/urllib3/urllib3/issues/3020
  warnings.warn(
From github.com:tsy-del/tqqq
 * branch            main       -> FETCH_HEAD
HEAD is now at 32c8132 v4.2: Auto Cloud Sync config at 2026-06-02 06:45:06
[main 43c15cf] v4.2: Auto Cloud Sync config at 2026-06-02 07:00:06
 2 files changed, 43 insertions(+), 43 deletions(-)
To github.com:tsy-del/tqqq.git
   32c8132..43c15cf  main -> main
To github.com:tsy-del/tqqq.git
   32c8132..43c15cf  main -> gh-pages
Fetching highest frequency prices (v4.1) from yfinance...
Update and push completed successfully.
/Users/tsy/Library/Python/3.9/lib/python/site-packages/urllib3/__init__.py:35: NotOpenSSLWarning: urllib3 v2 only supports OpenSSL 1.1.1+, currently the 'ssl' module is compiled with 'LibreSSL 2.8.3'. See: https://github.com/urllib3/urllib3/issues/3020
  warnings.warn(
From github.com:tsy-del/tqqq
 * branch            main       -> FETCH_HEAD
HEAD is now at 43c15cf v4.2: Auto Cloud Sync config at 2026-06-02 07:00:06
[main 7f624e5] v4.2: Auto Cloud Sync config at 2026-06-02 07:15:06
 2 files changed, 42 insertions(+), 42 deletions(-)
To github.com:tsy-del/tqqq.git
   43c15cf..7f624e5  main -> main
To github.com:tsy-del/tqqq.git
   43c15cf..7f624e5  main -> gh-pages
Fetching highest frequency prices (v4.1) from yfinance...
Update and push completed successfully.
/Users/tsy/Library/Python/3.9/lib/python/site-packages/urllib3/__init__.py:35: NotOpenSSLWarning: urllib3 v2 only supports OpenSSL 1.1.1+, currently the 'ssl' module is compiled with 'LibreSSL 2.8.3'. See: https://github.com/urllib3/urllib3/issues/3020
  warnings.warn(
From github.com:tsy-del/tqqq
 * branch            main       -> FETCH_HEAD
HEAD is now at 7f624e5 v4.2: Auto Cloud Sync config at 2026-06-02 07:15:06
[main 8549448] v4.2: Auto Cloud Sync config at 2026-06-02 07:30:06
 2 files changed, 42 insertions(+), 42 deletions(-)
To github.com:tsy-del/tqqq.git
   7f624e5..8549448  main -> main
To github.com:tsy-del/tqqq.git
   7f624e5..8549448  main -> gh-pages
Fetching highest frequency prices (v4.1) from yfinance...
Update and push completed successfully.
/Users/tsy/Library/Python/3.9/lib/python/site-packages/urllib3/__init__.py:35: NotOpenSSLWarning: urllib3 v2 only supports OpenSSL 1.1.1+, currently the 'ssl' module is compiled with 'LibreSSL 2.8.3'. See: https://github.com/urllib3/urllib3/issues/3020
  warnings.warn(
From github.com:tsy-del/tqqq
 * branch            main       -> FETCH_HEAD
HEAD is now at 8549448 v4.2: Auto Cloud Sync config at 2026-06-02 07:30:06
[main f6436ce] v4.2: Auto Cloud Sync config at 2026-06-02 07:45:09
 2 files changed, 40 insertions(+), 40 deletions(-)
To github.com:tsy-del/tqqq.git
   8549448..f6436ce  main -> main
To github.com:tsy-del/tqqq.git
   8549448..f6436ce  main -> gh-pages
Fetching highest frequency prices (v4.1) from yfinance...
Update and push completed successfully.
/Users/tsy/Library/Python/3.9/lib/python/site-packages/urllib3/__init__.py:35: NotOpenSSLWarning: urllib3 v2 only supports OpenSSL 1.1.1+, currently the 'ssl' module is compiled with 'LibreSSL 2.8.3'. See: https://github.com/urllib3/urllib3/issues/3020
  warnings.warn(
From github.com:tsy-del/tqqq
 * branch            main       -> FETCH_HEAD
HEAD is now at f6436ce v4.2: Auto Cloud Sync config at 2026-06-02 07:45:09
[main 33de77b] v4.2: Auto Cloud Sync config at 2026-06-02 08:00:07
 2 files changed, 43 insertions(+), 43 deletions(-)
To github.com:tsy-del/tqqq.git
   f6436ce..33de77b  main -> main
To github.com:tsy-del/tqqq.git
   f6436ce..33de77b  main -> gh-pages
Fetching highest frequency prices (v4.1) from yfinance...
Update and push completed successfully.
/Users/tsy/Library/Python/3.9/lib/python/site-packages/urllib3/__init__.py:35: NotOpenSSLWarning: urllib3 v2 only supports OpenSSL 1.1.1+, currently the 'ssl' module is compiled with 'LibreSSL 2.8.3'. See: https://github.com/urllib3/urllib3/issues/3020
  warnings.warn(
From github.com:tsy-del/tqqq
 * branch            main       -> FETCH_HEAD
HEAD is now at 33de77b v4.2: Auto Cloud Sync config at 2026-06-02 08:00:07
Fetching highest frequency prices (v4.1) from yfinance...
Prices unchanged (TQQQ: 85.21, SOXL: 225.76). Skipping Git push to save history.
/Users/tsy/Library/Python/3.9/lib/python/site-packages/urllib3/__init__.py:35: NotOpenSSLWarning: urllib3 v2 only supports OpenSSL 1.1.1+, currently the 'ssl' module is compiled with 'LibreSSL 2.8.3'. See: https://github.com/urllib3/urllib3/issues/3020
  warnings.warn(
From github.com:tsy-del/tqqq
 * branch            main       -> FETCH_HEAD
HEAD is now at 33de77b v4.2: Auto Cloud Sync config at 2026-06-02 08:00:07
Fetching highest frequency prices (v4.1) from yfinance...
Prices unchanged (TQQQ: 85.21, SOXL: 225.76). Skipping Git push to save history.
/Users/tsy/Library/Python/3.9/lib/python/site-packages/urllib3/__init__.py:35: NotOpenSSLWarning: urllib3 v2 only supports OpenSSL 1.1.1+, currently the 'ssl' module is compiled with 'LibreSSL 2.8.3'. See: https://github.com/urllib3/urllib3/issues/3020
  warnings.warn(
From github.com:tsy-del/tqqq
 * branch            main       -> FETCH_HEAD
HEAD is now at 33de77b v4.2: Auto Cloud Sync config at 2026-06-02 08:00:07
Fetching highest frequency prices (v4.1) from yfinance...
Prices unchanged (TQQQ: 85.21, SOXL: 225.76). Skipping Git push to save history.
/Users/tsy/Library/Python/3.9/lib/python/site-packages/urllib3/__init__.py:35: NotOpenSSLWarning: urllib3 v2 only supports OpenSSL 1.1.1+, currently the 'ssl' module is compiled with 'LibreSSL 2.8.3'. See: https://github.com/urllib3/urllib3/issues/3020
  warnings.warn(
From github.com:tsy-del/tqqq
 * branch            main       -> FETCH_HEAD
HEAD is now at 33de77b v4.2: Auto Cloud Sync config at 2026-06-02 08:00:07
Fetching highest frequency prices (v4.1) from yfinance...
Prices unchanged (TQQQ: 85.21, SOXL: 225.76). Skipping Git push to save history.
/Users/tsy/Library/Python/3.9/lib/python/site-packages/urllib3/__init__.py:35: NotOpenSSLWarning: urllib3 v2 only supports OpenSSL 1.1.1+, currently the 'ssl' module is compiled with 'LibreSSL 2.8.3'. See: https://github.com/urllib3/urllib3/issues/3020
  warnings.warn(
From github.com:tsy-del/tqqq
 * branch            main       -> FETCH_HEAD
HEAD is now at 33de77b v4.2: Auto Cloud Sync config at 2026-06-02 08:00:07
Fetching highest frequency prices (v4.1) from yfinance...
Prices unchanged (TQQQ: 85.21, SOXL: 225.76). Skipping Git push to save history.
/Users/tsy/Library/Python/3.9/lib/python/site-packages/urllib3/__init__.py:35: NotOpenSSLWarning: urllib3 v2 only supports OpenSSL 1.1.1+, currently the 'ssl' module is compiled with 'LibreSSL 2.8.3'. See: https://github.com/urllib3/urllib3/issues/3020
  warnings.warn(
From github.com:tsy-del/tqqq
 * branch            main       -> FETCH_HEAD
HEAD is now at 33de77b v4.2: Auto Cloud Sync config at 2026-06-02 08:00:07
Fetching highest frequency prices (v4.1) from yfinance...
Prices unchanged (TQQQ: 85.21, SOXL: 225.76). Skipping Git push to save history.
/Users/tsy/Library/Python/3.9/lib/python/site-packages/urllib3/__init__.py:35: NotOpenSSLWarning: urllib3 v2 only supports OpenSSL 1.1.1+, currently the 'ssl' module is compiled with 'LibreSSL 2.8.3'. See: https://github.com/urllib3/urllib3/issues/3020
  warnings.warn(
From github.com:tsy-del/tqqq
 * branch            main       -> FETCH_HEAD
HEAD is now at 33de77b v4.2: Auto Cloud Sync config at 2026-06-02 08:00:07
Fetching highest frequency prices (v4.1) from yfinance...
Prices unchanged (TQQQ: 85.21, SOXL: 225.76). Skipping Git push to save history.
/Users/tsy/Library/Python/3.9/lib/python/site-packages/urllib3/__init__.py:35: NotOpenSSLWarning: urllib3 v2 only supports OpenSSL 1.1.1+, currently the 'ssl' module is compiled with 'LibreSSL 2.8.3'. See: https://github.com/urllib3/urllib3/issues/3020
  warnings.warn(
From github.com:tsy-del/tqqq
 * branch            main       -> FETCH_HEAD
HEAD is now at 33de77b v4.2: Auto Cloud Sync config at 2026-06-02 08:00:07
Fetching highest frequency prices (v4.1) from yfinance...
Prices unchanged (TQQQ: 85.21, SOXL: 225.76). Skipping Git push to save history.
/Users/tsy/Library/Python/3.9/lib/python/site-packages/urllib3/__init__.py:35: NotOpenSSLWarning: urllib3 v2 only supports OpenSSL 1.1.1+, currently the 'ssl' module is compiled with 'LibreSSL 2.8.3'. See: https://github.com/urllib3/urllib3/issues/3020
  warnings.warn(
From github.com:tsy-del/tqqq
 * branch            main       -> FETCH_HEAD
HEAD is now at 33de77b v4.2: Auto Cloud Sync config at 2026-06-02 08:00:07
Fetching highest frequency prices (v4.1) from yfinance...
Prices unchanged (TQQQ: 85.21, SOXL: 225.76). Skipping Git push to save history.
/Users/tsy/Library/Python/3.9/lib/python/site-packages/urllib3/__init__.py:35: NotOpenSSLWarning: urllib3 v2 only supports OpenSSL 1.1.1+, currently the 'ssl' module is compiled with 'LibreSSL 2.8.3'. See: https://github.com/urllib3/urllib3/issues/3020
  warnings.warn(
From github.com:tsy-del/tqqq
 * branch            main       -> FETCH_HEAD
HEAD is now at 33de77b v4.2: Auto Cloud Sync config at 2026-06-02 08:00:07
Fetching highest frequency prices (v4.1) from yfinance...
Prices unchanged (TQQQ: 85.21, SOXL: 225.76). Skipping Git push to save history.
/Users/tsy/Library/Python/3.9/lib/python/site-packages/urllib3/__init__.py:35: NotOpenSSLWarning: urllib3 v2 only supports OpenSSL 1.1.1+, currently the 'ssl' module is compiled with 'LibreSSL 2.8.3'. See: https://github.com/urllib3/urllib3/issues/3020
  warnings.warn(
From github.com:tsy-del/tqqq
 * branch            main       -> FETCH_HEAD
HEAD is now at 33de77b v4.2: Auto Cloud Sync config at 2026-06-02 08:00:07
Fetching highest frequency prices (v4.1) from yfinance...
Prices unchanged (TQQQ: 85.21, SOXL: 225.76). Skipping Git push to save history.
/Users/tsy/Library/Python/3.9/lib/python/site-packages/urllib3/__init__.py:35: NotOpenSSLWarning: urllib3 v2 only supports OpenSSL 1.1.1+, currently the 'ssl' module is compiled with 'LibreSSL 2.8.3'. See: https://github.com/urllib3/urllib3/issues/3020
  warnings.warn(
From github.com:tsy-del/tqqq
 * branch            main       -> FETCH_HEAD
HEAD is now at 33de77b v4.2: Auto Cloud Sync config at 2026-06-02 08:00:07
Fetching highest frequency prices (v4.1) from yfinance...
Prices unchanged (TQQQ: 85.21, SOXL: 225.76). Skipping Git push to save history.
/Users/tsy/Library/Python/3.9/lib/python/site-packages/urllib3/__init__.py:35: NotOpenSSLWarning: urllib3 v2 only supports OpenSSL 1.1.1+, currently the 'ssl' module is compiled with 'LibreSSL 2.8.3'. See: https://github.com/urllib3/urllib3/issues/3020
  warnings.warn(
From github.com:tsy-del/tqqq
 * branch            main       -> FETCH_HEAD
HEAD is now at 33de77b v4.2: Auto Cloud Sync config at 2026-06-02 08:00:07
Fetching highest frequency prices (v4.1) from yfinance...
Prices unchanged (TQQQ: 85.21, SOXL: 225.76). Skipping Git push to save history.
/Users/tsy/Library/Python/3.9/lib/python/site-packages/urllib3/__init__.py:35: NotOpenSSLWarning: urllib3 v2 only supports OpenSSL 1.1.1+, currently the 'ssl' module is compiled with 'LibreSSL 2.8.3'. See: https://github.com/urllib3/urllib3/issues/3020
  warnings.warn(
From github.com:tsy-del/tqqq
 * branch            main       -> FETCH_HEAD
HEAD is now at 33de77b v4.2: Auto Cloud Sync config at 2026-06-02 08:00:07
Fetching highest frequency prices (v4.1) from yfinance...
Prices unchanged (TQQQ: 85.21, SOXL: 225.76). Skipping Git push to save history.
/Users/tsy/Library/Python/3.9/lib/python/site-packages/urllib3/__init__.py:35: NotOpenSSLWarning: urllib3 v2 only supports OpenSSL 1.1.1+, currently the 'ssl' module is compiled with 'LibreSSL 2.8.3'. See: https://github.com/urllib3/urllib3/issues/3020
  warnings.warn(
From github.com:tsy-del/tqqq
 * branch            main       -> FETCH_HEAD
HEAD is now at 33de77b v4.2: Auto Cloud Sync config at 2026-06-02 08:00:07
Fetching highest frequency prices (v4.1) from yfinance...
Prices unchanged (TQQQ: 85.21, SOXL: 225.76). Skipping Git push to save history.
/Users/tsy/Library/Python/3.9/lib/python/site-packages/urllib3/__init__.py:35: NotOpenSSLWarning: urllib3 v2 only supports OpenSSL 1.1.1+, currently the 'ssl' module is compiled with 'LibreSSL 2.8.3'. See: https://github.com/urllib3/urllib3/issues/3020
  warnings.warn(
From github.com:tsy-del/tqqq
 * branch            main       -> FETCH_HEAD
HEAD is now at 33de77b v4.2: Auto Cloud Sync config at 2026-06-02 08:00:07
Fetching highest frequency prices (v4.1) from yfinance...
Prices unchanged (TQQQ: 85.21, SOXL: 225.76). Skipping Git push to save history.
/Users/tsy/Library/Python/3.9/lib/python/site-packages/urllib3/__init__.py:35: NotOpenSSLWarning: urllib3 v2 only supports OpenSSL 1.1.1+, currently the 'ssl' module is compiled with 'LibreSSL 2.8.3'. See: https://github.com/urllib3/urllib3/issues/3020
  warnings.warn(
From github.com:tsy-del/tqqq
 * branch            main       -> FETCH_HEAD
HEAD is now at 33de77b v4.2: Auto Cloud Sync config at 2026-06-02 08:00:07
Fetching highest frequency prices (v4.1) from yfinance...
Prices unchanged (TQQQ: 85.21, SOXL: 225.76). Skipping Git push to save history.
/Users/tsy/Library/Python/3.9/lib/python/site-packages/urllib3/__init__.py:35: NotOpenSSLWarning: urllib3 v2 only supports OpenSSL 1.1.1+, currently the 'ssl' module is compiled with 'LibreSSL 2.8.3'. See: https://github.com/urllib3/urllib3/issues/3020
  warnings.warn(
From github.com:tsy-del/tqqq
 * branch            main       -> FETCH_HEAD
HEAD is now at 33de77b v4.2: Auto Cloud Sync config at 2026-06-02 08:00:07
Fetching highest frequency prices (v4.1) from yfinance...
Prices unchanged (TQQQ: 85.21, SOXL: 225.76). Skipping Git push to save history.
/Users/tsy/Library/Python/3.9/lib/python/site-packages/urllib3/__init__.py:35: NotOpenSSLWarning: urllib3 v2 only supports OpenSSL 1.1.1+, currently the 'ssl' module is compiled with 'LibreSSL 2.8.3'. See: https://github.com/urllib3/urllib3/issues/3020
  warnings.warn(
From github.com:tsy-del/tqqq
 * branch            main       -> FETCH_HEAD
HEAD is now at 33de77b v4.2: Auto Cloud Sync config at 2026-06-02 08:00:07
Fetching highest frequency prices (v4.1) from yfinance...
Prices unchanged (TQQQ: 85.21, SOXL: 225.76). Skipping Git push to save history.
/Users/tsy/Library/Python/3.9/lib/python/site-packages/urllib3/__init__.py:35: NotOpenSSLWarning: urllib3 v2 only supports OpenSSL 1.1.1+, currently the 'ssl' module is compiled with 'LibreSSL 2.8.3'. See: https://github.com/urllib3/urllib3/issues/3020
  warnings.warn(
From github.com:tsy-del/tqqq
 * branch            main       -> FETCH_HEAD
HEAD is now at 33de77b v4.2: Auto Cloud Sync config at 2026-06-02 08:00:07
Fetching highest frequency prices (v4.1) from yfinance...
Prices unchanged (TQQQ: 85.21, SOXL: 225.76). Skipping Git push to save history.
/Users/tsy/Library/Python/3.9/lib/python/site-packages/urllib3/__init__.py:35: NotOpenSSLWarning: urllib3 v2 only supports OpenSSL 1.1.1+, currently the 'ssl' module is compiled with 'LibreSSL 2.8.3'. See: https://github.com/urllib3/urllib3/issues/3020
  warnings.warn(
From github.com:tsy-del/tqqq
 * branch            main       -> FETCH_HEAD
HEAD is now at 33de77b v4.2: Auto Cloud Sync config at 2026-06-02 08:00:07
Fetching highest frequency prices (v4.1) from yfinance...
Prices unchanged (TQQQ: 85.21, SOXL: 225.76). Skipping Git push to save history.
/Users/tsy/Library/Python/3.9/lib/python/site-packages/urllib3/__init__.py:35: NotOpenSSLWarning: urllib3 v2 only supports OpenSSL 1.1.1+, currently the 'ssl' module is compiled with 'LibreSSL 2.8.3'. See: https://github.com/urllib3/urllib3/issues/3020
  warnings.warn(
From github.com:tsy-del/tqqq
 * branch            main       -> FETCH_HEAD
HEAD is now at 33de77b v4.2: Auto Cloud Sync config at 2026-06-02 08:00:07
Fetching highest frequency prices (v4.1) from yfinance...
Prices unchanged (TQQQ: 85.21, SOXL: 225.76). Skipping Git push to save history.
/Users/tsy/Library/Python/3.9/lib/python/site-packages/urllib3/__init__.py:35: NotOpenSSLWarning: urllib3 v2 only supports OpenSSL 1.1.1+, currently the 'ssl' module is compiled with 'LibreSSL 2.8.3'. See: https://github.com/urllib3/urllib3/issues/3020
  warnings.warn(
From github.com:tsy-del/tqqq
 * branch            main       -> FETCH_HEAD
HEAD is now at 33de77b v4.2: Auto Cloud Sync config at 2026-06-02 08:00:07
Fetching highest frequency prices (v4.1) from yfinance...
Prices unchanged (TQQQ: 85.21, SOXL: 225.76). Skipping Git push to save history.
/Users/tsy/Library/Python/3.9/lib/python/site-packages/urllib3/__init__.py:35: NotOpenSSLWarning: urllib3 v2 only supports OpenSSL 1.1.1+, currently the 'ssl' module is compiled with 'LibreSSL 2.8.3'. See: https://github.com/urllib3/urllib3/issues/3020
  warnings.warn(
From github.com:tsy-del/tqqq
 * branch            main       -> FETCH_HEAD
HEAD is now at 33de77b v4.2: Auto Cloud Sync config at 2026-06-02 08:00:07
Fetching highest frequency prices (v4.1) from yfinance...
Prices unchanged (TQQQ: 85.21, SOXL: 225.76). Skipping Git push to save history.
/Users/tsy/Library/Python/3.9/lib/python/site-packages/urllib3/__init__.py:35: NotOpenSSLWarning: urllib3 v2 only supports OpenSSL 1.1.1+, currently the 'ssl' module is compiled with 'LibreSSL 2.8.3'. See: https://github.com/urllib3/urllib3/issues/3020
  warnings.warn(
From github.com:tsy-del/tqqq
 * branch            main       -> FETCH_HEAD
HEAD is now at 33de77b v4.2: Auto Cloud Sync config at 2026-06-02 08:00:07
Fetching highest frequency prices (v4.1) from yfinance...
Prices unchanged (TQQQ: 85.21, SOXL: 225.76). Skipping Git push to save history.
/Users/tsy/Library/Python/3.9/lib/python/site-packages/urllib3/__init__.py:35: NotOpenSSLWarning: urllib3 v2 only supports OpenSSL 1.1.1+, currently the 'ssl' module is compiled with 'LibreSSL 2.8.3'. See: https://github.com/urllib3/urllib3/issues/3020
  warnings.warn(
From github.com:tsy-del/tqqq
 * branch            main       -> FETCH_HEAD
HEAD is now at 33de77b v4.2: Auto Cloud Sync config at 2026-06-02 08:00:07
Fetching highest frequency prices (v4.1) from yfinance...
Prices unchanged (TQQQ: 85.21, SOXL: 225.76). Skipping Git push to save history.
/Users/tsy/Library/Python/3.9/lib/python/site-packages/urllib3/__init__.py:35: NotOpenSSLWarning: urllib3 v2 only supports OpenSSL 1.1.1+, currently the 'ssl' module is compiled with 'LibreSSL 2.8.3'. See: https://github.com/urllib3/urllib3/issues/3020
  warnings.warn(
From github.com:tsy-del/tqqq
 * branch            main       -> FETCH_HEAD
HEAD is now at 33de77b v4.2: Auto Cloud Sync config at 2026-06-02 08:00:07
Fetching highest frequency prices (v4.1) from yfinance...
Prices unchanged (TQQQ: 85.21, SOXL: 225.76). Skipping Git push to save history.
/Users/tsy/Library/Python/3.9/lib/python/site-packages/urllib3/__init__.py:35: NotOpenSSLWarning: urllib3 v2 only supports OpenSSL 1.1.1+, currently the 'ssl' module is compiled with 'LibreSSL 2.8.3'. See: https://github.com/urllib3/urllib3/issues/3020
  warnings.warn(
From github.com:tsy-del/tqqq
 * branch            main       -> FETCH_HEAD
HEAD is now at 33de77b v4.2: Auto Cloud Sync config at 2026-06-02 08:00:07
Fetching highest frequency prices (v4.1) from yfinance...
Prices unchanged (TQQQ: 85.21, SOXL: 225.76). Skipping Git push to save history.
/Users/tsy/Library/Python/3.9/lib/python/site-packages/urllib3/__init__.py:35: NotOpenSSLWarning: urllib3 v2 only supports OpenSSL 1.1.1+, currently the 'ssl' module is compiled with 'LibreSSL 2.8.3'. See: https://github.com/urllib3/urllib3/issues/3020
  warnings.warn(
From github.com:tsy-del/tqqq
 * branch            main       -> FETCH_HEAD
HEAD is now at 33de77b v4.2: Auto Cloud Sync config at 2026-06-02 08:00:07
Fetching highest frequency prices (v4.1) from yfinance...
Prices unchanged (TQQQ: 85.21, SOXL: 225.76). Skipping Git push to save history.
/Users/tsy/Library/Python/3.9/lib/python/site-packages/urllib3/__init__.py:35: NotOpenSSLWarning: urllib3 v2 only supports OpenSSL 1.1.1+, currently the 'ssl' module is compiled with 'LibreSSL 2.8.3'. See: https://github.com/urllib3/urllib3/issues/3020
  warnings.warn(
From github.com:tsy-del/tqqq
 * branch            main       -> FETCH_HEAD
HEAD is now at 33de77b v4.2: Auto Cloud Sync config at 2026-06-02 08:00:07
Fetching highest frequency prices (v4.1) from yfinance...
Prices unchanged (TQQQ: 85.21, SOXL: 225.76). Skipping Git push to save history.
/Users/tsy/Library/Python/3.9/lib/python/site-packages/urllib3/__init__.py:35: NotOpenSSLWarning: urllib3 v2 only supports OpenSSL 1.1.1+, currently the 'ssl' module is compiled with 'LibreSSL 2.8.3'. See: https://github.com/urllib3/urllib3/issues/3020
  warnings.warn(
From github.com:tsy-del/tqqq
 * branch            main       -> FETCH_HEAD
HEAD is now at 33de77b v4.2: Auto Cloud Sync config at 2026-06-02 08:00:07
Fetching highest frequency prices (v4.1) from yfinance...
Prices unchanged (TQQQ: 85.21, SOXL: 225.76). Skipping Git push to save history.
/Users/tsy/Library/Python/3.9/lib/python/site-packages/urllib3/__init__.py:35: NotOpenSSLWarning: urllib3 v2 only supports OpenSSL 1.1.1+, currently the 'ssl' module is compiled with 'LibreSSL 2.8.3'. See: https://github.com/urllib3/urllib3/issues/3020
  warnings.warn(
From github.com:tsy-del/tqqq
 * branch            main       -> FETCH_HEAD
HEAD is now at 33de77b v4.2: Auto Cloud Sync config at 2026-06-02 08:00:07
[main 5b83f7c] v4.2: Auto Cloud Sync config at 2026-06-02 16:00:07
 2 files changed, 43 insertions(+), 43 deletions(-)
To github.com:tsy-del/tqqq.git
   33de77b..5b83f7c  main -> main
To github.com:tsy-del/tqqq.git
   33de77b..5b83f7c  main -> gh-pages
Fetching highest frequency prices (v4.1) from yfinance...
Update and push completed successfully.
/Users/tsy/Library/Python/3.9/lib/python/site-packages/urllib3/__init__.py:35: NotOpenSSLWarning: urllib3 v2 only supports OpenSSL 1.1.1+, currently the 'ssl' module is compiled with 'LibreSSL 2.8.3'. See: https://github.com/urllib3/urllib3/issues/3020
  warnings.warn(
From github.com:tsy-del/tqqq
 * branch            main       -> FETCH_HEAD
HEAD is now at 5b83f7c v4.2: Auto Cloud Sync config at 2026-06-02 16:00:07
[main 42355b6] v4.2: Auto Cloud Sync config at 2026-06-02 16:15:07
 2 files changed, 43 insertions(+), 43 deletions(-)
To github.com:tsy-del/tqqq.git
   5b83f7c..42355b6  main -> main
To github.com:tsy-del/tqqq.git
   5b83f7c..42355b6  main -> gh-pages
Fetching highest frequency prices (v4.1) from yfinance...
Update and push completed successfully.
/Users/tsy/Library/Python/3.9/lib/python/site-packages/urllib3/__init__.py:35: NotOpenSSLWarning: urllib3 v2 only supports OpenSSL 1.1.1+, currently the 'ssl' module is compiled with 'LibreSSL 2.8.3'. See: https://github.com/urllib3/urllib3/issues/3020
  warnings.warn(
From github.com:tsy-del/tqqq
 * branch            main       -> FETCH_HEAD
HEAD is now at 42355b6 v4.2: Auto Cloud Sync config at 2026-06-02 16:15:07
[main 1cf5a35] v4.2: Auto Cloud Sync config at 2026-06-02 16:30:07
 2 files changed, 43 insertions(+), 43 deletions(-)
To github.com:tsy-del/tqqq.git
   42355b6..1cf5a35  main -> main
To github.com:tsy-del/tqqq.git
   42355b6..1cf5a35  main -> gh-pages
Fetching highest frequency prices (v4.1) from yfinance...
Update and push completed successfully.
/Users/tsy/Library/Python/3.9/lib/python/site-packages/urllib3/__init__.py:35: NotOpenSSLWarning: urllib3 v2 only supports OpenSSL 1.1.1+, currently the 'ssl' module is compiled with 'LibreSSL 2.8.3'. See: https://github.com/urllib3/urllib3/issues/3020
  warnings.warn(
From github.com:tsy-del/tqqq
 * branch            main       -> FETCH_HEAD
HEAD is now at 1cf5a35 v4.2: Auto Cloud Sync config at 2026-06-02 16:30:07
[main 9032607] v4.2: Auto Cloud Sync config at 2026-06-02 16:45:07
 2 files changed, 39 insertions(+), 39 deletions(-)
To github.com:tsy-del/tqqq.git
   1cf5a35..9032607  main -> main
To github.com:tsy-del/tqqq.git
   1cf5a35..9032607  main -> gh-pages
Fetching highest frequency prices (v4.1) from yfinance...
Update and push completed successfully.
/Users/tsy/Library/Python/3.9/lib/python/site-packages/urllib3/__init__.py:35: NotOpenSSLWarning: urllib3 v2 only supports OpenSSL 1.1.1+, currently the 'ssl' module is compiled with 'LibreSSL 2.8.3'. See: https://github.com/urllib3/urllib3/issues/3020
  warnings.warn(
From github.com:tsy-del/tqqq
 * branch            main       -> FETCH_HEAD
HEAD is now at 9032607 v4.2: Auto Cloud Sync config at 2026-06-02 16:45:07
[main 2bc5bad] v4.2: Auto Cloud Sync config at 2026-06-02 17:00:07
 2 files changed, 38 insertions(+), 38 deletions(-)
To github.com:tsy-del/tqqq.git
   9032607..2bc5bad  main -> main
To github.com:tsy-del/tqqq.git
   9032607..2bc5bad  main -> gh-pages
Fetching highest frequency prices (v4.1) from yfinance...
Update and push completed successfully.
/Users/tsy/Library/Python/3.9/lib/python/site-packages/urllib3/__init__.py:35: NotOpenSSLWarning: urllib3 v2 only supports OpenSSL 1.1.1+, currently the 'ssl' module is compiled with 'LibreSSL 2.8.3'. See: https://github.com/urllib3/urllib3/issues/3020
  warnings.warn(
From github.com:tsy-del/tqqq
 * branch            main       -> FETCH_HEAD
HEAD is now at 2bc5bad v4.2: Auto Cloud Sync config at 2026-06-02 17:00:07
[main 9d5ad22] v4.2: Auto Cloud Sync config at 2026-06-02 17:15:10
 2 files changed, 43 insertions(+), 43 deletions(-)
To github.com:tsy-del/tqqq.git
   2bc5bad..9d5ad22  main -> main
To github.com:tsy-del/tqqq.git
   2bc5bad..9d5ad22  main -> gh-pages
Fetching highest frequency prices (v4.1) from yfinance...
Update and push completed successfully.
/Users/tsy/Library/Python/3.9/lib/python/site-packages/urllib3/__init__.py:35: NotOpenSSLWarning: urllib3 v2 only supports OpenSSL 1.1.1+, currently the 'ssl' module is compiled with 'LibreSSL 2.8.3'. See: https://github.com/urllib3/urllib3/issues/3020
  warnings.warn(
From github.com:tsy-del/tqqq
 * branch            main       -> FETCH_HEAD
HEAD is now at 9d5ad22 v4.2: Auto Cloud Sync config at 2026-06-02 17:15:10
[main b9df859] v4.2: Auto Cloud Sync config at 2026-06-02 17:30:09
 2 files changed, 42 insertions(+), 42 deletions(-)
To github.com:tsy-del/tqqq.git
   9d5ad22..b9df859  main -> main
To github.com:tsy-del/tqqq.git
   9d5ad22..b9df859  main -> gh-pages
Fetching highest frequency prices (v4.1) from yfinance...
Update and push completed successfully.
/Users/tsy/Library/Python/3.9/lib/python/site-packages/urllib3/__init__.py:35: NotOpenSSLWarning: urllib3 v2 only supports OpenSSL 1.1.1+, currently the 'ssl' module is compiled with 'LibreSSL 2.8.3'. See: https://github.com/urllib3/urllib3/issues/3020
  warnings.warn(
From github.com:tsy-del/tqqq
 * branch            main       -> FETCH_HEAD
HEAD is now at b9df859 v4.2: Auto Cloud Sync config at 2026-06-02 17:30:09
[main f4636bb] v4.2: Auto Cloud Sync config at 2026-06-02 17:45:07
 2 files changed, 43 insertions(+), 43 deletions(-)
To github.com:tsy-del/tqqq.git
   b9df859..f4636bb  main -> main
To github.com:tsy-del/tqqq.git
   b9df859..f4636bb  main -> gh-pages
Fetching highest frequency prices (v4.1) from yfinance...
Update and push completed successfully.
/Users/tsy/Library/Python/3.9/lib/python/site-packages/urllib3/__init__.py:35: NotOpenSSLWarning: urllib3 v2 only supports OpenSSL 1.1.1+, currently the 'ssl' module is compiled with 'LibreSSL 2.8.3'. See: https://github.com/urllib3/urllib3/issues/3020
  warnings.warn(
From github.com:tsy-del/tqqq
 * branch            main       -> FETCH_HEAD
HEAD is now at f4636bb v4.2: Auto Cloud Sync config at 2026-06-02 17:45:07
[main 7aec18c] v4.2: Auto Cloud Sync config at 2026-06-02 18:00:08
 2 files changed, 43 insertions(+), 43 deletions(-)
To github.com:tsy-del/tqqq.git
   f4636bb..7aec18c  main -> main
To github.com:tsy-del/tqqq.git
   f4636bb..7aec18c  main -> gh-pages
Fetching highest frequency prices (v4.1) from yfinance...
Update and push completed successfully.
/Users/tsy/Library/Python/3.9/lib/python/site-packages/urllib3/__init__.py:35: NotOpenSSLWarning: urllib3 v2 only supports OpenSSL 1.1.1+, currently the 'ssl' module is compiled with 'LibreSSL 2.8.3'. See: https://github.com/urllib3/urllib3/issues/3020
  warnings.warn(
From github.com:tsy-del/tqqq
 * branch            main       -> FETCH_HEAD
HEAD is now at 7aec18c v4.2: Auto Cloud Sync config at 2026-06-02 18:00:08
[main 5c061cc] v4.2: Auto Cloud Sync config at 2026-06-02 18:15:07
 2 files changed, 39 insertions(+), 39 deletions(-)
To github.com:tsy-del/tqqq.git
   7aec18c..5c061cc  main -> main
To github.com:tsy-del/tqqq.git
   7aec18c..5c061cc  main -> gh-pages
Fetching highest frequency prices (v4.1) from yfinance...
Update and push completed successfully.
/Users/tsy/Library/Python/3.9/lib/python/site-packages/urllib3/__init__.py:35: NotOpenSSLWarning: urllib3 v2 only supports OpenSSL 1.1.1+, currently the 'ssl' module is compiled with 'LibreSSL 2.8.3'. See: https://github.com/urllib3/urllib3/issues/3020
  warnings.warn(
From github.com:tsy-del/tqqq
 * branch            main       -> FETCH_HEAD
HEAD is now at 5c061cc v4.2: Auto Cloud Sync config at 2026-06-02 18:15:07
[main f831423] v4.2: Auto Cloud Sync config at 2026-06-02 18:30:07
 2 files changed, 43 insertions(+), 43 deletions(-)
To github.com:tsy-del/tqqq.git
   5c061cc..f831423  main -> main
To github.com:tsy-del/tqqq.git
   5c061cc..f831423  main -> gh-pages
Fetching highest frequency prices (v4.1) from yfinance...
Update and push completed successfully.
/Users/tsy/Library/Python/3.9/lib/python/site-packages/urllib3/__init__.py:35: NotOpenSSLWarning: urllib3 v2 only supports OpenSSL 1.1.1+, currently the 'ssl' module is compiled with 'LibreSSL 2.8.3'. See: https://github.com/urllib3/urllib3/issues/3020
  warnings.warn(
From github.com:tsy-del/tqqq
 * branch            main       -> FETCH_HEAD
HEAD is now at f831423 v4.2: Auto Cloud Sync config at 2026-06-02 18:30:07
[main 4bd04a8] v4.2: Auto Cloud Sync config at 2026-06-02 18:45:07
 2 files changed, 43 insertions(+), 43 deletions(-)
To github.com:tsy-del/tqqq.git
   f831423..4bd04a8  main -> main
To github.com:tsy-del/tqqq.git
   f831423..4bd04a8  main -> gh-pages
Fetching highest frequency prices (v4.1) from yfinance...
Update and push completed successfully.
/Users/tsy/Library/Python/3.9/lib/python/site-packages/urllib3/__init__.py:35: NotOpenSSLWarning: urllib3 v2 only supports OpenSSL 1.1.1+, currently the 'ssl' module is compiled with 'LibreSSL 2.8.3'. See: https://github.com/urllib3/urllib3/issues/3020
  warnings.warn(
From github.com:tsy-del/tqqq
 * branch            main       -> FETCH_HEAD
HEAD is now at 4bd04a8 v4.2: Auto Cloud Sync config at 2026-06-02 18:45:07
[main fcfea39] v4.2: Auto Cloud Sync config at 2026-06-02 19:00:08
 2 files changed, 41 insertions(+), 41 deletions(-)
To github.com:tsy-del/tqqq.git
   4bd04a8..fcfea39  main -> main
To github.com:tsy-del/tqqq.git
   4bd04a8..fcfea39  main -> gh-pages
Fetching highest frequency prices (v4.1) from yfinance...
Update and push completed successfully.
/Users/tsy/Library/Python/3.9/lib/python/site-packages/urllib3/__init__.py:35: NotOpenSSLWarning: urllib3 v2 only supports OpenSSL 1.1.1+, currently the 'ssl' module is compiled with 'LibreSSL 2.8.3'. See: https://github.com/urllib3/urllib3/issues/3020
  warnings.warn(
From github.com:tsy-del/tqqq
 * branch            main       -> FETCH_HEAD
HEAD is now at fcfea39 v4.2: Auto Cloud Sync config at 2026-06-02 19:00:08
[main f4b4519] v4.2: Auto Cloud Sync config at 2026-06-02 19:15:07
 2 files changed, 43 insertions(+), 43 deletions(-)
To github.com:tsy-del/tqqq.git
   fcfea39..f4b4519  main -> main
To github.com:tsy-del/tqqq.git
   fcfea39..f4b4519  main -> gh-pages
Fetching highest frequency prices (v4.1) from yfinance...
Update and push completed successfully.
/Users/tsy/Library/Python/3.9/lib/python/site-packages/urllib3/__init__.py:35: NotOpenSSLWarning: urllib3 v2 only supports OpenSSL 1.1.1+, currently the 'ssl' module is compiled with 'LibreSSL 2.8.3'. See: https://github.com/urllib3/urllib3/issues/3020
  warnings.warn(
From github.com:tsy-del/tqqq
 * branch            main       -> FETCH_HEAD
HEAD is now at f4b4519 v4.2: Auto Cloud Sync config at 2026-06-02 19:15:07
[main 62a895b] v4.2: Auto Cloud Sync config at 2026-06-02 19:30:08
 2 files changed, 39 insertions(+), 39 deletions(-)
To github.com:tsy-del/tqqq.git
   f4b4519..62a895b  main -> main
To github.com:tsy-del/tqqq.git
   f4b4519..62a895b  main -> gh-pages
Fetching highest frequency prices (v4.1) from yfinance...
Update and push completed successfully.
/Users/tsy/Library/Python/3.9/lib/python/site-packages/urllib3/__init__.py:35: NotOpenSSLWarning: urllib3 v2 only supports OpenSSL 1.1.1+, currently the 'ssl' module is compiled with 'LibreSSL 2.8.3'. See: https://github.com/urllib3/urllib3/issues/3020
  warnings.warn(
From github.com:tsy-del/tqqq
 * branch            main       -> FETCH_HEAD
HEAD is now at 62a895b v4.2: Auto Cloud Sync config at 2026-06-02 19:30:08
[main ec6455b] v4.2: Auto Cloud Sync config at 2026-06-02 19:45:06
 2 files changed, 41 insertions(+), 41 deletions(-)
To github.com:tsy-del/tqqq.git
   62a895b..ec6455b  main -> main
To github.com:tsy-del/tqqq.git
   62a895b..ec6455b  main -> gh-pages
Fetching highest frequency prices (v4.1) from yfinance...
Update and push completed successfully.
/Users/tsy/Library/Python/3.9/lib/python/site-packages/urllib3/__init__.py:35: NotOpenSSLWarning: urllib3 v2 only supports OpenSSL 1.1.1+, currently the 'ssl' module is compiled with 'LibreSSL 2.8.3'. See: https://github.com/urllib3/urllib3/issues/3020
  warnings.warn(
From github.com:tsy-del/tqqq
 * branch            main       -> FETCH_HEAD
HEAD is now at ec6455b v4.2: Auto Cloud Sync config at 2026-06-02 19:45:06
[main 6a3c2bd] v4.2: Auto Cloud Sync config at 2026-06-02 20:00:08
 2 files changed, 43 insertions(+), 43 deletions(-)
To github.com:tsy-del/tqqq.git
   ec6455b..6a3c2bd  main -> main
To github.com:tsy-del/tqqq.git
   ec6455b..6a3c2bd  main -> gh-pages
Fetching highest frequency prices (v4.1) from yfinance...
Update and push completed successfully.
/Users/tsy/Library/Python/3.9/lib/python/site-packages/urllib3/__init__.py:35: NotOpenSSLWarning: urllib3 v2 only supports OpenSSL 1.1.1+, currently the 'ssl' module is compiled with 'LibreSSL 2.8.3'. See: https://github.com/urllib3/urllib3/issues/3020
  warnings.warn(
From github.com:tsy-del/tqqq
 * branch            main       -> FETCH_HEAD
HEAD is now at 6a3c2bd v4.2: Auto Cloud Sync config at 2026-06-02 20:00:08
[main 86c00f5] v4.2: Auto Cloud Sync config at 2026-06-02 20:15:07
 2 files changed, 22 insertions(+), 22 deletions(-)
To github.com:tsy-del/tqqq.git
   6a3c2bd..86c00f5  main -> main
To github.com:tsy-del/tqqq.git
   6a3c2bd..86c00f5  main -> gh-pages
Fetching highest frequency prices (v4.1) from yfinance...
Update and push completed successfully.
/Users/tsy/Library/Python/3.9/lib/python/site-packages/urllib3/__init__.py:35: NotOpenSSLWarning: urllib3 v2 only supports OpenSSL 1.1.1+, currently the 'ssl' module is compiled with 'LibreSSL 2.8.3'. See: https://github.com/urllib3/urllib3/issues/3020
  warnings.warn(
From github.com:tsy-del/tqqq
 * branch            main       -> FETCH_HEAD
HEAD is now at 86c00f5 v4.2: Auto Cloud Sync config at 2026-06-02 20:15:07
[main 2b6f2e4] v4.2: Auto Cloud Sync config at 2026-06-02 20:30:07
 2 files changed, 43 insertions(+), 43 deletions(-)
To github.com:tsy-del/tqqq.git
   86c00f5..2b6f2e4  main -> main
To github.com:tsy-del/tqqq.git
   86c00f5..2b6f2e4  main -> gh-pages
Fetching highest frequency prices (v4.1) from yfinance...
Update and push completed successfully.
/Users/tsy/Library/Python/3.9/lib/python/site-packages/urllib3/__init__.py:35: NotOpenSSLWarning: urllib3 v2 only supports OpenSSL 1.1.1+, currently the 'ssl' module is compiled with 'LibreSSL 2.8.3'. See: https://github.com/urllib3/urllib3/issues/3020
  warnings.warn(
From github.com:tsy-del/tqqq
 * branch            main       -> FETCH_HEAD
HEAD is now at 2b6f2e4 v4.2: Auto Cloud Sync config at 2026-06-02 20:30:07
[main 41e86cb] v4.2: Auto Cloud Sync config at 2026-06-02 20:45:07
 2 files changed, 43 insertions(+), 43 deletions(-)
To github.com:tsy-del/tqqq.git
   2b6f2e4..41e86cb  main -> main
To github.com:tsy-del/tqqq.git
   2b6f2e4..41e86cb  main -> gh-pages
Fetching highest frequency prices (v4.1) from yfinance...
Update and push completed successfully.
/Users/tsy/Library/Python/3.9/lib/python/site-packages/urllib3/__init__.py:35: NotOpenSSLWarning: urllib3 v2 only supports OpenSSL 1.1.1+, currently the 'ssl' module is compiled with 'LibreSSL 2.8.3'. See: https://github.com/urllib3/urllib3/issues/3020
  warnings.warn(
From github.com:tsy-del/tqqq
 * branch            main       -> FETCH_HEAD
HEAD is now at 41e86cb v4.2: Auto Cloud Sync config at 2026-06-02 20:45:07
[main e73c44a] v4.2: Auto Cloud Sync config at 2026-06-02 21:00:08
 2 files changed, 43 insertions(+), 43 deletions(-)
To github.com:tsy-del/tqqq.git
   41e86cb..e73c44a  main -> main
To github.com:tsy-del/tqqq.git
   41e86cb..e73c44a  main -> gh-pages
Fetching highest frequency prices (v4.1) from yfinance...
Update and push completed successfully.
/Users/tsy/Library/Python/3.9/lib/python/site-packages/urllib3/__init__.py:35: NotOpenSSLWarning: urllib3 v2 only supports OpenSSL 1.1.1+, currently the 'ssl' module is compiled with 'LibreSSL 2.8.3'. See: https://github.com/urllib3/urllib3/issues/3020
  warnings.warn(
From github.com:tsy-del/tqqq
 * branch            main       -> FETCH_HEAD
HEAD is now at e73c44a v4.2: Auto Cloud Sync config at 2026-06-02 21:00:08
[main a9f7b92] v4.2: Auto Cloud Sync config at 2026-06-02 21:15:07
 2 files changed, 43 insertions(+), 43 deletions(-)
To github.com:tsy-del/tqqq.git
   e73c44a..a9f7b92  main -> main
To github.com:tsy-del/tqqq.git
   e73c44a..a9f7b92  main -> gh-pages
Fetching highest frequency prices (v4.1) from yfinance...
Update and push completed successfully.
/Users/tsy/Library/Python/3.9/lib/python/site-packages/urllib3/__init__.py:35: NotOpenSSLWarning: urllib3 v2 only supports OpenSSL 1.1.1+, currently the 'ssl' module is compiled with 'LibreSSL 2.8.3'. See: https://github.com/urllib3/urllib3/issues/3020
  warnings.warn(
From github.com:tsy-del/tqqq
 * branch            main       -> FETCH_HEAD
HEAD is now at a9f7b92 v4.2: Auto Cloud Sync config at 2026-06-02 21:15:07
[main 79816b1] v4.2: Auto Cloud Sync config at 2026-06-02 21:30:07
 2 files changed, 43 insertions(+), 43 deletions(-)
To github.com:tsy-del/tqqq.git
   a9f7b92..79816b1  main -> main
To github.com:tsy-del/tqqq.git
   a9f7b92..79816b1  main -> gh-pages
Fetching highest frequency prices (v4.1) from yfinance...
Update and push completed successfully.
/Users/tsy/Library/Python/3.9/lib/python/site-packages/urllib3/__init__.py:35: NotOpenSSLWarning: urllib3 v2 only supports OpenSSL 1.1.1+, currently the 'ssl' module is compiled with 'LibreSSL 2.8.3'. See: https://github.com/urllib3/urllib3/issues/3020
  warnings.warn(
From github.com:tsy-del/tqqq
 * branch            main       -> FETCH_HEAD
HEAD is now at 79816b1 v4.2: Auto Cloud Sync config at 2026-06-02 21:30:07
[main 7c6c337] v4.2: Auto Cloud Sync config at 2026-06-02 21:45:08
 2 files changed, 43 insertions(+), 43 deletions(-)
To github.com:tsy-del/tqqq.git
   79816b1..7c6c337  main -> main
To github.com:tsy-del/tqqq.git
   79816b1..7c6c337  main -> gh-pages
Fetching highest frequency prices (v4.1) from yfinance...
Update and push completed successfully.
/Users/tsy/Library/Python/3.9/lib/python/site-packages/urllib3/__init__.py:35: NotOpenSSLWarning: urllib3 v2 only supports OpenSSL 1.1.1+, currently the 'ssl' module is compiled with 'LibreSSL 2.8.3'. See: https://github.com/urllib3/urllib3/issues/3020
  warnings.warn(
From github.com:tsy-del/tqqq
 * branch            main       -> FETCH_HEAD
HEAD is now at 7c6c337 v4.2: Auto Cloud Sync config at 2026-06-02 21:45:08
[main ddcd44c] v4.2: Auto Cloud Sync config at 2026-06-02 22:00:08
 2 files changed, 43 insertions(+), 43 deletions(-)
To github.com:tsy-del/tqqq.git
   7c6c337..ddcd44c  main -> main
To github.com:tsy-del/tqqq.git
   7c6c337..ddcd44c  main -> gh-pages
Fetching highest frequency prices (v4.1) from yfinance...
Update and push completed successfully.
/Users/tsy/Library/Python/3.9/lib/python/site-packages/urllib3/__init__.py:35: NotOpenSSLWarning: urllib3 v2 only supports OpenSSL 1.1.1+, currently the 'ssl' module is compiled with 'LibreSSL 2.8.3'. See: https://github.com/urllib3/urllib3/issues/3020
  warnings.warn(
From github.com:tsy-del/tqqq
 * branch            main       -> FETCH_HEAD
HEAD is now at ddcd44c v4.2: Auto Cloud Sync config at 2026-06-02 22:00:08
[main 0b42c61] v4.2: Auto Cloud Sync config at 2026-06-02 22:15:07
 2 files changed, 43 insertions(+), 43 deletions(-)
To github.com:tsy-del/tqqq.git
   ddcd44c..0b42c61  main -> main
To github.com:tsy-del/tqqq.git
   ddcd44c..0b42c61  main -> gh-pages
Fetching highest frequency prices (v4.1) from yfinance...
Update and push completed successfully.
/Users/tsy/Library/Python/3.9/lib/python/site-packages/urllib3/__init__.py:35: NotOpenSSLWarning: urllib3 v2 only supports OpenSSL 1.1.1+, currently the 'ssl' module is compiled with 'LibreSSL 2.8.3'. See: https://github.com/urllib3/urllib3/issues/3020
  warnings.warn(
From github.com:tsy-del/tqqq
 * branch            main       -> FETCH_HEAD
HEAD is now at 0b42c61 v4.2: Auto Cloud Sync config at 2026-06-02 22:15:07
[main d0e43fa] v4.2: Auto Cloud Sync config at 2026-06-02 22:30:07
 2 files changed, 43 insertions(+), 43 deletions(-)
To github.com:tsy-del/tqqq.git
   0b42c61..d0e43fa  main -> main
To github.com:tsy-del/tqqq.git
   0b42c61..d0e43fa  main -> gh-pages
Fetching highest frequency prices (v4.1) from yfinance...
Update and push completed successfully.
/Users/tsy/Library/Python/3.9/lib/python/site-packages/urllib3/__init__.py:35: NotOpenSSLWarning: urllib3 v2 only supports OpenSSL 1.1.1+, currently the 'ssl' module is compiled with 'LibreSSL 2.8.3'. See: https://github.com/urllib3/urllib3/issues/3020
  warnings.warn(
From github.com:tsy-del/tqqq
 * branch            main       -> FETCH_HEAD
HEAD is now at d0e43fa v4.2: Auto Cloud Sync config at 2026-06-02 22:30:07
[main 9e52162] v4.2: Auto Cloud Sync config at 2026-06-02 22:45:06
 2 files changed, 43 insertions(+), 43 deletions(-)
To github.com:tsy-del/tqqq.git
   d0e43fa..9e52162  main -> main
To github.com:tsy-del/tqqq.git
   d0e43fa..9e52162  main -> gh-pages
Fetching highest frequency prices (v4.1) from yfinance...
Update and push completed successfully.
/Users/tsy/Library/Python/3.9/lib/python/site-packages/urllib3/__init__.py:35: NotOpenSSLWarning: urllib3 v2 only supports OpenSSL 1.1.1+, currently the 'ssl' module is compiled with 'LibreSSL 2.8.3'. See: https://github.com/urllib3/urllib3/issues/3020
  warnings.warn(
From github.com:tsy-del/tqqq
 * branch            main       -> FETCH_HEAD
HEAD is now at 9e52162 v4.2: Auto Cloud Sync config at 2026-06-02 22:45:06
[main 20bf3f1] v4.2: Auto Cloud Sync config at 2026-06-02 23:00:07
 2 files changed, 43 insertions(+), 43 deletions(-)
To github.com:tsy-del/tqqq.git
   9e52162..20bf3f1  main -> main
To github.com:tsy-del/tqqq.git
   9e52162..20bf3f1  main -> gh-pages
Fetching highest frequency prices (v4.1) from yfinance...
Update and push completed successfully.
/Users/tsy/Library/Python/3.9/lib/python/site-packages/urllib3/__init__.py:35: NotOpenSSLWarning: urllib3 v2 only supports OpenSSL 1.1.1+, currently the 'ssl' module is compiled with 'LibreSSL 2.8.3'. See: https://github.com/urllib3/urllib3/issues/3020
  warnings.warn(
From github.com:tsy-del/tqqq
 * branch            main       -> FETCH_HEAD
HEAD is now at 20bf3f1 v4.2: Auto Cloud Sync config at 2026-06-02 23:00:07
[main d43870b] v4.2: Auto Cloud Sync config at 2026-06-02 23:15:07
 2 files changed, 43 insertions(+), 43 deletions(-)
To github.com:tsy-del/tqqq.git
   20bf3f1..d43870b  main -> main
To github.com:tsy-del/tqqq.git
   20bf3f1..d43870b  main -> gh-pages
Fetching highest frequency prices (v4.1) from yfinance...
Update and push completed successfully.
/Users/tsy/Library/Python/3.9/lib/python/site-packages/urllib3/__init__.py:35: NotOpenSSLWarning: urllib3 v2 only supports OpenSSL 1.1.1+, currently the 'ssl' module is compiled with 'LibreSSL 2.8.3'. See: https://github.com/urllib3/urllib3/issues/3020
  warnings.warn(
From github.com:tsy-del/tqqq
 * branch            main       -> FETCH_HEAD
HEAD is now at d43870b v4.2: Auto Cloud Sync config at 2026-06-02 23:15:07
[main c813694] v4.2: Auto Cloud Sync config at 2026-06-02 23:30:07
 2 files changed, 41 insertions(+), 41 deletions(-)
To github.com:tsy-del/tqqq.git
   d43870b..c813694  main -> main
To github.com:tsy-del/tqqq.git
   d43870b..c813694  main -> gh-pages
Fetching highest frequency prices (v4.1) from yfinance...
Update and push completed successfully.
/Users/tsy/Library/Python/3.9/lib/python/site-packages/urllib3/__init__.py:35: NotOpenSSLWarning: urllib3 v2 only supports OpenSSL 1.1.1+, currently the 'ssl' module is compiled with 'LibreSSL 2.8.3'. See: https://github.com/urllib3/urllib3/issues/3020
  warnings.warn(
From github.com:tsy-del/tqqq
 * branch            main       -> FETCH_HEAD
HEAD is now at c813694 v4.2: Auto Cloud Sync config at 2026-06-02 23:30:07
[main a27d3a5] v4.2: Auto Cloud Sync config at 2026-06-02 23:45:07
 2 files changed, 38 insertions(+), 38 deletions(-)
To github.com:tsy-del/tqqq.git
   c813694..a27d3a5  main -> main
To github.com:tsy-del/tqqq.git
   c813694..a27d3a5  main -> gh-pages
Fetching highest frequency prices (v4.1) from yfinance...
Update and push completed successfully.
/Users/tsy/Library/Python/3.9/lib/python/site-packages/urllib3/__init__.py:35: NotOpenSSLWarning: urllib3 v2 only supports OpenSSL 1.1.1+, currently the 'ssl' module is compiled with 'LibreSSL 2.8.3'. See: https://github.com/urllib3/urllib3/issues/3020
  warnings.warn(
From github.com:tsy-del/tqqq
 * branch            main       -> FETCH_HEAD
HEAD is now at a27d3a5 v4.2: Auto Cloud Sync config at 2026-06-02 23:45:07
[main 0253851] v4.2: Auto Cloud Sync config at 2026-06-03 00:00:07
 2 files changed, 43 insertions(+), 43 deletions(-)
To github.com:tsy-del/tqqq.git
   a27d3a5..0253851  main -> main
To github.com:tsy-del/tqqq.git
   a27d3a5..0253851  main -> gh-pages
Fetching highest frequency prices (v4.1) from yfinance...
Update and push completed successfully.
/Users/tsy/Library/Python/3.9/lib/python/site-packages/urllib3/__init__.py:35: NotOpenSSLWarning: urllib3 v2 only supports OpenSSL 1.1.1+, currently the 'ssl' module is compiled with 'LibreSSL 2.8.3'. See: https://github.com/urllib3/urllib3/issues/3020
  warnings.warn(
From github.com:tsy-del/tqqq
 * branch            main       -> FETCH_HEAD
HEAD is now at 0253851 v4.2: Auto Cloud Sync config at 2026-06-03 00:00:07
[main 83afed4] v4.2: Auto Cloud Sync config at 2026-06-03 00:15:07
 2 files changed, 39 insertions(+), 39 deletions(-)
To github.com:tsy-del/tqqq.git
   0253851..83afed4  main -> main
To github.com:tsy-del/tqqq.git
   0253851..83afed4  main -> gh-pages
Fetching highest frequency prices (v4.1) from yfinance...
Update and push completed successfully.
/Users/tsy/Library/Python/3.9/lib/python/site-packages/urllib3/__init__.py:35: NotOpenSSLWarning: urllib3 v2 only supports OpenSSL 1.1.1+, currently the 'ssl' module is compiled with 'LibreSSL 2.8.3'. See: https://github.com/urllib3/urllib3/issues/3020
  warnings.warn(
From github.com:tsy-del/tqqq
 * branch            main       -> FETCH_HEAD
HEAD is now at 83afed4 v4.2: Auto Cloud Sync config at 2026-06-03 00:15:07
[main d68973e] v4.2: Auto Cloud Sync config at 2026-06-03 00:30:07
 2 files changed, 43 insertions(+), 43 deletions(-)
To github.com:tsy-del/tqqq.git
   83afed4..d68973e  main -> main
To github.com:tsy-del/tqqq.git
   83afed4..d68973e  main -> gh-pages
Fetching highest frequency prices (v4.1) from yfinance...
Update and push completed successfully.
/Users/tsy/Library/Python/3.9/lib/python/site-packages/urllib3/__init__.py:35: NotOpenSSLWarning: urllib3 v2 only supports OpenSSL 1.1.1+, currently the 'ssl' module is compiled with 'LibreSSL 2.8.3'. See: https://github.com/urllib3/urllib3/issues/3020
  warnings.warn(
From github.com:tsy-del/tqqq
 * branch            main       -> FETCH_HEAD
HEAD is now at d68973e v4.2: Auto Cloud Sync config at 2026-06-03 00:30:07
[main a15b8d3] v4.2: Auto Cloud Sync config at 2026-06-03 00:45:07
 2 files changed, 42 insertions(+), 42 deletions(-)
To github.com:tsy-del/tqqq.git
   d68973e..a15b8d3  main -> main
To github.com:tsy-del/tqqq.git
   d68973e..a15b8d3  main -> gh-pages
Fetching highest frequency prices (v4.1) from yfinance...
Update and push completed successfully.
/Users/tsy/Library/Python/3.9/lib/python/site-packages/urllib3/__init__.py:35: NotOpenSSLWarning: urllib3 v2 only supports OpenSSL 1.1.1+, currently the 'ssl' module is compiled with 'LibreSSL 2.8.3'. See: https://github.com/urllib3/urllib3/issues/3020
  warnings.warn(
From github.com:tsy-del/tqqq
 * branch            main       -> FETCH_HEAD
HEAD is now at a15b8d3 v4.2: Auto Cloud Sync config at 2026-06-03 00:45:07
[main ca91f40] v4.2: Auto Cloud Sync config at 2026-06-03 01:00:07
 2 files changed, 43 insertions(+), 43 deletions(-)
To github.com:tsy-del/tqqq.git
   a15b8d3..ca91f40  main -> main
To github.com:tsy-del/tqqq.git
   a15b8d3..ca91f40  main -> gh-pages
Fetching highest frequency prices (v4.1) from yfinance...
Update and push completed successfully.
/Users/tsy/Library/Python/3.9/lib/python/site-packages/urllib3/__init__.py:35: NotOpenSSLWarning: urllib3 v2 only supports OpenSSL 1.1.1+, currently the 'ssl' module is compiled with 'LibreSSL 2.8.3'. See: https://github.com/urllib3/urllib3/issues/3020
  warnings.warn(
From github.com:tsy-del/tqqq
 * branch            main       -> FETCH_HEAD
HEAD is now at ca91f40 v4.2: Auto Cloud Sync config at 2026-06-03 01:00:07
[main 1748b52] v4.2: Auto Cloud Sync config at 2026-06-03 01:15:07
 2 files changed, 43 insertions(+), 43 deletions(-)
To github.com:tsy-del/tqqq.git
   ca91f40..1748b52  main -> main
To github.com:tsy-del/tqqq.git
   ca91f40..1748b52  main -> gh-pages
Fetching highest frequency prices (v4.1) from yfinance...
Update and push completed successfully.
/Users/tsy/Library/Python/3.9/lib/python/site-packages/urllib3/__init__.py:35: NotOpenSSLWarning: urllib3 v2 only supports OpenSSL 1.1.1+, currently the 'ssl' module is compiled with 'LibreSSL 2.8.3'. See: https://github.com/urllib3/urllib3/issues/3020
  warnings.warn(
From github.com:tsy-del/tqqq
 * branch            main       -> FETCH_HEAD
HEAD is now at 1748b52 v4.2: Auto Cloud Sync config at 2026-06-03 01:15:07
[main a6a6d5d] v4.2: Auto Cloud Sync config at 2026-06-03 01:30:06
 2 files changed, 43 insertions(+), 43 deletions(-)
To github.com:tsy-del/tqqq.git
   1748b52..a6a6d5d  main -> main
To github.com:tsy-del/tqqq.git
   1748b52..a6a6d5d  main -> gh-pages
Fetching highest frequency prices (v4.1) from yfinance...
Update and push completed successfully.
/Users/tsy/Library/Python/3.9/lib/python/site-packages/urllib3/__init__.py:35: NotOpenSSLWarning: urllib3 v2 only supports OpenSSL 1.1.1+, currently the 'ssl' module is compiled with 'LibreSSL 2.8.3'. See: https://github.com/urllib3/urllib3/issues/3020
  warnings.warn(
From github.com:tsy-del/tqqq
 * branch            main       -> FETCH_HEAD
HEAD is now at a6a6d5d v4.2: Auto Cloud Sync config at 2026-06-03 01:30:06
[main b41a5a6] v4.2: Auto Cloud Sync config at 2026-06-03 01:45:07
 2 files changed, 42 insertions(+), 42 deletions(-)
To github.com:tsy-del/tqqq.git
   a6a6d5d..b41a5a6  main -> main
To github.com:tsy-del/tqqq.git
   a6a6d5d..b41a5a6  main -> gh-pages
Fetching highest frequency prices (v4.1) from yfinance...
Update and push completed successfully.
/Users/tsy/Library/Python/3.9/lib/python/site-packages/urllib3/__init__.py:35: NotOpenSSLWarning: urllib3 v2 only supports OpenSSL 1.1.1+, currently the 'ssl' module is compiled with 'LibreSSL 2.8.3'. See: https://github.com/urllib3/urllib3/issues/3020
  warnings.warn(
From github.com:tsy-del/tqqq
 * branch            main       -> FETCH_HEAD
HEAD is now at b41a5a6 v4.2: Auto Cloud Sync config at 2026-06-03 01:45:07
[main 86d1c51] v4.2: Auto Cloud Sync config at 2026-06-03 02:00:07
 2 files changed, 43 insertions(+), 43 deletions(-)
To github.com:tsy-del/tqqq.git
   b41a5a6..86d1c51  main -> main
To github.com:tsy-del/tqqq.git
   b41a5a6..86d1c51  main -> gh-pages
Fetching highest frequency prices (v4.1) from yfinance...
Update and push completed successfully.
/Users/tsy/Library/Python/3.9/lib/python/site-packages/urllib3/__init__.py:35: NotOpenSSLWarning: urllib3 v2 only supports OpenSSL 1.1.1+, currently the 'ssl' module is compiled with 'LibreSSL 2.8.3'. See: https://github.com/urllib3/urllib3/issues/3020
  warnings.warn(
From github.com:tsy-del/tqqq
 * branch            main       -> FETCH_HEAD
HEAD is now at 86d1c51 v4.2: Auto Cloud Sync config at 2026-06-03 02:00:07
[main 3b4fc90] v4.2: Auto Cloud Sync config at 2026-06-03 02:15:07
 2 files changed, 43 insertions(+), 43 deletions(-)
To github.com:tsy-del/tqqq.git
   86d1c51..3b4fc90  main -> main
To github.com:tsy-del/tqqq.git
   86d1c51..3b4fc90  main -> gh-pages
Fetching highest frequency prices (v4.1) from yfinance...
Update and push completed successfully.
/Users/tsy/Library/Python/3.9/lib/python/site-packages/urllib3/__init__.py:35: NotOpenSSLWarning: urllib3 v2 only supports OpenSSL 1.1.1+, currently the 'ssl' module is compiled with 'LibreSSL 2.8.3'. See: https://github.com/urllib3/urllib3/issues/3020
  warnings.warn(
From github.com:tsy-del/tqqq
 * branch            main       -> FETCH_HEAD
HEAD is now at 3b4fc90 v4.2: Auto Cloud Sync config at 2026-06-03 02:15:07
[main 16d0419] v4.2: Auto Cloud Sync config at 2026-06-03 02:30:07
 2 files changed, 43 insertions(+), 43 deletions(-)
To github.com:tsy-del/tqqq.git
   3b4fc90..16d0419  main -> main
To github.com:tsy-del/tqqq.git
   3b4fc90..16d0419  main -> gh-pages
Fetching highest frequency prices (v4.1) from yfinance...
Update and push completed successfully.
/Users/tsy/Library/Python/3.9/lib/python/site-packages/urllib3/__init__.py:35: NotOpenSSLWarning: urllib3 v2 only supports OpenSSL 1.1.1+, currently the 'ssl' module is compiled with 'LibreSSL 2.8.3'. See: https://github.com/urllib3/urllib3/issues/3020
  warnings.warn(
From github.com:tsy-del/tqqq
 * branch            main       -> FETCH_HEAD
HEAD is now at 16d0419 v4.2: Auto Cloud Sync config at 2026-06-03 02:30:07
[main c1976e4] v4.2: Auto Cloud Sync config at 2026-06-03 02:45:07
 2 files changed, 43 insertions(+), 43 deletions(-)
To github.com:tsy-del/tqqq.git
   16d0419..c1976e4  main -> main
To github.com:tsy-del/tqqq.git
   16d0419..c1976e4  main -> gh-pages
Fetching highest frequency prices (v4.1) from yfinance...
Update and push completed successfully.
/Users/tsy/Library/Python/3.9/lib/python/site-packages/urllib3/__init__.py:35: NotOpenSSLWarning: urllib3 v2 only supports OpenSSL 1.1.1+, currently the 'ssl' module is compiled with 'LibreSSL 2.8.3'. See: https://github.com/urllib3/urllib3/issues/3020
  warnings.warn(
From github.com:tsy-del/tqqq
 * branch            main       -> FETCH_HEAD
HEAD is now at c1976e4 v4.2: Auto Cloud Sync config at 2026-06-03 02:45:07
[main 39420c7] v4.2: Auto Cloud Sync config at 2026-06-03 03:00:08
 2 files changed, 43 insertions(+), 43 deletions(-)
To github.com:tsy-del/tqqq.git
   c1976e4..39420c7  main -> main
To github.com:tsy-del/tqqq.git
   c1976e4..39420c7  main -> gh-pages
Fetching highest frequency prices (v4.1) from yfinance...
Update and push completed successfully.
/Users/tsy/Library/Python/3.9/lib/python/site-packages/urllib3/__init__.py:35: NotOpenSSLWarning: urllib3 v2 only supports OpenSSL 1.1.1+, currently the 'ssl' module is compiled with 'LibreSSL 2.8.3'. See: https://github.com/urllib3/urllib3/issues/3020
  warnings.warn(
From github.com:tsy-del/tqqq
 * branch            main       -> FETCH_HEAD
HEAD is now at 39420c7 v4.2: Auto Cloud Sync config at 2026-06-03 03:00:08
[main b1aa483] v4.2: Auto Cloud Sync config at 2026-06-03 03:15:07
 2 files changed, 43 insertions(+), 43 deletions(-)
To github.com:tsy-del/tqqq.git
   39420c7..b1aa483  main -> main
To github.com:tsy-del/tqqq.git
   39420c7..b1aa483  main -> gh-pages
Fetching highest frequency prices (v4.1) from yfinance...
Update and push completed successfully.
/Users/tsy/Library/Python/3.9/lib/python/site-packages/urllib3/__init__.py:35: NotOpenSSLWarning: urllib3 v2 only supports OpenSSL 1.1.1+, currently the 'ssl' module is compiled with 'LibreSSL 2.8.3'. See: https://github.com/urllib3/urllib3/issues/3020
  warnings.warn(
From github.com:tsy-del/tqqq
 * branch            main       -> FETCH_HEAD
HEAD is now at b1aa483 v4.2: Auto Cloud Sync config at 2026-06-03 03:15:07
[main 4b2ff56] v4.2: Auto Cloud Sync config at 2026-06-03 03:30:07
 2 files changed, 42 insertions(+), 42 deletions(-)
To github.com:tsy-del/tqqq.git
   b1aa483..4b2ff56  main -> main
To github.com:tsy-del/tqqq.git
   b1aa483..4b2ff56  main -> gh-pages
Fetching highest frequency prices (v4.1) from yfinance...
Update and push completed successfully.
/Users/tsy/Library/Python/3.9/lib/python/site-packages/urllib3/__init__.py:35: NotOpenSSLWarning: urllib3 v2 only supports OpenSSL 1.1.1+, currently the 'ssl' module is compiled with 'LibreSSL 2.8.3'. See: https://github.com/urllib3/urllib3/issues/3020
  warnings.warn(
From github.com:tsy-del/tqqq
 * branch            main       -> FETCH_HEAD
HEAD is now at 4b2ff56 v4.2: Auto Cloud Sync config at 2026-06-03 03:30:07
[main f92db2e] v4.2: Auto Cloud Sync config at 2026-06-03 03:45:07
 2 files changed, 43 insertions(+), 43 deletions(-)
To github.com:tsy-del/tqqq.git
   4b2ff56..f92db2e  main -> main
To github.com:tsy-del/tqqq.git
   4b2ff56..f92db2e  main -> gh-pages
Fetching highest frequency prices (v4.1) from yfinance...
Update and push completed successfully.
/Users/tsy/Library/Python/3.9/lib/python/site-packages/urllib3/__init__.py:35: NotOpenSSLWarning: urllib3 v2 only supports OpenSSL 1.1.1+, currently the 'ssl' module is compiled with 'LibreSSL 2.8.3'. See: https://github.com/urllib3/urllib3/issues/3020
  warnings.warn(
From github.com:tsy-del/tqqq
 * branch            main       -> FETCH_HEAD
HEAD is now at f92db2e v4.2: Auto Cloud Sync config at 2026-06-03 03:45:07
[main fa722de] v4.2: Auto Cloud Sync config at 2026-06-03 04:00:07
 2 files changed, 43 insertions(+), 43 deletions(-)
To github.com:tsy-del/tqqq.git
   f92db2e..fa722de  main -> main
To github.com:tsy-del/tqqq.git
   f92db2e..fa722de  main -> gh-pages
Fetching highest frequency prices (v4.1) from yfinance...
Update and push completed successfully.
/Users/tsy/Library/Python/3.9/lib/python/site-packages/urllib3/__init__.py:35: NotOpenSSLWarning: urllib3 v2 only supports OpenSSL 1.1.1+, currently the 'ssl' module is compiled with 'LibreSSL 2.8.3'. See: https://github.com/urllib3/urllib3/issues/3020
  warnings.warn(
From github.com:tsy-del/tqqq
 * branch            main       -> FETCH_HEAD
HEAD is now at fa722de v4.2: Auto Cloud Sync config at 2026-06-03 04:00:07
[main 629f952] v4.2: Auto Cloud Sync config at 2026-06-03 04:15:07
 2 files changed, 43 insertions(+), 43 deletions(-)
To github.com:tsy-del/tqqq.git
   fa722de..629f952  main -> main
To github.com:tsy-del/tqqq.git
   fa722de..629f952  main -> gh-pages
Fetching highest frequency prices (v4.1) from yfinance...
Update and push completed successfully.
/Users/tsy/Library/Python/3.9/lib/python/site-packages/urllib3/__init__.py:35: NotOpenSSLWarning: urllib3 v2 only supports OpenSSL 1.1.1+, currently the 'ssl' module is compiled with 'LibreSSL 2.8.3'. See: https://github.com/urllib3/urllib3/issues/3020
  warnings.warn(
From github.com:tsy-del/tqqq
 * branch            main       -> FETCH_HEAD
HEAD is now at 629f952 v4.2: Auto Cloud Sync config at 2026-06-03 04:15:07
[main a24adb3] v4.2: Auto Cloud Sync config at 2026-06-03 04:30:07
 2 files changed, 41 insertions(+), 41 deletions(-)
To github.com:tsy-del/tqqq.git
   629f952..a24adb3  main -> main
To github.com:tsy-del/tqqq.git
   629f952..a24adb3  main -> gh-pages
Fetching highest frequency prices (v4.1) from yfinance...
Update and push completed successfully.
/Users/tsy/Library/Python/3.9/lib/python/site-packages/urllib3/__init__.py:35: NotOpenSSLWarning: urllib3 v2 only supports OpenSSL 1.1.1+, currently the 'ssl' module is compiled with 'LibreSSL 2.8.3'. See: https://github.com/urllib3/urllib3/issues/3020
  warnings.warn(
From github.com:tsy-del/tqqq
 * branch            main       -> FETCH_HEAD
HEAD is now at a24adb3 v4.2: Auto Cloud Sync config at 2026-06-03 04:30:07
[main bd2f06d] v4.2: Auto Cloud Sync config at 2026-06-03 04:45:06
 2 files changed, 40 insertions(+), 40 deletions(-)
To github.com:tsy-del/tqqq.git
   a24adb3..bd2f06d  main -> main
To github.com:tsy-del/tqqq.git
   a24adb3..bd2f06d  main -> gh-pages
Fetching highest frequency prices (v4.1) from yfinance...
Update and push completed successfully.
/Users/tsy/Library/Python/3.9/lib/python/site-packages/urllib3/__init__.py:35: NotOpenSSLWarning: urllib3 v2 only supports OpenSSL 1.1.1+, currently the 'ssl' module is compiled with 'LibreSSL 2.8.3'. See: https://github.com/urllib3/urllib3/issues/3020
  warnings.warn(
From github.com:tsy-del/tqqq
 * branch            main       -> FETCH_HEAD
HEAD is now at bd2f06d v4.2: Auto Cloud Sync config at 2026-06-03 04:45:06
[main 2f5273a] v4.2: Auto Cloud Sync config at 2026-06-03 05:00:08
 2 files changed, 41 insertions(+), 41 deletions(-)
To github.com:tsy-del/tqqq.git
   bd2f06d..2f5273a  main -> main
To github.com:tsy-del/tqqq.git
   bd2f06d..2f5273a  main -> gh-pages
Fetching highest frequency prices (v4.1) from yfinance...
Update and push completed successfully.
/Users/tsy/Library/Python/3.9/lib/python/site-packages/urllib3/__init__.py:35: NotOpenSSLWarning: urllib3 v2 only supports OpenSSL 1.1.1+, currently the 'ssl' module is compiled with 'LibreSSL 2.8.3'. See: https://github.com/urllib3/urllib3/issues/3020
  warnings.warn(
From github.com:tsy-del/tqqq
 * branch            main       -> FETCH_HEAD
HEAD is now at 2f5273a v4.2: Auto Cloud Sync config at 2026-06-03 05:00:08
[main ef1ee3a] v4.2: Auto Cloud Sync config at 2026-06-03 05:15:07
 2 files changed, 43 insertions(+), 43 deletions(-)
To github.com:tsy-del/tqqq.git
   2f5273a..ef1ee3a  main -> main
To github.com:tsy-del/tqqq.git
   2f5273a..ef1ee3a  main -> gh-pages
Fetching highest frequency prices (v4.1) from yfinance...
Update and push completed successfully.
/Users/tsy/Library/Python/3.9/lib/python/site-packages/urllib3/__init__.py:35: NotOpenSSLWarning: urllib3 v2 only supports OpenSSL 1.1.1+, currently the 'ssl' module is compiled with 'LibreSSL 2.8.3'. See: https://github.com/urllib3/urllib3/issues/3020
  warnings.warn(
From github.com:tsy-del/tqqq
 * branch            main       -> FETCH_HEAD
HEAD is now at ef1ee3a v4.2: Auto Cloud Sync config at 2026-06-03 05:15:07
[main dcc9c77] v4.2: Auto Cloud Sync config at 2026-06-03 05:30:07
 2 files changed, 40 insertions(+), 40 deletions(-)
To github.com:tsy-del/tqqq.git
   ef1ee3a..dcc9c77  main -> main
To github.com:tsy-del/tqqq.git
   ef1ee3a..dcc9c77  main -> gh-pages
Fetching highest frequency prices (v4.1) from yfinance...
Update and push completed successfully.
/Users/tsy/Library/Python/3.9/lib/python/site-packages/urllib3/__init__.py:35: NotOpenSSLWarning: urllib3 v2 only supports OpenSSL 1.1.1+, currently the 'ssl' module is compiled with 'LibreSSL 2.8.3'. See: https://github.com/urllib3/urllib3/issues/3020
  warnings.warn(
From github.com:tsy-del/tqqq
 * branch            main       -> FETCH_HEAD
HEAD is now at dcc9c77 v4.2: Auto Cloud Sync config at 2026-06-03 05:30:07
[main a1b391f] v4.2: Auto Cloud Sync config at 2026-06-03 05:45:07
 2 files changed, 41 insertions(+), 41 deletions(-)
To github.com:tsy-del/tqqq.git
   dcc9c77..a1b391f  main -> main
To github.com:tsy-del/tqqq.git
   dcc9c77..a1b391f  main -> gh-pages
Fetching highest frequency prices (v4.1) from yfinance...
Update and push completed successfully.
/Users/tsy/Library/Python/3.9/lib/python/site-packages/urllib3/__init__.py:35: NotOpenSSLWarning: urllib3 v2 only supports OpenSSL 1.1.1+, currently the 'ssl' module is compiled with 'LibreSSL 2.8.3'. See: https://github.com/urllib3/urllib3/issues/3020
  warnings.warn(
From github.com:tsy-del/tqqq
 * branch            main       -> FETCH_HEAD
HEAD is now at a1b391f v4.2: Auto Cloud Sync config at 2026-06-03 05:45:07
[main fde1c06] v4.2: Auto Cloud Sync config at 2026-06-03 06:00:07
 2 files changed, 41 insertions(+), 41 deletions(-)
To github.com:tsy-del/tqqq.git
   a1b391f..fde1c06  main -> main
To github.com:tsy-del/tqqq.git
   a1b391f..fde1c06  main -> gh-pages
Fetching highest frequency prices (v4.1) from yfinance...
Update and push completed successfully.
/Users/tsy/Library/Python/3.9/lib/python/site-packages/urllib3/__init__.py:35: NotOpenSSLWarning: urllib3 v2 only supports OpenSSL 1.1.1+, currently the 'ssl' module is compiled with 'LibreSSL 2.8.3'. See: https://github.com/urllib3/urllib3/issues/3020
  warnings.warn(
From github.com:tsy-del/tqqq
 * branch            main       -> FETCH_HEAD
HEAD is now at fde1c06 v4.2: Auto Cloud Sync config at 2026-06-03 06:00:07
[main 894a27b] v4.2: Auto Cloud Sync config at 2026-06-03 06:15:07
 2 files changed, 41 insertions(+), 41 deletions(-)
To github.com:tsy-del/tqqq.git
   fde1c06..894a27b  main -> main
To github.com:tsy-del/tqqq.git
   fde1c06..894a27b  main -> gh-pages
Fetching highest frequency prices (v4.1) from yfinance...
Update and push completed successfully.
/Users/tsy/Library/Python/3.9/lib/python/site-packages/urllib3/__init__.py:35: NotOpenSSLWarning: urllib3 v2 only supports OpenSSL 1.1.1+, currently the 'ssl' module is compiled with 'LibreSSL 2.8.3'. See: https://github.com/urllib3/urllib3/issues/3020
  warnings.warn(
From github.com:tsy-del/tqqq
 * branch            main       -> FETCH_HEAD
HEAD is now at 894a27b v4.2: Auto Cloud Sync config at 2026-06-03 06:15:07
[main f632864] v4.2: Auto Cloud Sync config at 2026-06-03 06:30:08
 2 files changed, 43 insertions(+), 43 deletions(-)
To github.com:tsy-del/tqqq.git
   894a27b..f632864  main -> main
To github.com:tsy-del/tqqq.git
   894a27b..f632864  main -> gh-pages
Fetching highest frequency prices (v4.1) from yfinance...
Update and push completed successfully.
/Users/tsy/Library/Python/3.9/lib/python/site-packages/urllib3/__init__.py:35: NotOpenSSLWarning: urllib3 v2 only supports OpenSSL 1.1.1+, currently the 'ssl' module is compiled with 'LibreSSL 2.8.3'. See: https://github.com/urllib3/urllib3/issues/3020
  warnings.warn(
From github.com:tsy-del/tqqq
 * branch            main       -> FETCH_HEAD
HEAD is now at f632864 v4.2: Auto Cloud Sync config at 2026-06-03 06:30:08
[main 4912883] v4.2: Auto Cloud Sync config at 2026-06-03 06:45:07
 2 files changed, 22 insertions(+), 22 deletions(-)
To github.com:tsy-del/tqqq.git
   f632864..4912883  main -> main
To github.com:tsy-del/tqqq.git
   f632864..4912883  main -> gh-pages
Fetching highest frequency prices (v4.1) from yfinance...
Update and push completed successfully.
/Users/tsy/Library/Python/3.9/lib/python/site-packages/urllib3/__init__.py:35: NotOpenSSLWarning: urllib3 v2 only supports OpenSSL 1.1.1+, currently the 'ssl' module is compiled with 'LibreSSL 2.8.3'. See: https://github.com/urllib3/urllib3/issues/3020
  warnings.warn(
From github.com:tsy-del/tqqq
 * branch            main       -> FETCH_HEAD
HEAD is now at 4912883 v4.2: Auto Cloud Sync config at 2026-06-03 06:45:07
[main 5f134cd] v4.2: Auto Cloud Sync config at 2026-06-03 07:00:07
 2 files changed, 43 insertions(+), 43 deletions(-)
To github.com:tsy-del/tqqq.git
   4912883..5f134cd  main -> main
To github.com:tsy-del/tqqq.git
   4912883..5f134cd  main -> gh-pages
Fetching highest frequency prices (v4.1) from yfinance...
Update and push completed successfully.
/Users/tsy/Library/Python/3.9/lib/python/site-packages/urllib3/__init__.py:35: NotOpenSSLWarning: urllib3 v2 only supports OpenSSL 1.1.1+, currently the 'ssl' module is compiled with 'LibreSSL 2.8.3'. See: https://github.com/urllib3/urllib3/issues/3020
  warnings.warn(
From github.com:tsy-del/tqqq
 * branch            main       -> FETCH_HEAD
HEAD is now at 5f134cd v4.2: Auto Cloud Sync config at 2026-06-03 07:00:07
[main c811398] v4.2: Auto Cloud Sync config at 2026-06-03 07:15:07
 2 files changed, 43 insertions(+), 43 deletions(-)
To github.com:tsy-del/tqqq.git
   5f134cd..c811398  main -> main
To github.com:tsy-del/tqqq.git
   5f134cd..c811398  main -> gh-pages
Fetching highest frequency prices (v4.1) from yfinance...
Update and push completed successfully.
/Users/tsy/Library/Python/3.9/lib/python/site-packages/urllib3/__init__.py:35: NotOpenSSLWarning: urllib3 v2 only supports OpenSSL 1.1.1+, currently the 'ssl' module is compiled with 'LibreSSL 2.8.3'. See: https://github.com/urllib3/urllib3/issues/3020
  warnings.warn(
From github.com:tsy-del/tqqq
 * branch            main       -> FETCH_HEAD
HEAD is now at c811398 v4.2: Auto Cloud Sync config at 2026-06-03 07:15:07
[main 31896b9] v4.2: Auto Cloud Sync config at 2026-06-03 07:30:07
 2 files changed, 43 insertions(+), 43 deletions(-)
To github.com:tsy-del/tqqq.git
   c811398..31896b9  main -> main
To github.com:tsy-del/tqqq.git
   c811398..31896b9  main -> gh-pages
Fetching highest frequency prices (v4.1) from yfinance...
Update and push completed successfully.
/Users/tsy/Library/Python/3.9/lib/python/site-packages/urllib3/__init__.py:35: NotOpenSSLWarning: urllib3 v2 only supports OpenSSL 1.1.1+, currently the 'ssl' module is compiled with 'LibreSSL 2.8.3'. See: https://github.com/urllib3/urllib3/issues/3020
  warnings.warn(
From github.com:tsy-del/tqqq
 * branch            main       -> FETCH_HEAD
HEAD is now at 31896b9 v4.2: Auto Cloud Sync config at 2026-06-03 07:30:07
[main 9a04cee] v4.2: Auto Cloud Sync config at 2026-06-03 07:45:07
 2 files changed, 43 insertions(+), 43 deletions(-)
To github.com:tsy-del/tqqq.git
   31896b9..9a04cee  main -> main
To github.com:tsy-del/tqqq.git
   31896b9..9a04cee  main -> gh-pages
Fetching highest frequency prices (v4.1) from yfinance...
Update and push completed successfully.
/Users/tsy/Library/Python/3.9/lib/python/site-packages/urllib3/__init__.py:35: NotOpenSSLWarning: urllib3 v2 only supports OpenSSL 1.1.1+, currently the 'ssl' module is compiled with 'LibreSSL 2.8.3'. See: https://github.com/urllib3/urllib3/issues/3020
  warnings.warn(
From github.com:tsy-del/tqqq
 * branch            main       -> FETCH_HEAD
HEAD is now at 9a04cee v4.2: Auto Cloud Sync config at 2026-06-03 07:45:07
[main a78bcb7] v4.2: Auto Cloud Sync config at 2026-06-03 08:00:07
 2 files changed, 43 insertions(+), 43 deletions(-)
To github.com:tsy-del/tqqq.git
   9a04cee..a78bcb7  main -> main
To github.com:tsy-del/tqqq.git
   9a04cee..a78bcb7  main -> gh-pages
Fetching highest frequency prices (v4.1) from yfinance...
Update and push completed successfully.
/Users/tsy/Library/Python/3.9/lib/python/site-packages/urllib3/__init__.py:35: NotOpenSSLWarning: urllib3 v2 only supports OpenSSL 1.1.1+, currently the 'ssl' module is compiled with 'LibreSSL 2.8.3'. See: https://github.com/urllib3/urllib3/issues/3020
  warnings.warn(
From github.com:tsy-del/tqqq
 * branch            main       -> FETCH_HEAD
HEAD is now at a78bcb7 v4.2: Auto Cloud Sync config at 2026-06-03 08:00:07
Fetching highest frequency prices (v4.1) from yfinance...
Prices unchanged (TQQQ: 87.2, SOXL: 270.69). Skipping Git push to save history.
/Users/tsy/Library/Python/3.9/lib/python/site-packages/urllib3/__init__.py:35: NotOpenSSLWarning: urllib3 v2 only supports OpenSSL 1.1.1+, currently the 'ssl' module is compiled with 'LibreSSL 2.8.3'. See: https://github.com/urllib3/urllib3/issues/3020
  warnings.warn(
From github.com:tsy-del/tqqq
 * branch            main       -> FETCH_HEAD
HEAD is now at a78bcb7 v4.2: Auto Cloud Sync config at 2026-06-03 08:00:07
Fetching highest frequency prices (v4.1) from yfinance...
Prices unchanged (TQQQ: 87.2, SOXL: 270.69). Skipping Git push to save history.
/Users/tsy/Library/Python/3.9/lib/python/site-packages/urllib3/__init__.py:35: NotOpenSSLWarning: urllib3 v2 only supports OpenSSL 1.1.1+, currently the 'ssl' module is compiled with 'LibreSSL 2.8.3'. See: https://github.com/urllib3/urllib3/issues/3020
  warnings.warn(
From github.com:tsy-del/tqqq
 * branch            main       -> FETCH_HEAD
HEAD is now at a78bcb7 v4.2: Auto Cloud Sync config at 2026-06-03 08:00:07
Fetching highest frequency prices (v4.1) from yfinance...
Prices unchanged (TQQQ: 87.2, SOXL: 270.69). Skipping Git push to save history.
/Users/tsy/Library/Python/3.9/lib/python/site-packages/urllib3/__init__.py:35: NotOpenSSLWarning: urllib3 v2 only supports OpenSSL 1.1.1+, currently the 'ssl' module is compiled with 'LibreSSL 2.8.3'. See: https://github.com/urllib3/urllib3/issues/3020
  warnings.warn(
From github.com:tsy-del/tqqq
 * branch            main       -> FETCH_HEAD
HEAD is now at a78bcb7 v4.2: Auto Cloud Sync config at 2026-06-03 08:00:07
Fetching highest frequency prices (v4.1) from yfinance...
Prices unchanged (TQQQ: 87.2, SOXL: 270.69). Skipping Git push to save history.
/Users/tsy/Library/Python/3.9/lib/python/site-packages/urllib3/__init__.py:35: NotOpenSSLWarning: urllib3 v2 only supports OpenSSL 1.1.1+, currently the 'ssl' module is compiled with 'LibreSSL 2.8.3'. See: https://github.com/urllib3/urllib3/issues/3020
  warnings.warn(
From github.com:tsy-del/tqqq
 * branch            main       -> FETCH_HEAD
HEAD is now at a78bcb7 v4.2: Auto Cloud Sync config at 2026-06-03 08:00:07
Fetching highest frequency prices (v4.1) from yfinance...
Prices unchanged (TQQQ: 87.2, SOXL: 270.69). Skipping Git push to save history.
/Users/tsy/Library/Python/3.9/lib/python/site-packages/urllib3/__init__.py:35: NotOpenSSLWarning: urllib3 v2 only supports OpenSSL 1.1.1+, currently the 'ssl' module is compiled with 'LibreSSL 2.8.3'. See: https://github.com/urllib3/urllib3/issues/3020
  warnings.warn(
From github.com:tsy-del/tqqq
 * branch            main       -> FETCH_HEAD
HEAD is now at a78bcb7 v4.2: Auto Cloud Sync config at 2026-06-03 08:00:07
Fetching highest frequency prices (v4.1) from yfinance...
Prices unchanged (TQQQ: 87.2, SOXL: 270.69). Skipping Git push to save history.
/Users/tsy/Library/Python/3.9/lib/python/site-packages/urllib3/__init__.py:35: NotOpenSSLWarning: urllib3 v2 only supports OpenSSL 1.1.1+, currently the 'ssl' module is compiled with 'LibreSSL 2.8.3'. See: https://github.com/urllib3/urllib3/issues/3020
  warnings.warn(
From github.com:tsy-del/tqqq
 * branch            main       -> FETCH_HEAD
HEAD is now at a78bcb7 v4.2: Auto Cloud Sync config at 2026-06-03 08:00:07
Fetching highest frequency prices (v4.1) from yfinance...
Prices unchanged (TQQQ: 87.2, SOXL: 270.69). Skipping Git push to save history.
/Users/tsy/Library/Python/3.9/lib/python/site-packages/urllib3/__init__.py:35: NotOpenSSLWarning: urllib3 v2 only supports OpenSSL 1.1.1+, currently the 'ssl' module is compiled with 'LibreSSL 2.8.3'. See: https://github.com/urllib3/urllib3/issues/3020
  warnings.warn(
From github.com:tsy-del/tqqq
 * branch            main       -> FETCH_HEAD
HEAD is now at a78bcb7 v4.2: Auto Cloud Sync config at 2026-06-03 08:00:07
Fetching highest frequency prices (v4.1) from yfinance...
Prices unchanged (TQQQ: 87.2, SOXL: 270.69). Skipping Git push to save history.
/Users/tsy/Library/Python/3.9/lib/python/site-packages/urllib3/__init__.py:35: NotOpenSSLWarning: urllib3 v2 only supports OpenSSL 1.1.1+, currently the 'ssl' module is compiled with 'LibreSSL 2.8.3'. See: https://github.com/urllib3/urllib3/issues/3020
  warnings.warn(
From github.com:tsy-del/tqqq
 * branch            main       -> FETCH_HEAD
HEAD is now at a78bcb7 v4.2: Auto Cloud Sync config at 2026-06-03 08:00:07
Fetching highest frequency prices (v4.1) from yfinance...
Prices unchanged (TQQQ: 87.2, SOXL: 270.69). Skipping Git push to save history.
/Users/tsy/Library/Python/3.9/lib/python/site-packages/urllib3/__init__.py:35: NotOpenSSLWarning: urllib3 v2 only supports OpenSSL 1.1.1+, currently the 'ssl' module is compiled with 'LibreSSL 2.8.3'. See: https://github.com/urllib3/urllib3/issues/3020
  warnings.warn(
From github.com:tsy-del/tqqq
 * branch            main       -> FETCH_HEAD
HEAD is now at a78bcb7 v4.2: Auto Cloud Sync config at 2026-06-03 08:00:07
Fetching highest frequency prices (v4.1) from yfinance...
Prices unchanged (TQQQ: 87.2, SOXL: 270.69). Skipping Git push to save history.
/Users/tsy/Library/Python/3.9/lib/python/site-packages/urllib3/__init__.py:35: NotOpenSSLWarning: urllib3 v2 only supports OpenSSL 1.1.1+, currently the 'ssl' module is compiled with 'LibreSSL 2.8.3'. See: https://github.com/urllib3/urllib3/issues/3020
  warnings.warn(
From github.com:tsy-del/tqqq
 * branch            main       -> FETCH_HEAD
HEAD is now at d83ad60 v4.3: Update version label and UI text
Fetching highest frequency prices (v4.1) from yfinance...
Prices unchanged (TQQQ: 87.2, SOXL: 270.69). Skipping Git push to save history.
/Users/tsy/Library/Python/3.9/lib/python/site-packages/urllib3/__init__.py:35: NotOpenSSLWarning: urllib3 v2 only supports OpenSSL 1.1.1+, currently the 'ssl' module is compiled with 'LibreSSL 2.8.3'. See: https://github.com/urllib3/urllib3/issues/3020
  warnings.warn(
From github.com:tsy-del/tqqq
 * branch            main       -> FETCH_HEAD
HEAD is now at c3c716c Fix + sign in index.html manually
Fetching highest frequency prices (v4.1) from yfinance...
Prices unchanged (TQQQ: 87.2, SOXL: 270.69). Skipping Git push to save history.
/Users/tsy/Library/Python/3.9/lib/python/site-packages/urllib3/__init__.py:35: NotOpenSSLWarning: urllib3 v2 only supports OpenSSL 1.1.1+, currently the 'ssl' module is compiled with 'LibreSSL 2.8.3'. See: https://github.com/urllib3/urllib3/issues/3020
  warnings.warn(
From github.com:tsy-del/tqqq
 * branch            main       -> FETCH_HEAD
HEAD is now at c3c716c Fix + sign in index.html manually
Fetching highest frequency prices (v4.1) from yfinance...
Prices unchanged (TQQQ: 87.2, SOXL: 270.69). Skipping Git push to save history.
/Users/tsy/Library/Python/3.9/lib/python/site-packages/urllib3/__init__.py:35: NotOpenSSLWarning: urllib3 v2 only supports OpenSSL 1.1.1+, currently the 'ssl' module is compiled with 'LibreSSL 2.8.3'. See: https://github.com/urllib3/urllib3/issues/3020
  warnings.warn(
From github.com:tsy-del/tqqq
 * branch            main       -> FETCH_HEAD
HEAD is now at c3c716c Fix + sign in index.html manually
Fetching highest frequency prices (v4.1) from yfinance...
Prices unchanged (TQQQ: 87.2, SOXL: 270.69). Skipping Git push to save history.
/Users/tsy/Library/Python/3.9/lib/python/site-packages/urllib3/__init__.py:35: NotOpenSSLWarning: urllib3 v2 only supports OpenSSL 1.1.1+, currently the 'ssl' module is compiled with 'LibreSSL 2.8.3'. See: https://github.com/urllib3/urllib3/issues/3020
  warnings.warn(
From github.com:tsy-del/tqqq
 * branch            main       -> FETCH_HEAD
HEAD is now at c3c716c Fix + sign in index.html manually
Fetching highest frequency prices (v4.1) from yfinance...
Prices unchanged (TQQQ: 87.2, SOXL: 270.69). Skipping Git push to save history.
/Users/tsy/Library/Python/3.9/lib/python/site-packages/urllib3/__init__.py:35: NotOpenSSLWarning: urllib3 v2 only supports OpenSSL 1.1.1+, currently the 'ssl' module is compiled with 'LibreSSL 2.8.3'. See: https://github.com/urllib3/urllib3/issues/3020
  warnings.warn(
From github.com:tsy-del/tqqq
 * branch            main       -> FETCH_HEAD
HEAD is now at c3c716c Fix + sign in index.html manually
Fetching highest frequency prices (v4.1) from yfinance...
Prices unchanged (TQQQ: 87.2, SOXL: 270.69). Skipping Git push to save history.
/Users/tsy/Library/Python/3.9/lib/python/site-packages/urllib3/__init__.py:35: NotOpenSSLWarning: urllib3 v2 only supports OpenSSL 1.1.1+, currently the 'ssl' module is compiled with 'LibreSSL 2.8.3'. See: https://github.com/urllib3/urllib3/issues/3020
  warnings.warn(
From github.com:tsy-del/tqqq
 * branch            main       -> FETCH_HEAD
HEAD is now at c3c716c Fix + sign in index.html manually
Fetching highest frequency prices (v4.1) from yfinance...
Prices unchanged (TQQQ: 87.2, SOXL: 270.69). Skipping Git push to save history.
/Users/tsy/Library/Python/3.9/lib/python/site-packages/urllib3/__init__.py:35: NotOpenSSLWarning: urllib3 v2 only supports OpenSSL 1.1.1+, currently the 'ssl' module is compiled with 'LibreSSL 2.8.3'. See: https://github.com/urllib3/urllib3/issues/3020
  warnings.warn(
From github.com:tsy-del/tqqq
 * branch            main       -> FETCH_HEAD
HEAD is now at c3c716c Fix + sign in index.html manually
Fetching highest frequency prices (v4.1) from yfinance...
Prices unchanged (TQQQ: 87.2, SOXL: 270.69). Skipping Git push to save history.
/Users/tsy/Library/Python/3.9/lib/python/site-packages/urllib3/__init__.py:35: NotOpenSSLWarning: urllib3 v2 only supports OpenSSL 1.1.1+, currently the 'ssl' module is compiled with 'LibreSSL 2.8.3'. See: https://github.com/urllib3/urllib3/issues/3020
  warnings.warn(
From github.com:tsy-del/tqqq
 * branch            main       -> FETCH_HEAD
HEAD is now at c3c716c Fix + sign in index.html manually
Fetching highest frequency prices (v4.1) from yfinance...
Prices unchanged (TQQQ: 87.2, SOXL: 270.69). Skipping Git push to save history.
/Users/tsy/Library/Python/3.9/lib/python/site-packages/urllib3/__init__.py:35: NotOpenSSLWarning: urllib3 v2 only supports OpenSSL 1.1.1+, currently the 'ssl' module is compiled with 'LibreSSL 2.8.3'. See: https://github.com/urllib3/urllib3/issues/3020
  warnings.warn(
From github.com:tsy-del/tqqq
 * branch            main       -> FETCH_HEAD
HEAD is now at c3c716c Fix + sign in index.html manually
Fetching highest frequency prices (v4.1) from yfinance...
Prices unchanged (TQQQ: 87.2, SOXL: 270.69). Skipping Git push to save history.
/Users/tsy/Library/Python/3.9/lib/python/site-packages/urllib3/__init__.py:35: NotOpenSSLWarning: urllib3 v2 only supports OpenSSL 1.1.1+, currently the 'ssl' module is compiled with 'LibreSSL 2.8.3'. See: https://github.com/urllib3/urllib3/issues/3020
  warnings.warn(
From github.com:tsy-del/tqqq
 * branch            main       -> FETCH_HEAD
HEAD is now at c3c716c Fix + sign in index.html manually
Fetching highest frequency prices (v4.1) from yfinance...
Prices unchanged (TQQQ: 87.2, SOXL: 270.69). Skipping Git push to save history.
/Users/tsy/Library/Python/3.9/lib/python/site-packages/urllib3/__init__.py:35: NotOpenSSLWarning: urllib3 v2 only supports OpenSSL 1.1.1+, currently the 'ssl' module is compiled with 'LibreSSL 2.8.3'. See: https://github.com/urllib3/urllib3/issues/3020
  warnings.warn(
From github.com:tsy-del/tqqq
 * branch            main       -> FETCH_HEAD
HEAD is now at c3c716c Fix + sign in index.html manually
Fetching highest frequency prices (v4.1) from yfinance...
Prices unchanged (TQQQ: 87.2, SOXL: 270.69). Skipping Git push to save history.
/Users/tsy/Library/Python/3.9/lib/python/site-packages/urllib3/__init__.py:35: NotOpenSSLWarning: urllib3 v2 only supports OpenSSL 1.1.1+, currently the 'ssl' module is compiled with 'LibreSSL 2.8.3'. See: https://github.com/urllib3/urllib3/issues/3020
  warnings.warn(
From github.com:tsy-del/tqqq
 * branch            main       -> FETCH_HEAD
HEAD is now at c3c716c Fix + sign in index.html manually
Fetching highest frequency prices (v4.1) from yfinance...
Prices unchanged (TQQQ: 87.2, SOXL: 270.69). Skipping Git push to save history.
/Users/tsy/Library/Python/3.9/lib/python/site-packages/urllib3/__init__.py:35: NotOpenSSLWarning: urllib3 v2 only supports OpenSSL 1.1.1+, currently the 'ssl' module is compiled with 'LibreSSL 2.8.3'. See: https://github.com/urllib3/urllib3/issues/3020
  warnings.warn(
From github.com:tsy-del/tqqq
 * branch            main       -> FETCH_HEAD
HEAD is now at c3c716c Fix + sign in index.html manually
Fetching highest frequency prices (v4.1) from yfinance...
Prices unchanged (TQQQ: 87.2, SOXL: 270.69). Skipping Git push to save history.
/Users/tsy/Library/Python/3.9/lib/python/site-packages/urllib3/__init__.py:35: NotOpenSSLWarning: urllib3 v2 only supports OpenSSL 1.1.1+, currently the 'ssl' module is compiled with 'LibreSSL 2.8.3'. See: https://github.com/urllib3/urllib3/issues/3020
  warnings.warn(
From github.com:tsy-del/tqqq
 * branch            main       -> FETCH_HEAD
HEAD is now at c3c716c Fix + sign in index.html manually
Fetching highest frequency prices (v4.1) from yfinance...
Prices unchanged (TQQQ: 87.2, SOXL: 270.69). Skipping Git push to save history.
/Users/tsy/Library/Python/3.9/lib/python/site-packages/urllib3/__init__.py:35: NotOpenSSLWarning: urllib3 v2 only supports OpenSSL 1.1.1+, currently the 'ssl' module is compiled with 'LibreSSL 2.8.3'. See: https://github.com/urllib3/urllib3/issues/3020
  warnings.warn(
From github.com:tsy-del/tqqq
 * branch            main       -> FETCH_HEAD
HEAD is now at c3c716c Fix + sign in index.html manually
Fetching highest frequency prices (v4.1) from yfinance...
Prices unchanged (TQQQ: 87.2, SOXL: 270.69). Skipping Git push to save history.
/Users/tsy/Library/Python/3.9/lib/python/site-packages/urllib3/__init__.py:35: NotOpenSSLWarning: urllib3 v2 only supports OpenSSL 1.1.1+, currently the 'ssl' module is compiled with 'LibreSSL 2.8.3'. See: https://github.com/urllib3/urllib3/issues/3020
  warnings.warn(
From github.com:tsy-del/tqqq
 * branch            main       -> FETCH_HEAD
HEAD is now at c3c716c Fix + sign in index.html manually
Fetching highest frequency prices (v4.1) from yfinance...
Prices unchanged (TQQQ: 87.2, SOXL: 270.69). Skipping Git push to save history.
/Users/tsy/Library/Python/3.9/lib/python/site-packages/urllib3/__init__.py:35: NotOpenSSLWarning: urllib3 v2 only supports OpenSSL 1.1.1+, currently the 'ssl' module is compiled with 'LibreSSL 2.8.3'. See: https://github.com/urllib3/urllib3/issues/3020
  warnings.warn(
From github.com:tsy-del/tqqq
 * branch            main       -> FETCH_HEAD
HEAD is now at c3c716c Fix + sign in index.html manually
Fetching highest frequency prices (v4.1) from yfinance...
Prices unchanged (TQQQ: 87.2, SOXL: 270.69). Skipping Git push to save history.
/Users/tsy/Library/Python/3.9/lib/python/site-packages/urllib3/__init__.py:35: NotOpenSSLWarning: urllib3 v2 only supports OpenSSL 1.1.1+, currently the 'ssl' module is compiled with 'LibreSSL 2.8.3'. See: https://github.com/urllib3/urllib3/issues/3020
  warnings.warn(
From github.com:tsy-del/tqqq
 * branch            main       -> FETCH_HEAD
HEAD is now at c3c716c Fix + sign in index.html manually
Fetching highest frequency prices (v4.1) from yfinance...
Prices unchanged (TQQQ: 87.2, SOXL: 270.69). Skipping Git push to save history.
/Users/tsy/Library/Python/3.9/lib/python/site-packages/urllib3/__init__.py:35: NotOpenSSLWarning: urllib3 v2 only supports OpenSSL 1.1.1+, currently the 'ssl' module is compiled with 'LibreSSL 2.8.3'. See: https://github.com/urllib3/urllib3/issues/3020
  warnings.warn(
From github.com:tsy-del/tqqq
 * branch            main       -> FETCH_HEAD
HEAD is now at c3c716c Fix + sign in index.html manually
Fetching highest frequency prices (v4.1) from yfinance...
Prices unchanged (TQQQ: 87.2, SOXL: 270.69). Skipping Git push to save history.
/Users/tsy/Library/Python/3.9/lib/python/site-packages/urllib3/__init__.py:35: NotOpenSSLWarning: urllib3 v2 only supports OpenSSL 1.1.1+, currently the 'ssl' module is compiled with 'LibreSSL 2.8.3'. See: https://github.com/urllib3/urllib3/issues/3020
  warnings.warn(
From github.com:tsy-del/tqqq
 * branch            main       -> FETCH_HEAD
HEAD is now at c3c716c Fix + sign in index.html manually
Fetching highest frequency prices (v4.1) from yfinance...
Prices unchanged (TQQQ: 87.2, SOXL: 270.69). Skipping Git push to save history.
/Users/tsy/Library/Python/3.9/lib/python/site-packages/urllib3/__init__.py:35: NotOpenSSLWarning: urllib3 v2 only supports OpenSSL 1.1.1+, currently the 'ssl' module is compiled with 'LibreSSL 2.8.3'. See: https://github.com/urllib3/urllib3/issues/3020
  warnings.warn(
From github.com:tsy-del/tqqq
 * branch            main       -> FETCH_HEAD
HEAD is now at c3c716c Fix + sign in index.html manually
[main d22352b] v4.3: Auto Cloud Sync config at 2026-06-03 16:00:06
 2 files changed, 43 insertions(+), 43 deletions(-)
To github.com:tsy-del/tqqq.git
   c3c716c..d22352b  main -> main
To github.com:tsy-del/tqqq.git
   c3c716c..d22352b  main -> gh-pages
Fetching highest frequency prices (v4.1) from yfinance...
Update and push completed successfully.
/Users/tsy/Library/Python/3.9/lib/python/site-packages/urllib3/__init__.py:35: NotOpenSSLWarning: urllib3 v2 only supports OpenSSL 1.1.1+, currently the 'ssl' module is compiled with 'LibreSSL 2.8.3'. See: https://github.com/urllib3/urllib3/issues/3020
  warnings.warn(
From github.com:tsy-del/tqqq
 * branch            main       -> FETCH_HEAD
HEAD is now at d22352b v4.3: Auto Cloud Sync config at 2026-06-03 16:00:06
[main 3d0ba12] v4.3: Auto Cloud Sync config at 2026-06-03 16:15:07
 2 files changed, 42 insertions(+), 42 deletions(-)
To github.com:tsy-del/tqqq.git
   d22352b..3d0ba12  main -> main
To github.com:tsy-del/tqqq.git
   d22352b..3d0ba12  main -> gh-pages
Fetching highest frequency prices (v4.1) from yfinance...
Update and push completed successfully.
/Users/tsy/Library/Python/3.9/lib/python/site-packages/urllib3/__init__.py:35: NotOpenSSLWarning: urllib3 v2 only supports OpenSSL 1.1.1+, currently the 'ssl' module is compiled with 'LibreSSL 2.8.3'. See: https://github.com/urllib3/urllib3/issues/3020
  warnings.warn(
From github.com:tsy-del/tqqq
 * branch            main       -> FETCH_HEAD
HEAD is now at 3d0ba12 v4.3: Auto Cloud Sync config at 2026-06-03 16:15:07
[main d6d719e] v4.3: Auto Cloud Sync config at 2026-06-03 16:30:07
 2 files changed, 39 insertions(+), 39 deletions(-)
To github.com:tsy-del/tqqq.git
   3d0ba12..d6d719e  main -> main
To github.com:tsy-del/tqqq.git
   3d0ba12..d6d719e  main -> gh-pages
Fetching highest frequency prices (v4.1) from yfinance...
Update and push completed successfully.
/Users/tsy/Library/Python/3.9/lib/python/site-packages/urllib3/__init__.py:35: NotOpenSSLWarning: urllib3 v2 only supports OpenSSL 1.1.1+, currently the 'ssl' module is compiled with 'LibreSSL 2.8.3'. See: https://github.com/urllib3/urllib3/issues/3020
  warnings.warn(
From github.com:tsy-del/tqqq
 * branch            main       -> FETCH_HEAD
HEAD is now at d6d719e v4.3: Auto Cloud Sync config at 2026-06-03 16:30:07
[main 0274914] v4.3: Auto Cloud Sync config at 2026-06-03 16:45:08
 2 files changed, 43 insertions(+), 43 deletions(-)
To github.com:tsy-del/tqqq.git
   d6d719e..0274914  main -> main
To github.com:tsy-del/tqqq.git
   d6d719e..0274914  main -> gh-pages
Fetching highest frequency prices (v4.1) from yfinance...
Update and push completed successfully.
/Users/tsy/Library/Python/3.9/lib/python/site-packages/urllib3/__init__.py:35: NotOpenSSLWarning: urllib3 v2 only supports OpenSSL 1.1.1+, currently the 'ssl' module is compiled with 'LibreSSL 2.8.3'. See: https://github.com/urllib3/urllib3/issues/3020
  warnings.warn(
From github.com:tsy-del/tqqq
 * branch            main       -> FETCH_HEAD
HEAD is now at 0274914 v4.3: Auto Cloud Sync config at 2026-06-03 16:45:08
[main 36153bb] v4.3: Auto Cloud Sync config at 2026-06-03 17:00:07
 2 files changed, 38 insertions(+), 38 deletions(-)
To github.com:tsy-del/tqqq.git
   0274914..36153bb  main -> main
To github.com:tsy-del/tqqq.git
   0274914..36153bb  main -> gh-pages
Fetching highest frequency prices (v4.1) from yfinance...
Update and push completed successfully.
/Users/tsy/Library/Python/3.9/lib/python/site-packages/urllib3/__init__.py:35: NotOpenSSLWarning: urllib3 v2 only supports OpenSSL 1.1.1+, currently the 'ssl' module is compiled with 'LibreSSL 2.8.3'. See: https://github.com/urllib3/urllib3/issues/3020
  warnings.warn(
From github.com:tsy-del/tqqq
 * branch            main       -> FETCH_HEAD
HEAD is now at 36153bb v4.3: Auto Cloud Sync config at 2026-06-03 17:00:07
[main 02e533e] v4.3: Auto Cloud Sync config at 2026-06-03 17:15:09
 2 files changed, 43 insertions(+), 43 deletions(-)
To github.com:tsy-del/tqqq.git
   36153bb..02e533e  main -> main
To github.com:tsy-del/tqqq.git
   36153bb..02e533e  main -> gh-pages
Fetching highest frequency prices (v4.1) from yfinance...
Update and push completed successfully.
/Users/tsy/Library/Python/3.9/lib/python/site-packages/urllib3/__init__.py:35: NotOpenSSLWarning: urllib3 v2 only supports OpenSSL 1.1.1+, currently the 'ssl' module is compiled with 'LibreSSL 2.8.3'. See: https://github.com/urllib3/urllib3/issues/3020
  warnings.warn(
From github.com:tsy-del/tqqq
 * branch            main       -> FETCH_HEAD
HEAD is now at 02e533e v4.3: Auto Cloud Sync config at 2026-06-03 17:15:09
[main d008306] v4.3: Auto Cloud Sync config at 2026-06-03 17:30:07
 2 files changed, 43 insertions(+), 43 deletions(-)
To github.com:tsy-del/tqqq.git
   02e533e..d008306  main -> main
To github.com:tsy-del/tqqq.git
   02e533e..d008306  main -> gh-pages
Fetching highest frequency prices (v4.1) from yfinance...
Update and push completed successfully.
/Users/tsy/Library/Python/3.9/lib/python/site-packages/urllib3/__init__.py:35: NotOpenSSLWarning: urllib3 v2 only supports OpenSSL 1.1.1+, currently the 'ssl' module is compiled with 'LibreSSL 2.8.3'. See: https://github.com/urllib3/urllib3/issues/3020
  warnings.warn(
From github.com:tsy-del/tqqq
 * branch            main       -> FETCH_HEAD
HEAD is now at d008306 v4.3: Auto Cloud Sync config at 2026-06-03 17:30:07
[main 3bf1219] v4.3: Auto Cloud Sync config at 2026-06-03 17:45:07
 2 files changed, 42 insertions(+), 42 deletions(-)
To github.com:tsy-del/tqqq.git
   d008306..3bf1219  main -> main
To github.com:tsy-del/tqqq.git
   d008306..3bf1219  main -> gh-pages
Fetching highest frequency prices (v4.1) from yfinance...
Update and push completed successfully.
/Users/tsy/Library/Python/3.9/lib/python/site-packages/urllib3/__init__.py:35: NotOpenSSLWarning: urllib3 v2 only supports OpenSSL 1.1.1+, currently the 'ssl' module is compiled with 'LibreSSL 2.8.3'. See: https://github.com/urllib3/urllib3/issues/3020
  warnings.warn(
From github.com:tsy-del/tqqq
 * branch            main       -> FETCH_HEAD
HEAD is now at 3bf1219 v4.3: Auto Cloud Sync config at 2026-06-03 17:45:07
[main 4bd4e44] v4.3: Auto Cloud Sync config at 2026-06-03 18:00:08
 2 files changed, 43 insertions(+), 43 deletions(-)
To github.com:tsy-del/tqqq.git
   3bf1219..4bd4e44  main -> main
To github.com:tsy-del/tqqq.git
   3bf1219..4bd4e44  main -> gh-pages
Fetching highest frequency prices (v4.1) from yfinance...
Update and push completed successfully.
/Users/tsy/Library/Python/3.9/lib/python/site-packages/urllib3/__init__.py:35: NotOpenSSLWarning: urllib3 v2 only supports OpenSSL 1.1.1+, currently the 'ssl' module is compiled with 'LibreSSL 2.8.3'. See: https://github.com/urllib3/urllib3/issues/3020
  warnings.warn(
From github.com:tsy-del/tqqq
 * branch            main       -> FETCH_HEAD
HEAD is now at 4bd4e44 v4.3: Auto Cloud Sync config at 2026-06-03 18:00:08
[main 3d46454] v4.3: Auto Cloud Sync config at 2026-06-03 18:15:07
 2 files changed, 43 insertions(+), 43 deletions(-)
To github.com:tsy-del/tqqq.git
   4bd4e44..3d46454  main -> main
To github.com:tsy-del/tqqq.git
   4bd4e44..3d46454  main -> gh-pages
Fetching highest frequency prices (v4.1) from yfinance...
Update and push completed successfully.
/Users/tsy/Library/Python/3.9/lib/python/site-packages/urllib3/__init__.py:35: NotOpenSSLWarning: urllib3 v2 only supports OpenSSL 1.1.1+, currently the 'ssl' module is compiled with 'LibreSSL 2.8.3'. See: https://github.com/urllib3/urllib3/issues/3020
  warnings.warn(
From github.com:tsy-del/tqqq
 * branch            main       -> FETCH_HEAD
HEAD is now at 3d46454 v4.3: Auto Cloud Sync config at 2026-06-03 18:15:07
[main 4e87083] v4.3: Auto Cloud Sync config at 2026-06-03 18:30:07
 2 files changed, 43 insertions(+), 43 deletions(-)
To github.com:tsy-del/tqqq.git
   3d46454..4e87083  main -> main
To github.com:tsy-del/tqqq.git
   3d46454..4e87083  main -> gh-pages
Fetching highest frequency prices (v4.1) from yfinance...
Update and push completed successfully.
/Users/tsy/Library/Python/3.9/lib/python/site-packages/urllib3/__init__.py:35: NotOpenSSLWarning: urllib3 v2 only supports OpenSSL 1.1.1+, currently the 'ssl' module is compiled with 'LibreSSL 2.8.3'. See: https://github.com/urllib3/urllib3/issues/3020
  warnings.warn(
From github.com:tsy-del/tqqq
 * branch            main       -> FETCH_HEAD
HEAD is now at 4e87083 v4.3: Auto Cloud Sync config at 2026-06-03 18:30:07
[main 0d9cce8] v4.3: Auto Cloud Sync config at 2026-06-03 18:45:07
 2 files changed, 43 insertions(+), 43 deletions(-)
To github.com:tsy-del/tqqq.git
   4e87083..0d9cce8  main -> main
To github.com:tsy-del/tqqq.git
   4e87083..0d9cce8  main -> gh-pages
Fetching highest frequency prices (v4.1) from yfinance...
Update and push completed successfully.
/Users/tsy/Library/Python/3.9/lib/python/site-packages/urllib3/__init__.py:35: NotOpenSSLWarning: urllib3 v2 only supports OpenSSL 1.1.1+, currently the 'ssl' module is compiled with 'LibreSSL 2.8.3'. See: https://github.com/urllib3/urllib3/issues/3020
  warnings.warn(
From github.com:tsy-del/tqqq
 * branch            main       -> FETCH_HEAD
HEAD is now at 0d9cce8 v4.3: Auto Cloud Sync config at 2026-06-03 18:45:07
[main 065e315] v4.3: Auto Cloud Sync config at 2026-06-03 19:00:07
 2 files changed, 43 insertions(+), 43 deletions(-)
To github.com:tsy-del/tqqq.git
   0d9cce8..065e315  main -> main
To github.com:tsy-del/tqqq.git
   0d9cce8..065e315  main -> gh-pages
Fetching highest frequency prices (v4.1) from yfinance...
Update and push completed successfully.
/Users/tsy/Library/Python/3.9/lib/python/site-packages/urllib3/__init__.py:35: NotOpenSSLWarning: urllib3 v2 only supports OpenSSL 1.1.1+, currently the 'ssl' module is compiled with 'LibreSSL 2.8.3'. See: https://github.com/urllib3/urllib3/issues/3020
  warnings.warn(
From github.com:tsy-del/tqqq
 * branch            main       -> FETCH_HEAD
HEAD is now at 065e315 v4.3: Auto Cloud Sync config at 2026-06-03 19:00:07
[main fad9a99] v4.3: Auto Cloud Sync config at 2026-06-03 19:15:07
 2 files changed, 43 insertions(+), 43 deletions(-)
To github.com:tsy-del/tqqq.git
   065e315..fad9a99  main -> main
To github.com:tsy-del/tqqq.git
   065e315..fad9a99  main -> gh-pages
Fetching highest frequency prices (v4.1) from yfinance...
Update and push completed successfully.
/Users/tsy/Library/Python/3.9/lib/python/site-packages/urllib3/__init__.py:35: NotOpenSSLWarning: urllib3 v2 only supports OpenSSL 1.1.1+, currently the 'ssl' module is compiled with 'LibreSSL 2.8.3'. See: https://github.com/urllib3/urllib3/issues/3020
  warnings.warn(
From github.com:tsy-del/tqqq
 * branch            main       -> FETCH_HEAD
HEAD is now at fad9a99 v4.3: Auto Cloud Sync config at 2026-06-03 19:15:07
[main f3b4fd8] v4.3: Auto Cloud Sync config at 2026-06-03 19:30:07
 2 files changed, 41 insertions(+), 41 deletions(-)
To github.com:tsy-del/tqqq.git
   fad9a99..f3b4fd8  main -> main
To github.com:tsy-del/tqqq.git
   fad9a99..f3b4fd8  main -> gh-pages
Fetching highest frequency prices (v4.1) from yfinance...
Update and push completed successfully.
/Users/tsy/Library/Python/3.9/lib/python/site-packages/urllib3/__init__.py:35: NotOpenSSLWarning: urllib3 v2 only supports OpenSSL 1.1.1+, currently the 'ssl' module is compiled with 'LibreSSL 2.8.3'. See: https://github.com/urllib3/urllib3/issues/3020
  warnings.warn(
From github.com:tsy-del/tqqq
 * branch            main       -> FETCH_HEAD
HEAD is now at f3b4fd8 v4.3: Auto Cloud Sync config at 2026-06-03 19:30:07
[main bc852cc] v4.3: Auto Cloud Sync config at 2026-06-03 19:45:07
 2 files changed, 42 insertions(+), 42 deletions(-)
To github.com:tsy-del/tqqq.git
   f3b4fd8..bc852cc  main -> main
To github.com:tsy-del/tqqq.git
   f3b4fd8..bc852cc  main -> gh-pages
Fetching highest frequency prices (v4.1) from yfinance...
Update and push completed successfully.
/Users/tsy/Library/Python/3.9/lib/python/site-packages/urllib3/__init__.py:35: NotOpenSSLWarning: urllib3 v2 only supports OpenSSL 1.1.1+, currently the 'ssl' module is compiled with 'LibreSSL 2.8.3'. See: https://github.com/urllib3/urllib3/issues/3020
  warnings.warn(
From github.com:tsy-del/tqqq
 * branch            main       -> FETCH_HEAD
HEAD is now at bc852cc v4.3: Auto Cloud Sync config at 2026-06-03 19:45:07
[main dd4bbdd] v4.3: Auto Cloud Sync config at 2026-06-03 20:00:07
 2 files changed, 42 insertions(+), 42 deletions(-)
To github.com:tsy-del/tqqq.git
   bc852cc..dd4bbdd  main -> main
To github.com:tsy-del/tqqq.git
   bc852cc..dd4bbdd  main -> gh-pages
Fetching highest frequency prices (v4.1) from yfinance...
Update and push completed successfully.
/Users/tsy/Library/Python/3.9/lib/python/site-packages/urllib3/__init__.py:35: NotOpenSSLWarning: urllib3 v2 only supports OpenSSL 1.1.1+, currently the 'ssl' module is compiled with 'LibreSSL 2.8.3'. See: https://github.com/urllib3/urllib3/issues/3020
  warnings.warn(
From github.com:tsy-del/tqqq
 * branch            main       -> FETCH_HEAD
HEAD is now at dd4bbdd v4.3: Auto Cloud Sync config at 2026-06-03 20:00:07
[main 6e99adc] v4.3: Auto Cloud Sync config at 2026-06-03 20:15:07
 2 files changed, 43 insertions(+), 43 deletions(-)
To github.com:tsy-del/tqqq.git
   dd4bbdd..6e99adc  main -> main
To github.com:tsy-del/tqqq.git
   dd4bbdd..6e99adc  main -> gh-pages
Fetching highest frequency prices (v4.1) from yfinance...
Update and push completed successfully.
/Users/tsy/Library/Python/3.9/lib/python/site-packages/urllib3/__init__.py:35: NotOpenSSLWarning: urllib3 v2 only supports OpenSSL 1.1.1+, currently the 'ssl' module is compiled with 'LibreSSL 2.8.3'. See: https://github.com/urllib3/urllib3/issues/3020
  warnings.warn(
From github.com:tsy-del/tqqq
 * branch            main       -> FETCH_HEAD
HEAD is now at 6e99adc v4.3: Auto Cloud Sync config at 2026-06-03 20:15:07
[main 8805e1f] v4.3: Auto Cloud Sync config at 2026-06-03 20:30:07
 2 files changed, 43 insertions(+), 43 deletions(-)
To github.com:tsy-del/tqqq.git
   6e99adc..8805e1f  main -> main
To github.com:tsy-del/tqqq.git
   6e99adc..8805e1f  main -> gh-pages
Fetching highest frequency prices (v4.1) from yfinance...
Update and push completed successfully.
/Users/tsy/Library/Python/3.9/lib/python/site-packages/urllib3/__init__.py:35: NotOpenSSLWarning: urllib3 v2 only supports OpenSSL 1.1.1+, currently the 'ssl' module is compiled with 'LibreSSL 2.8.3'. See: https://github.com/urllib3/urllib3/issues/3020
  warnings.warn(
From github.com:tsy-del/tqqq
 * branch            main       -> FETCH_HEAD
HEAD is now at 8805e1f v4.3: Auto Cloud Sync config at 2026-06-03 20:30:07
[main ce61a40] v4.3: Auto Cloud Sync config at 2026-06-03 20:45:08
 2 files changed, 43 insertions(+), 43 deletions(-)
To github.com:tsy-del/tqqq.git
   8805e1f..ce61a40  main -> main
To github.com:tsy-del/tqqq.git
   8805e1f..ce61a40  main -> gh-pages
Fetching highest frequency prices (v4.1) from yfinance...
Update and push completed successfully.
/Users/tsy/Library/Python/3.9/lib/python/site-packages/urllib3/__init__.py:35: NotOpenSSLWarning: urllib3 v2 only supports OpenSSL 1.1.1+, currently the 'ssl' module is compiled with 'LibreSSL 2.8.3'. See: https://github.com/urllib3/urllib3/issues/3020
  warnings.warn(
From github.com:tsy-del/tqqq
 * branch            main       -> FETCH_HEAD
HEAD is now at ce61a40 v4.3: Auto Cloud Sync config at 2026-06-03 20:45:08
[main 4949efe] v4.3: Auto Cloud Sync config at 2026-06-03 21:00:07
 2 files changed, 39 insertions(+), 39 deletions(-)
To github.com:tsy-del/tqqq.git
   ce61a40..4949efe  main -> main
To github.com:tsy-del/tqqq.git
   ce61a40..4949efe  main -> gh-pages
Fetching highest frequency prices (v4.1) from yfinance...
Update and push completed successfully.
/Users/tsy/Library/Python/3.9/lib/python/site-packages/urllib3/__init__.py:35: NotOpenSSLWarning: urllib3 v2 only supports OpenSSL 1.1.1+, currently the 'ssl' module is compiled with 'LibreSSL 2.8.3'. See: https://github.com/urllib3/urllib3/issues/3020
  warnings.warn(
From github.com:tsy-del/tqqq
 * branch            main       -> FETCH_HEAD
HEAD is now at 4949efe v4.3: Auto Cloud Sync config at 2026-06-03 21:00:07
[main c5ad3b8] v4.3: Auto Cloud Sync config at 2026-06-03 21:15:08
 2 files changed, 43 insertions(+), 43 deletions(-)
To github.com:tsy-del/tqqq.git
   4949efe..c5ad3b8  main -> main
To github.com:tsy-del/tqqq.git
   4949efe..c5ad3b8  main -> gh-pages
Fetching highest frequency prices (v4.1) from yfinance...
Update and push completed successfully.
/Users/tsy/Library/Python/3.9/lib/python/site-packages/urllib3/__init__.py:35: NotOpenSSLWarning: urllib3 v2 only supports OpenSSL 1.1.1+, currently the 'ssl' module is compiled with 'LibreSSL 2.8.3'. See: https://github.com/urllib3/urllib3/issues/3020
  warnings.warn(
From github.com:tsy-del/tqqq
 * branch            main       -> FETCH_HEAD
HEAD is now at c5ad3b8 v4.3: Auto Cloud Sync config at 2026-06-03 21:15:08
[main 1134b24] v4.3: Auto Cloud Sync config at 2026-06-03 21:30:07
 2 files changed, 43 insertions(+), 43 deletions(-)
To github.com:tsy-del/tqqq.git
   c5ad3b8..1134b24  main -> main
To github.com:tsy-del/tqqq.git
   c5ad3b8..1134b24  main -> gh-pages
Fetching highest frequency prices (v4.1) from yfinance...
Update and push completed successfully.
/Users/tsy/Library/Python/3.9/lib/python/site-packages/urllib3/__init__.py:35: NotOpenSSLWarning: urllib3 v2 only supports OpenSSL 1.1.1+, currently the 'ssl' module is compiled with 'LibreSSL 2.8.3'. See: https://github.com/urllib3/urllib3/issues/3020
  warnings.warn(
From github.com:tsy-del/tqqq
 * branch            main       -> FETCH_HEAD
HEAD is now at 1134b24 v4.3: Auto Cloud Sync config at 2026-06-03 21:30:07
[main 0fde97a] v4.3: Auto Cloud Sync config at 2026-06-03 21:45:10
 2 files changed, 43 insertions(+), 43 deletions(-)
To github.com:tsy-del/tqqq.git
   1134b24..0fde97a  main -> main
To github.com:tsy-del/tqqq.git
   1134b24..0fde97a  main -> gh-pages
Fetching highest frequency prices (v4.1) from yfinance...
Update and push completed successfully.
/Users/tsy/Library/Python/3.9/lib/python/site-packages/urllib3/__init__.py:35: NotOpenSSLWarning: urllib3 v2 only supports OpenSSL 1.1.1+, currently the 'ssl' module is compiled with 'LibreSSL 2.8.3'. See: https://github.com/urllib3/urllib3/issues/3020
  warnings.warn(
From github.com:tsy-del/tqqq
 * branch            main       -> FETCH_HEAD
HEAD is now at 0fde97a v4.3: Auto Cloud Sync config at 2026-06-03 21:45:10
[main ecfb501] v4.3: Auto Cloud Sync config at 2026-06-03 22:00:07
 2 files changed, 43 insertions(+), 43 deletions(-)
To github.com:tsy-del/tqqq.git
   0fde97a..ecfb501  main -> main
To github.com:tsy-del/tqqq.git
   0fde97a..ecfb501  main -> gh-pages
Fetching highest frequency prices (v4.1) from yfinance...
Update and push completed successfully.
/Users/tsy/Library/Python/3.9/lib/python/site-packages/urllib3/__init__.py:35: NotOpenSSLWarning: urllib3 v2 only supports OpenSSL 1.1.1+, currently the 'ssl' module is compiled with 'LibreSSL 2.8.3'. See: https://github.com/urllib3/urllib3/issues/3020
  warnings.warn(
From github.com:tsy-del/tqqq
 * branch            main       -> FETCH_HEAD
HEAD is now at ecfb501 v4.3: Auto Cloud Sync config at 2026-06-03 22:00:07
[main 62d412b] v4.3: Auto Cloud Sync config at 2026-06-03 22:15:07
 2 files changed, 43 insertions(+), 43 deletions(-)
To github.com:tsy-del/tqqq.git
   ecfb501..62d412b  main -> main
To github.com:tsy-del/tqqq.git
   ecfb501..62d412b  main -> gh-pages
Fetching highest frequency prices (v4.1) from yfinance...
Update and push completed successfully.
/Users/tsy/Library/Python/3.9/lib/python/site-packages/urllib3/__init__.py:35: NotOpenSSLWarning: urllib3 v2 only supports OpenSSL 1.1.1+, currently the 'ssl' module is compiled with 'LibreSSL 2.8.3'. See: https://github.com/urllib3/urllib3/issues/3020
  warnings.warn(
From github.com:tsy-del/tqqq
 * branch            main       -> FETCH_HEAD
HEAD is now at 62d412b v4.3: Auto Cloud Sync config at 2026-06-03 22:15:07
[main 178b2f9] v4.3: Auto Cloud Sync config at 2026-06-03 22:30:07
 2 files changed, 43 insertions(+), 43 deletions(-)
To github.com:tsy-del/tqqq.git
   62d412b..178b2f9  main -> main
To github.com:tsy-del/tqqq.git
   62d412b..178b2f9  main -> gh-pages
Fetching highest frequency prices (v4.1) from yfinance...
Update and push completed successfully.
/Users/tsy/Library/Python/3.9/lib/python/site-packages/urllib3/__init__.py:35: NotOpenSSLWarning: urllib3 v2 only supports OpenSSL 1.1.1+, currently the 'ssl' module is compiled with 'LibreSSL 2.8.3'. See: https://github.com/urllib3/urllib3/issues/3020
  warnings.warn(
From github.com:tsy-del/tqqq
 * branch            main       -> FETCH_HEAD
HEAD is now at 178b2f9 v4.3: Auto Cloud Sync config at 2026-06-03 22:30:07
[main 7966680] v4.3: Auto Cloud Sync config at 2026-06-03 22:45:07
 2 files changed, 43 insertions(+), 43 deletions(-)
To github.com:tsy-del/tqqq.git
   178b2f9..7966680  main -> main
To github.com:tsy-del/tqqq.git
   178b2f9..7966680  main -> gh-pages
Fetching highest frequency prices (v4.1) from yfinance...
Update and push completed successfully.
/Users/tsy/Library/Python/3.9/lib/python/site-packages/urllib3/__init__.py:35: NotOpenSSLWarning: urllib3 v2 only supports OpenSSL 1.1.1+, currently the 'ssl' module is compiled with 'LibreSSL 2.8.3'. See: https://github.com/urllib3/urllib3/issues/3020
  warnings.warn(
From github.com:tsy-del/tqqq
 * branch            main       -> FETCH_HEAD
HEAD is now at 7966680 v4.3: Auto Cloud Sync config at 2026-06-03 22:45:07
[main 1afaede] v4.3: Auto Cloud Sync config at 2026-06-03 23:00:07
 2 files changed, 43 insertions(+), 43 deletions(-)
To github.com:tsy-del/tqqq.git
   7966680..1afaede  main -> main
To github.com:tsy-del/tqqq.git
   7966680..1afaede  main -> gh-pages
Fetching highest frequency prices (v4.1) from yfinance...
Update and push completed successfully.
/Users/tsy/Library/Python/3.9/lib/python/site-packages/urllib3/__init__.py:35: NotOpenSSLWarning: urllib3 v2 only supports OpenSSL 1.1.1+, currently the 'ssl' module is compiled with 'LibreSSL 2.8.3'. See: https://github.com/urllib3/urllib3/issues/3020
  warnings.warn(
From github.com:tsy-del/tqqq
 * branch            main       -> FETCH_HEAD
HEAD is now at 1afaede v4.3: Auto Cloud Sync config at 2026-06-03 23:00:07
[main 29ba243] v4.3: Auto Cloud Sync config at 2026-06-03 23:15:07
 2 files changed, 43 insertions(+), 43 deletions(-)
To github.com:tsy-del/tqqq.git
   1afaede..29ba243  main -> main
To github.com:tsy-del/tqqq.git
   1afaede..29ba243  main -> gh-pages
Fetching highest frequency prices (v4.1) from yfinance...
Update and push completed successfully.
/Users/tsy/Library/Python/3.9/lib/python/site-packages/urllib3/__init__.py:35: NotOpenSSLWarning: urllib3 v2 only supports OpenSSL 1.1.1+, currently the 'ssl' module is compiled with 'LibreSSL 2.8.3'. See: https://github.com/urllib3/urllib3/issues/3020
  warnings.warn(
From github.com:tsy-del/tqqq
 * branch            main       -> FETCH_HEAD
HEAD is now at 29ba243 v4.3: Auto Cloud Sync config at 2026-06-03 23:15:07
[main b275cf8] v4.3: Auto Cloud Sync config at 2026-06-03 23:30:07
 2 files changed, 43 insertions(+), 43 deletions(-)
To github.com:tsy-del/tqqq.git
   29ba243..b275cf8  main -> main
To github.com:tsy-del/tqqq.git
   29ba243..b275cf8  main -> gh-pages
Fetching highest frequency prices (v4.1) from yfinance...
Update and push completed successfully.
/Users/tsy/Library/Python/3.9/lib/python/site-packages/urllib3/__init__.py:35: NotOpenSSLWarning: urllib3 v2 only supports OpenSSL 1.1.1+, currently the 'ssl' module is compiled with 'LibreSSL 2.8.3'. See: https://github.com/urllib3/urllib3/issues/3020
  warnings.warn(
From github.com:tsy-del/tqqq
 * branch            main       -> FETCH_HEAD
HEAD is now at b275cf8 v4.3: Auto Cloud Sync config at 2026-06-03 23:30:07
[main 260ef7a] v4.3: Auto Cloud Sync config at 2026-06-03 23:45:08
 2 files changed, 43 insertions(+), 43 deletions(-)
To github.com:tsy-del/tqqq.git
   b275cf8..260ef7a  main -> main
To github.com:tsy-del/tqqq.git
   b275cf8..260ef7a  main -> gh-pages
Fetching highest frequency prices (v4.1) from yfinance...
Update and push completed successfully.
/Users/tsy/Library/Python/3.9/lib/python/site-packages/urllib3/__init__.py:35: NotOpenSSLWarning: urllib3 v2 only supports OpenSSL 1.1.1+, currently the 'ssl' module is compiled with 'LibreSSL 2.8.3'. See: https://github.com/urllib3/urllib3/issues/3020
  warnings.warn(
From github.com:tsy-del/tqqq
 * branch            main       -> FETCH_HEAD
HEAD is now at 260ef7a v4.3: Auto Cloud Sync config at 2026-06-03 23:45:08
[main 365dae6] v4.3: Auto Cloud Sync config at 2026-06-04 00:00:07
 2 files changed, 42 insertions(+), 42 deletions(-)
To github.com:tsy-del/tqqq.git
   260ef7a..365dae6  main -> main
To github.com:tsy-del/tqqq.git
   260ef7a..365dae6  main -> gh-pages
Fetching highest frequency prices (v4.1) from yfinance...
Update and push completed successfully.
/Users/tsy/Library/Python/3.9/lib/python/site-packages/urllib3/__init__.py:35: NotOpenSSLWarning: urllib3 v2 only supports OpenSSL 1.1.1+, currently the 'ssl' module is compiled with 'LibreSSL 2.8.3'. See: https://github.com/urllib3/urllib3/issues/3020
  warnings.warn(
From github.com:tsy-del/tqqq
 * branch            main       -> FETCH_HEAD
HEAD is now at 365dae6 v4.3: Auto Cloud Sync config at 2026-06-04 00:00:07
[main 5bdcae9] v4.3: Auto Cloud Sync config at 2026-06-04 00:15:07
 2 files changed, 41 insertions(+), 41 deletions(-)
To github.com:tsy-del/tqqq.git
   365dae6..5bdcae9  main -> main
To github.com:tsy-del/tqqq.git
   365dae6..5bdcae9  main -> gh-pages
Fetching highest frequency prices (v4.1) from yfinance...
Update and push completed successfully.
/Users/tsy/Library/Python/3.9/lib/python/site-packages/urllib3/__init__.py:35: NotOpenSSLWarning: urllib3 v2 only supports OpenSSL 1.1.1+, currently the 'ssl' module is compiled with 'LibreSSL 2.8.3'. See: https://github.com/urllib3/urllib3/issues/3020
  warnings.warn(
From github.com:tsy-del/tqqq
 * branch            main       -> FETCH_HEAD
HEAD is now at 5bdcae9 v4.3: Auto Cloud Sync config at 2026-06-04 00:15:07
[main a0aa3d5] v4.3: Auto Cloud Sync config at 2026-06-04 00:30:07
 2 files changed, 43 insertions(+), 43 deletions(-)
To github.com:tsy-del/tqqq.git
   5bdcae9..a0aa3d5  main -> main
To github.com:tsy-del/tqqq.git
   5bdcae9..a0aa3d5  main -> gh-pages
Fetching highest frequency prices (v4.1) from yfinance...
Update and push completed successfully.
/Users/tsy/Library/Python/3.9/lib/python/site-packages/urllib3/__init__.py:35: NotOpenSSLWarning: urllib3 v2 only supports OpenSSL 1.1.1+, currently the 'ssl' module is compiled with 'LibreSSL 2.8.3'. See: https://github.com/urllib3/urllib3/issues/3020
  warnings.warn(
From github.com:tsy-del/tqqq
 * branch            main       -> FETCH_HEAD
HEAD is now at a0aa3d5 v4.3: Auto Cloud Sync config at 2026-06-04 00:30:07
[main 90367dd] v4.3: Auto Cloud Sync config at 2026-06-04 00:45:07
 2 files changed, 43 insertions(+), 43 deletions(-)
To github.com:tsy-del/tqqq.git
   a0aa3d5..90367dd  main -> main
To github.com:tsy-del/tqqq.git
   a0aa3d5..90367dd  main -> gh-pages
Fetching highest frequency prices (v4.1) from yfinance...
Update and push completed successfully.
/Users/tsy/Library/Python/3.9/lib/python/site-packages/urllib3/__init__.py:35: NotOpenSSLWarning: urllib3 v2 only supports OpenSSL 1.1.1+, currently the 'ssl' module is compiled with 'LibreSSL 2.8.3'. See: https://github.com/urllib3/urllib3/issues/3020
  warnings.warn(
From github.com:tsy-del/tqqq
 * branch            main       -> FETCH_HEAD
HEAD is now at 90367dd v4.3: Auto Cloud Sync config at 2026-06-04 00:45:07
[main cabaa90] v4.3: Auto Cloud Sync config at 2026-06-04 01:00:08
 2 files changed, 43 insertions(+), 43 deletions(-)
To github.com:tsy-del/tqqq.git
   90367dd..cabaa90  main -> main
To github.com:tsy-del/tqqq.git
   90367dd..cabaa90  main -> gh-pages
Fetching highest frequency prices (v4.1) from yfinance...
Update and push completed successfully.
/Users/tsy/Library/Python/3.9/lib/python/site-packages/urllib3/__init__.py:35: NotOpenSSLWarning: urllib3 v2 only supports OpenSSL 1.1.1+, currently the 'ssl' module is compiled with 'LibreSSL 2.8.3'. See: https://github.com/urllib3/urllib3/issues/3020
  warnings.warn(
From github.com:tsy-del/tqqq
 * branch            main       -> FETCH_HEAD
HEAD is now at cabaa90 v4.3: Auto Cloud Sync config at 2026-06-04 01:00:08
[main bbd9ca7] v4.3: Auto Cloud Sync config at 2026-06-04 01:15:07
 2 files changed, 43 insertions(+), 43 deletions(-)
To github.com:tsy-del/tqqq.git
   cabaa90..bbd9ca7  main -> main
To github.com:tsy-del/tqqq.git
   cabaa90..bbd9ca7  main -> gh-pages
Fetching highest frequency prices (v4.1) from yfinance...
Update and push completed successfully.
/Users/tsy/Library/Python/3.9/lib/python/site-packages/urllib3/__init__.py:35: NotOpenSSLWarning: urllib3 v2 only supports OpenSSL 1.1.1+, currently the 'ssl' module is compiled with 'LibreSSL 2.8.3'. See: https://github.com/urllib3/urllib3/issues/3020
  warnings.warn(
From github.com:tsy-del/tqqq
 * branch            main       -> FETCH_HEAD
HEAD is now at bbd9ca7 v4.3: Auto Cloud Sync config at 2026-06-04 01:15:07
[main 03dca36] v4.3: Auto Cloud Sync config at 2026-06-04 01:30:07
 2 files changed, 43 insertions(+), 43 deletions(-)
To github.com:tsy-del/tqqq.git
   bbd9ca7..03dca36  main -> main
To github.com:tsy-del/tqqq.git
   bbd9ca7..03dca36  main -> gh-pages
Fetching highest frequency prices (v4.1) from yfinance...
Update and push completed successfully.
/Users/tsy/Library/Python/3.9/lib/python/site-packages/urllib3/__init__.py:35: NotOpenSSLWarning: urllib3 v2 only supports OpenSSL 1.1.1+, currently the 'ssl' module is compiled with 'LibreSSL 2.8.3'. See: https://github.com/urllib3/urllib3/issues/3020
  warnings.warn(
From github.com:tsy-del/tqqq
 * branch            main       -> FETCH_HEAD
HEAD is now at 03dca36 v4.3: Auto Cloud Sync config at 2026-06-04 01:30:07
[main b88e4f1] v4.3: Auto Cloud Sync config at 2026-06-04 01:45:07
 2 files changed, 43 insertions(+), 43 deletions(-)
To github.com:tsy-del/tqqq.git
   03dca36..b88e4f1  main -> main
To github.com:tsy-del/tqqq.git
   03dca36..b88e4f1  main -> gh-pages
Fetching highest frequency prices (v4.1) from yfinance...
Update and push completed successfully.
/Users/tsy/Library/Python/3.9/lib/python/site-packages/urllib3/__init__.py:35: NotOpenSSLWarning: urllib3 v2 only supports OpenSSL 1.1.1+, currently the 'ssl' module is compiled with 'LibreSSL 2.8.3'. See: https://github.com/urllib3/urllib3/issues/3020
  warnings.warn(
From github.com:tsy-del/tqqq
 * branch            main       -> FETCH_HEAD
HEAD is now at b88e4f1 v4.3: Auto Cloud Sync config at 2026-06-04 01:45:07
[main f5abc4b] v4.3: Auto Cloud Sync config at 2026-06-04 02:00:07
 2 files changed, 43 insertions(+), 43 deletions(-)
To github.com:tsy-del/tqqq.git
   b88e4f1..f5abc4b  main -> main
To github.com:tsy-del/tqqq.git
   b88e4f1..f5abc4b  main -> gh-pages
Fetching highest frequency prices (v4.1) from yfinance...
Update and push completed successfully.
/Users/tsy/Library/Python/3.9/lib/python/site-packages/urllib3/__init__.py:35: NotOpenSSLWarning: urllib3 v2 only supports OpenSSL 1.1.1+, currently the 'ssl' module is compiled with 'LibreSSL 2.8.3'. See: https://github.com/urllib3/urllib3/issues/3020
  warnings.warn(
From github.com:tsy-del/tqqq
 * branch            main       -> FETCH_HEAD
HEAD is now at f5abc4b v4.3: Auto Cloud Sync config at 2026-06-04 02:00:07
[main c2a9eb1] v4.3: Auto Cloud Sync config at 2026-06-04 02:15:07
 2 files changed, 43 insertions(+), 43 deletions(-)
To github.com:tsy-del/tqqq.git
   f5abc4b..c2a9eb1  main -> main
To github.com:tsy-del/tqqq.git
   f5abc4b..c2a9eb1  main -> gh-pages
Fetching highest frequency prices (v4.1) from yfinance...
Update and push completed successfully.
/Users/tsy/Library/Python/3.9/lib/python/site-packages/urllib3/__init__.py:35: NotOpenSSLWarning: urllib3 v2 only supports OpenSSL 1.1.1+, currently the 'ssl' module is compiled with 'LibreSSL 2.8.3'. See: https://github.com/urllib3/urllib3/issues/3020
  warnings.warn(
From github.com:tsy-del/tqqq
 * branch            main       -> FETCH_HEAD
HEAD is now at c2a9eb1 v4.3: Auto Cloud Sync config at 2026-06-04 02:15:07
[main e9f2a8e] v4.3: Auto Cloud Sync config at 2026-06-04 02:30:07
 2 files changed, 43 insertions(+), 43 deletions(-)
To github.com:tsy-del/tqqq.git
   c2a9eb1..e9f2a8e  main -> main
To github.com:tsy-del/tqqq.git
   c2a9eb1..e9f2a8e  main -> gh-pages
Fetching highest frequency prices (v4.1) from yfinance...
Update and push completed successfully.
/Users/tsy/Library/Python/3.9/lib/python/site-packages/urllib3/__init__.py:35: NotOpenSSLWarning: urllib3 v2 only supports OpenSSL 1.1.1+, currently the 'ssl' module is compiled with 'LibreSSL 2.8.3'. See: https://github.com/urllib3/urllib3/issues/3020
  warnings.warn(
From github.com:tsy-del/tqqq
 * branch            main       -> FETCH_HEAD
HEAD is now at e9f2a8e v4.3: Auto Cloud Sync config at 2026-06-04 02:30:07
[main 9c53a9a] v4.3: Auto Cloud Sync config at 2026-06-04 02:45:06
 2 files changed, 43 insertions(+), 43 deletions(-)
To github.com:tsy-del/tqqq.git
   e9f2a8e..9c53a9a  main -> main
To github.com:tsy-del/tqqq.git
   e9f2a8e..9c53a9a  main -> gh-pages
Fetching highest frequency prices (v4.1) from yfinance...
Update and push completed successfully.
/Users/tsy/Library/Python/3.9/lib/python/site-packages/urllib3/__init__.py:35: NotOpenSSLWarning: urllib3 v2 only supports OpenSSL 1.1.1+, currently the 'ssl' module is compiled with 'LibreSSL 2.8.3'. See: https://github.com/urllib3/urllib3/issues/3020
  warnings.warn(
From github.com:tsy-del/tqqq
 * branch            main       -> FETCH_HEAD
HEAD is now at 9c53a9a v4.3: Auto Cloud Sync config at 2026-06-04 02:45:06
[main cac0694] v4.3: Auto Cloud Sync config at 2026-06-04 03:00:07
 2 files changed, 40 insertions(+), 40 deletions(-)
To github.com:tsy-del/tqqq.git
   9c53a9a..cac0694  main -> main
To github.com:tsy-del/tqqq.git
   9c53a9a..cac0694  main -> gh-pages
Fetching highest frequency prices (v4.1) from yfinance...
Update and push completed successfully.
/Users/tsy/Library/Python/3.9/lib/python/site-packages/urllib3/__init__.py:35: NotOpenSSLWarning: urllib3 v2 only supports OpenSSL 1.1.1+, currently the 'ssl' module is compiled with 'LibreSSL 2.8.3'. See: https://github.com/urllib3/urllib3/issues/3020
  warnings.warn(
From github.com:tsy-del/tqqq
 * branch            main       -> FETCH_HEAD
HEAD is now at cac0694 v4.3: Auto Cloud Sync config at 2026-06-04 03:00:07
[main 13dfd55] v4.3: Auto Cloud Sync config at 2026-06-04 03:15:07
 2 files changed, 43 insertions(+), 43 deletions(-)
To github.com:tsy-del/tqqq.git
   cac0694..13dfd55  main -> main
To github.com:tsy-del/tqqq.git
   cac0694..13dfd55  main -> gh-pages
Fetching highest frequency prices (v4.1) from yfinance...
Update and push completed successfully.
/Users/tsy/Library/Python/3.9/lib/python/site-packages/urllib3/__init__.py:35: NotOpenSSLWarning: urllib3 v2 only supports OpenSSL 1.1.1+, currently the 'ssl' module is compiled with 'LibreSSL 2.8.3'. See: https://github.com/urllib3/urllib3/issues/3020
  warnings.warn(
From github.com:tsy-del/tqqq
 * branch            main       -> FETCH_HEAD
HEAD is now at 13dfd55 v4.3: Auto Cloud Sync config at 2026-06-04 03:15:07
[main 8dbfcb9] v4.3: Auto Cloud Sync config at 2026-06-04 03:30:06
 2 files changed, 42 insertions(+), 42 deletions(-)
To github.com:tsy-del/tqqq.git
   13dfd55..8dbfcb9  main -> main
To github.com:tsy-del/tqqq.git
   13dfd55..8dbfcb9  main -> gh-pages
Fetching highest frequency prices (v4.1) from yfinance...
Update and push completed successfully.
/Users/tsy/Library/Python/3.9/lib/python/site-packages/urllib3/__init__.py:35: NotOpenSSLWarning: urllib3 v2 only supports OpenSSL 1.1.1+, currently the 'ssl' module is compiled with 'LibreSSL 2.8.3'. See: https://github.com/urllib3/urllib3/issues/3020
  warnings.warn(
From github.com:tsy-del/tqqq
 * branch            main       -> FETCH_HEAD
HEAD is now at 8dbfcb9 v4.3: Auto Cloud Sync config at 2026-06-04 03:30:06
[main 4726797] v4.3: Auto Cloud Sync config at 2026-06-04 03:45:07
 2 files changed, 43 insertions(+), 43 deletions(-)
To github.com:tsy-del/tqqq.git
   8dbfcb9..4726797  main -> main
To github.com:tsy-del/tqqq.git
   8dbfcb9..4726797  main -> gh-pages
Fetching highest frequency prices (v4.1) from yfinance...
Update and push completed successfully.
/Users/tsy/Library/Python/3.9/lib/python/site-packages/urllib3/__init__.py:35: NotOpenSSLWarning: urllib3 v2 only supports OpenSSL 1.1.1+, currently the 'ssl' module is compiled with 'LibreSSL 2.8.3'. See: https://github.com/urllib3/urllib3/issues/3020
  warnings.warn(
From github.com:tsy-del/tqqq
 * branch            main       -> FETCH_HEAD
HEAD is now at 4726797 v4.3: Auto Cloud Sync config at 2026-06-04 03:45:07
[main 959cfb4] v4.3: Auto Cloud Sync config at 2026-06-04 04:00:07
 2 files changed, 43 insertions(+), 43 deletions(-)
To github.com:tsy-del/tqqq.git
   4726797..959cfb4  main -> main
To github.com:tsy-del/tqqq.git
   4726797..959cfb4  main -> gh-pages
Fetching highest frequency prices (v4.1) from yfinance...
Update and push completed successfully.
/Users/tsy/Library/Python/3.9/lib/python/site-packages/urllib3/__init__.py:35: NotOpenSSLWarning: urllib3 v2 only supports OpenSSL 1.1.1+, currently the 'ssl' module is compiled with 'LibreSSL 2.8.3'. See: https://github.com/urllib3/urllib3/issues/3020
  warnings.warn(
From github.com:tsy-del/tqqq
 * branch            main       -> FETCH_HEAD
HEAD is now at 959cfb4 v4.3: Auto Cloud Sync config at 2026-06-04 04:00:07
[main fdc797d] v4.3: Auto Cloud Sync config at 2026-06-04 04:15:07
 2 files changed, 43 insertions(+), 43 deletions(-)
To github.com:tsy-del/tqqq.git
   959cfb4..fdc797d  main -> main
To github.com:tsy-del/tqqq.git
   959cfb4..fdc797d  main -> gh-pages
Fetching highest frequency prices (v4.1) from yfinance...
Update and push completed successfully.
/Users/tsy/Library/Python/3.9/lib/python/site-packages/urllib3/__init__.py:35: NotOpenSSLWarning: urllib3 v2 only supports OpenSSL 1.1.1+, currently the 'ssl' module is compiled with 'LibreSSL 2.8.3'. See: https://github.com/urllib3/urllib3/issues/3020
  warnings.warn(
From github.com:tsy-del/tqqq
 * branch            main       -> FETCH_HEAD
HEAD is now at fdc797d v4.3: Auto Cloud Sync config at 2026-06-04 04:15:07
[main 238dcb8] v4.3: Auto Cloud Sync config at 2026-06-04 04:30:08
 2 files changed, 43 insertions(+), 43 deletions(-)
To github.com:tsy-del/tqqq.git
   fdc797d..238dcb8  main -> main
To github.com:tsy-del/tqqq.git
   fdc797d..238dcb8  main -> gh-pages
Fetching highest frequency prices (v4.1) from yfinance...
Update and push completed successfully.
/Users/tsy/Library/Python/3.9/lib/python/site-packages/urllib3/__init__.py:35: NotOpenSSLWarning: urllib3 v2 only supports OpenSSL 1.1.1+, currently the 'ssl' module is compiled with 'LibreSSL 2.8.3'. See: https://github.com/urllib3/urllib3/issues/3020
  warnings.warn(
From github.com:tsy-del/tqqq
 * branch            main       -> FETCH_HEAD
HEAD is now at 238dcb8 v4.3: Auto Cloud Sync config at 2026-06-04 04:30:08
[main 881397a] v4.3: Auto Cloud Sync config at 2026-06-04 04:45:08
 2 files changed, 43 insertions(+), 43 deletions(-)
To github.com:tsy-del/tqqq.git
   238dcb8..881397a  main -> main
To github.com:tsy-del/tqqq.git
   238dcb8..881397a  main -> gh-pages
Fetching highest frequency prices (v4.1) from yfinance...
Update and push completed successfully.
/Users/tsy/Library/Python/3.9/lib/python/site-packages/urllib3/__init__.py:35: NotOpenSSLWarning: urllib3 v2 only supports OpenSSL 1.1.1+, currently the 'ssl' module is compiled with 'LibreSSL 2.8.3'. See: https://github.com/urllib3/urllib3/issues/3020
  warnings.warn(
From github.com:tsy-del/tqqq
 * branch            main       -> FETCH_HEAD
HEAD is now at 881397a v4.3: Auto Cloud Sync config at 2026-06-04 04:45:08
[main 3769101] v4.3: Auto Cloud Sync config at 2026-06-04 05:00:08
 2 files changed, 38 insertions(+), 38 deletions(-)
To github.com:tsy-del/tqqq.git
   881397a..3769101  main -> main
To github.com:tsy-del/tqqq.git
   881397a..3769101  main -> gh-pages
Fetching highest frequency prices (v4.1) from yfinance...
Update and push completed successfully.
/Users/tsy/Library/Python/3.9/lib/python/site-packages/urllib3/__init__.py:35: NotOpenSSLWarning: urllib3 v2 only supports OpenSSL 1.1.1+, currently the 'ssl' module is compiled with 'LibreSSL 2.8.3'. See: https://github.com/urllib3/urllib3/issues/3020
  warnings.warn(
From github.com:tsy-del/tqqq
 * branch            main       -> FETCH_HEAD
HEAD is now at 3769101 v4.3: Auto Cloud Sync config at 2026-06-04 05:00:08
[main e5dad21] v4.3: Auto Cloud Sync config at 2026-06-04 05:15:07
 2 files changed, 43 insertions(+), 43 deletions(-)
To github.com:tsy-del/tqqq.git
   3769101..e5dad21  main -> main
To github.com:tsy-del/tqqq.git
   3769101..e5dad21  main -> gh-pages
Fetching highest frequency prices (v4.1) from yfinance...
Update and push completed successfully.
/Users/tsy/Library/Python/3.9/lib/python/site-packages/urllib3/__init__.py:35: NotOpenSSLWarning: urllib3 v2 only supports OpenSSL 1.1.1+, currently the 'ssl' module is compiled with 'LibreSSL 2.8.3'. See: https://github.com/urllib3/urllib3/issues/3020
  warnings.warn(
From github.com:tsy-del/tqqq
 * branch            main       -> FETCH_HEAD
HEAD is now at e5dad21 v4.3: Auto Cloud Sync config at 2026-06-04 05:15:07
[main c50719e] v4.3: Auto Cloud Sync config at 2026-06-04 05:30:07
 2 files changed, 43 insertions(+), 43 deletions(-)
To github.com:tsy-del/tqqq.git
   e5dad21..c50719e  main -> main
To github.com:tsy-del/tqqq.git
   e5dad21..c50719e  main -> gh-pages
Fetching highest frequency prices (v4.1) from yfinance...
Update and push completed successfully.
/Users/tsy/Library/Python/3.9/lib/python/site-packages/urllib3/__init__.py:35: NotOpenSSLWarning: urllib3 v2 only supports OpenSSL 1.1.1+, currently the 'ssl' module is compiled with 'LibreSSL 2.8.3'. See: https://github.com/urllib3/urllib3/issues/3020
  warnings.warn(
From github.com:tsy-del/tqqq
 * branch            main       -> FETCH_HEAD
HEAD is now at c50719e v4.3: Auto Cloud Sync config at 2026-06-04 05:30:07
[main 2ab9693] v4.3: Auto Cloud Sync config at 2026-06-04 05:45:07
 2 files changed, 43 insertions(+), 43 deletions(-)
To github.com:tsy-del/tqqq.git
   c50719e..2ab9693  main -> main
To github.com:tsy-del/tqqq.git
   c50719e..2ab9693  main -> gh-pages
Fetching highest frequency prices (v4.1) from yfinance...
Update and push completed successfully.
/Users/tsy/Library/Python/3.9/lib/python/site-packages/urllib3/__init__.py:35: NotOpenSSLWarning: urllib3 v2 only supports OpenSSL 1.1.1+, currently the 'ssl' module is compiled with 'LibreSSL 2.8.3'. See: https://github.com/urllib3/urllib3/issues/3020
  warnings.warn(
From github.com:tsy-del/tqqq
 * branch            main       -> FETCH_HEAD
HEAD is now at 2ab9693 v4.3: Auto Cloud Sync config at 2026-06-04 05:45:07
[main 363ebab] v4.3: Auto Cloud Sync config at 2026-06-04 06:00:07
 2 files changed, 43 insertions(+), 43 deletions(-)
To github.com:tsy-del/tqqq.git
   2ab9693..363ebab  main -> main
To github.com:tsy-del/tqqq.git
   2ab9693..363ebab  main -> gh-pages
Fetching highest frequency prices (v4.1) from yfinance...
Update and push completed successfully.
/Users/tsy/Library/Python/3.9/lib/python/site-packages/urllib3/__init__.py:35: NotOpenSSLWarning: urllib3 v2 only supports OpenSSL 1.1.1+, currently the 'ssl' module is compiled with 'LibreSSL 2.8.3'. See: https://github.com/urllib3/urllib3/issues/3020
  warnings.warn(
From github.com:tsy-del/tqqq
 * branch            main       -> FETCH_HEAD
HEAD is now at 363ebab v4.3: Auto Cloud Sync config at 2026-06-04 06:00:07
[main bbb978d] v4.3: Auto Cloud Sync config at 2026-06-04 06:15:08
 2 files changed, 43 insertions(+), 43 deletions(-)
To github.com:tsy-del/tqqq.git
   363ebab..bbb978d  main -> main
To github.com:tsy-del/tqqq.git
   363ebab..bbb978d  main -> gh-pages
Fetching highest frequency prices (v4.1) from yfinance...
Update and push completed successfully.
/Users/tsy/Library/Python/3.9/lib/python/site-packages/urllib3/__init__.py:35: NotOpenSSLWarning: urllib3 v2 only supports OpenSSL 1.1.1+, currently the 'ssl' module is compiled with 'LibreSSL 2.8.3'. See: https://github.com/urllib3/urllib3/issues/3020
  warnings.warn(
From github.com:tsy-del/tqqq
 * branch            main       -> FETCH_HEAD
HEAD is now at bbb978d v4.3: Auto Cloud Sync config at 2026-06-04 06:15:08
[main ff73a3b] v4.3: Auto Cloud Sync config at 2026-06-04 06:30:06
 2 files changed, 43 insertions(+), 43 deletions(-)
To github.com:tsy-del/tqqq.git
   bbb978d..ff73a3b  main -> main
To github.com:tsy-del/tqqq.git
   bbb978d..ff73a3b  main -> gh-pages
Fetching highest frequency prices (v4.1) from yfinance...
Update and push completed successfully.
/Users/tsy/Library/Python/3.9/lib/python/site-packages/urllib3/__init__.py:35: NotOpenSSLWarning: urllib3 v2 only supports OpenSSL 1.1.1+, currently the 'ssl' module is compiled with 'LibreSSL 2.8.3'. See: https://github.com/urllib3/urllib3/issues/3020
  warnings.warn(
From github.com:tsy-del/tqqq
 * branch            main       -> FETCH_HEAD
HEAD is now at ff73a3b v4.3: Auto Cloud Sync config at 2026-06-04 06:30:06
[main e5e22a1] v4.3: Auto Cloud Sync config at 2026-06-04 06:45:07
 2 files changed, 38 insertions(+), 38 deletions(-)
To github.com:tsy-del/tqqq.git
   ff73a3b..e5e22a1  main -> main
To github.com:tsy-del/tqqq.git
   ff73a3b..e5e22a1  main -> gh-pages
Fetching highest frequency prices (v4.1) from yfinance...
Update and push completed successfully.
/Users/tsy/Library/Python/3.9/lib/python/site-packages/urllib3/__init__.py:35: NotOpenSSLWarning: urllib3 v2 only supports OpenSSL 1.1.1+, currently the 'ssl' module is compiled with 'LibreSSL 2.8.3'. See: https://github.com/urllib3/urllib3/issues/3020
  warnings.warn(
From github.com:tsy-del/tqqq
 * branch            main       -> FETCH_HEAD
HEAD is now at e5e22a1 v4.3: Auto Cloud Sync config at 2026-06-04 06:45:07
[main 609bc8f] v4.3: Auto Cloud Sync config at 2026-06-04 07:00:07
 2 files changed, 43 insertions(+), 43 deletions(-)
To github.com:tsy-del/tqqq.git
   e5e22a1..609bc8f  main -> main
To github.com:tsy-del/tqqq.git
   e5e22a1..609bc8f  main -> gh-pages
Fetching highest frequency prices (v4.1) from yfinance...
Update and push completed successfully.
/Users/tsy/Library/Python/3.9/lib/python/site-packages/urllib3/__init__.py:35: NotOpenSSLWarning: urllib3 v2 only supports OpenSSL 1.1.1+, currently the 'ssl' module is compiled with 'LibreSSL 2.8.3'. See: https://github.com/urllib3/urllib3/issues/3020
  warnings.warn(
From github.com:tsy-del/tqqq
 * branch            main       -> FETCH_HEAD
HEAD is now at 609bc8f v4.3: Auto Cloud Sync config at 2026-06-04 07:00:07
[main 36b15c6] v4.3: Auto Cloud Sync config at 2026-06-04 07:15:07
 2 files changed, 43 insertions(+), 43 deletions(-)
To github.com:tsy-del/tqqq.git
   609bc8f..36b15c6  main -> main
To github.com:tsy-del/tqqq.git
   609bc8f..36b15c6  main -> gh-pages
Fetching highest frequency prices (v4.1) from yfinance...
Update and push completed successfully.
/Users/tsy/Library/Python/3.9/lib/python/site-packages/urllib3/__init__.py:35: NotOpenSSLWarning: urllib3 v2 only supports OpenSSL 1.1.1+, currently the 'ssl' module is compiled with 'LibreSSL 2.8.3'. See: https://github.com/urllib3/urllib3/issues/3020
  warnings.warn(
From github.com:tsy-del/tqqq
 * branch            main       -> FETCH_HEAD
HEAD is now at 36b15c6 v4.3: Auto Cloud Sync config at 2026-06-04 07:15:07
[main 64698f4] v4.3: Auto Cloud Sync config at 2026-06-04 07:30:07
 2 files changed, 43 insertions(+), 43 deletions(-)
To github.com:tsy-del/tqqq.git
   36b15c6..64698f4  main -> main
To github.com:tsy-del/tqqq.git
   36b15c6..64698f4  main -> gh-pages
Fetching highest frequency prices (v4.1) from yfinance...
Update and push completed successfully.
/Users/tsy/Library/Python/3.9/lib/python/site-packages/urllib3/__init__.py:35: NotOpenSSLWarning: urllib3 v2 only supports OpenSSL 1.1.1+, currently the 'ssl' module is compiled with 'LibreSSL 2.8.3'. See: https://github.com/urllib3/urllib3/issues/3020
  warnings.warn(
From github.com:tsy-del/tqqq
 * branch            main       -> FETCH_HEAD
HEAD is now at 64698f4 v4.3: Auto Cloud Sync config at 2026-06-04 07:30:07
[main 4411818] v4.3: Auto Cloud Sync config at 2026-06-04 07:45:08
 2 files changed, 43 insertions(+), 43 deletions(-)
To github.com:tsy-del/tqqq.git
   64698f4..4411818  main -> main
To github.com:tsy-del/tqqq.git
   64698f4..4411818  main -> gh-pages
Fetching highest frequency prices (v4.1) from yfinance...
Update and push completed successfully.
/Users/tsy/Library/Python/3.9/lib/python/site-packages/urllib3/__init__.py:35: NotOpenSSLWarning: urllib3 v2 only supports OpenSSL 1.1.1+, currently the 'ssl' module is compiled with 'LibreSSL 2.8.3'. See: https://github.com/urllib3/urllib3/issues/3020
  warnings.warn(
From github.com:tsy-del/tqqq
 * branch            main       -> FETCH_HEAD
HEAD is now at 4411818 v4.3: Auto Cloud Sync config at 2026-06-04 07:45:08
[main aabafea] v4.3: Auto Cloud Sync config at 2026-06-04 08:00:07
 2 files changed, 43 insertions(+), 43 deletions(-)
To github.com:tsy-del/tqqq.git
   4411818..aabafea  main -> main
To github.com:tsy-del/tqqq.git
   4411818..aabafea  main -> gh-pages
Fetching highest frequency prices (v4.1) from yfinance...
Update and push completed successfully.
/Users/tsy/Library/Python/3.9/lib/python/site-packages/urllib3/__init__.py:35: NotOpenSSLWarning: urllib3 v2 only supports OpenSSL 1.1.1+, currently the 'ssl' module is compiled with 'LibreSSL 2.8.3'. See: https://github.com/urllib3/urllib3/issues/3020
  warnings.warn(
From github.com:tsy-del/tqqq
 * branch            main       -> FETCH_HEAD
HEAD is now at aabafea v4.3: Auto Cloud Sync config at 2026-06-04 08:00:07
Fetching highest frequency prices (v4.1) from yfinance...
Prices unchanged (TQQQ: 84.49, SOXL: 261.55). Skipping Git push to save history.
/Users/tsy/Library/Python/3.9/lib/python/site-packages/urllib3/__init__.py:35: NotOpenSSLWarning: urllib3 v2 only supports OpenSSL 1.1.1+, currently the 'ssl' module is compiled with 'LibreSSL 2.8.3'. See: https://github.com/urllib3/urllib3/issues/3020
  warnings.warn(
From github.com:tsy-del/tqqq
 * branch            main       -> FETCH_HEAD
HEAD is now at aabafea v4.3: Auto Cloud Sync config at 2026-06-04 08:00:07
Fetching highest frequency prices (v4.1) from yfinance...
Prices unchanged (TQQQ: 84.49, SOXL: 261.55). Skipping Git push to save history.
/Users/tsy/Library/Python/3.9/lib/python/site-packages/urllib3/__init__.py:35: NotOpenSSLWarning: urllib3 v2 only supports OpenSSL 1.1.1+, currently the 'ssl' module is compiled with 'LibreSSL 2.8.3'. See: https://github.com/urllib3/urllib3/issues/3020
  warnings.warn(
From github.com:tsy-del/tqqq
 * branch            main       -> FETCH_HEAD
HEAD is now at aabafea v4.3: Auto Cloud Sync config at 2026-06-04 08:00:07
Fetching highest frequency prices (v4.1) from yfinance...
Prices unchanged (TQQQ: 84.49, SOXL: 261.55). Skipping Git push to save history.
/Users/tsy/Library/Python/3.9/lib/python/site-packages/urllib3/__init__.py:35: NotOpenSSLWarning: urllib3 v2 only supports OpenSSL 1.1.1+, currently the 'ssl' module is compiled with 'LibreSSL 2.8.3'. See: https://github.com/urllib3/urllib3/issues/3020
  warnings.warn(
From github.com:tsy-del/tqqq
 * branch            main       -> FETCH_HEAD
HEAD is now at aabafea v4.3: Auto Cloud Sync config at 2026-06-04 08:00:07
Fetching highest frequency prices (v4.1) from yfinance...
Prices unchanged (TQQQ: 84.49, SOXL: 261.55). Skipping Git push to save history.
/Users/tsy/Library/Python/3.9/lib/python/site-packages/urllib3/__init__.py:35: NotOpenSSLWarning: urllib3 v2 only supports OpenSSL 1.1.1+, currently the 'ssl' module is compiled with 'LibreSSL 2.8.3'. See: https://github.com/urllib3/urllib3/issues/3020
  warnings.warn(
From github.com:tsy-del/tqqq
 * branch            main       -> FETCH_HEAD
HEAD is now at aabafea v4.3: Auto Cloud Sync config at 2026-06-04 08:00:07
Fetching highest frequency prices (v4.1) from yfinance...
Prices unchanged (TQQQ: 84.49, SOXL: 261.55). Skipping Git push to save history.
/Users/tsy/Library/Python/3.9/lib/python/site-packages/urllib3/__init__.py:35: NotOpenSSLWarning: urllib3 v2 only supports OpenSSL 1.1.1+, currently the 'ssl' module is compiled with 'LibreSSL 2.8.3'. See: https://github.com/urllib3/urllib3/issues/3020
  warnings.warn(
From github.com:tsy-del/tqqq
 * branch            main       -> FETCH_HEAD
HEAD is now at aabafea v4.3: Auto Cloud Sync config at 2026-06-04 08:00:07
Fetching highest frequency prices (v4.1) from yfinance...
Prices unchanged (TQQQ: 84.49, SOXL: 261.55). Skipping Git push to save history.
/Users/tsy/Library/Python/3.9/lib/python/site-packages/urllib3/__init__.py:35: NotOpenSSLWarning: urllib3 v2 only supports OpenSSL 1.1.1+, currently the 'ssl' module is compiled with 'LibreSSL 2.8.3'. See: https://github.com/urllib3/urllib3/issues/3020
  warnings.warn(
From github.com:tsy-del/tqqq
 * branch            main       -> FETCH_HEAD
HEAD is now at aabafea v4.3: Auto Cloud Sync config at 2026-06-04 08:00:07
Fetching highest frequency prices (v4.1) from yfinance...
Prices unchanged (TQQQ: 84.49, SOXL: 261.55). Skipping Git push to save history.
/Users/tsy/Library/Python/3.9/lib/python/site-packages/urllib3/__init__.py:35: NotOpenSSLWarning: urllib3 v2 only supports OpenSSL 1.1.1+, currently the 'ssl' module is compiled with 'LibreSSL 2.8.3'. See: https://github.com/urllib3/urllib3/issues/3020
  warnings.warn(
From github.com:tsy-del/tqqq
 * branch            main       -> FETCH_HEAD
HEAD is now at aabafea v4.3: Auto Cloud Sync config at 2026-06-04 08:00:07
Fetching highest frequency prices (v4.1) from yfinance...
Prices unchanged (TQQQ: 84.49, SOXL: 261.55). Skipping Git push to save history.
/Users/tsy/Library/Python/3.9/lib/python/site-packages/urllib3/__init__.py:35: NotOpenSSLWarning: urllib3 v2 only supports OpenSSL 1.1.1+, currently the 'ssl' module is compiled with 'LibreSSL 2.8.3'. See: https://github.com/urllib3/urllib3/issues/3020
  warnings.warn(
From github.com:tsy-del/tqqq
 * branch            main       -> FETCH_HEAD
HEAD is now at aabafea v4.3: Auto Cloud Sync config at 2026-06-04 08:00:07
Fetching highest frequency prices (v4.1) from yfinance...
Prices unchanged (TQQQ: 84.49, SOXL: 261.55). Skipping Git push to save history.
/Users/tsy/Library/Python/3.9/lib/python/site-packages/urllib3/__init__.py:35: NotOpenSSLWarning: urllib3 v2 only supports OpenSSL 1.1.1+, currently the 'ssl' module is compiled with 'LibreSSL 2.8.3'. See: https://github.com/urllib3/urllib3/issues/3020
  warnings.warn(
From github.com:tsy-del/tqqq
 * branch            main       -> FETCH_HEAD
HEAD is now at aabafea v4.3: Auto Cloud Sync config at 2026-06-04 08:00:07
Fetching highest frequency prices (v4.1) from yfinance...
Prices unchanged (TQQQ: 84.49, SOXL: 261.55). Skipping Git push to save history.
/Users/tsy/Library/Python/3.9/lib/python/site-packages/urllib3/__init__.py:35: NotOpenSSLWarning: urllib3 v2 only supports OpenSSL 1.1.1+, currently the 'ssl' module is compiled with 'LibreSSL 2.8.3'. See: https://github.com/urllib3/urllib3/issues/3020
  warnings.warn(
From github.com:tsy-del/tqqq
 * branch            main       -> FETCH_HEAD
HEAD is now at aabafea v4.3: Auto Cloud Sync config at 2026-06-04 08:00:07
Fetching highest frequency prices (v4.1) from yfinance...
Prices unchanged (TQQQ: 84.49, SOXL: 261.55). Skipping Git push to save history.
/Users/tsy/Library/Python/3.9/lib/python/site-packages/urllib3/__init__.py:35: NotOpenSSLWarning: urllib3 v2 only supports OpenSSL 1.1.1+, currently the 'ssl' module is compiled with 'LibreSSL 2.8.3'. See: https://github.com/urllib3/urllib3/issues/3020
  warnings.warn(
From github.com:tsy-del/tqqq
 * branch            main       -> FETCH_HEAD
HEAD is now at aabafea v4.3: Auto Cloud Sync config at 2026-06-04 08:00:07
Fetching highest frequency prices (v4.1) from yfinance...
Prices unchanged (TQQQ: 84.49, SOXL: 261.55). Skipping Git push to save history.
/Users/tsy/Library/Python/3.9/lib/python/site-packages/urllib3/__init__.py:35: NotOpenSSLWarning: urllib3 v2 only supports OpenSSL 1.1.1+, currently the 'ssl' module is compiled with 'LibreSSL 2.8.3'. See: https://github.com/urllib3/urllib3/issues/3020
  warnings.warn(
From github.com:tsy-del/tqqq
 * branch            main       -> FETCH_HEAD
HEAD is now at aabafea v4.3: Auto Cloud Sync config at 2026-06-04 08:00:07
Fetching highest frequency prices (v4.1) from yfinance...
Prices unchanged (TQQQ: 84.49, SOXL: 261.55). Skipping Git push to save history.
/Users/tsy/Library/Python/3.9/lib/python/site-packages/urllib3/__init__.py:35: NotOpenSSLWarning: urllib3 v2 only supports OpenSSL 1.1.1+, currently the 'ssl' module is compiled with 'LibreSSL 2.8.3'. See: https://github.com/urllib3/urllib3/issues/3020
  warnings.warn(
From github.com:tsy-del/tqqq
 * branch            main       -> FETCH_HEAD
HEAD is now at aabafea v4.3: Auto Cloud Sync config at 2026-06-04 08:00:07
Fetching highest frequency prices (v4.1) from yfinance...
Prices unchanged (TQQQ: 84.49, SOXL: 261.55). Skipping Git push to save history.
/Users/tsy/Library/Python/3.9/lib/python/site-packages/urllib3/__init__.py:35: NotOpenSSLWarning: urllib3 v2 only supports OpenSSL 1.1.1+, currently the 'ssl' module is compiled with 'LibreSSL 2.8.3'. See: https://github.com/urllib3/urllib3/issues/3020
  warnings.warn(
From github.com:tsy-del/tqqq
 * branch            main       -> FETCH_HEAD
HEAD is now at aabafea v4.3: Auto Cloud Sync config at 2026-06-04 08:00:07
Fetching highest frequency prices (v4.1) from yfinance...
Prices unchanged (TQQQ: 84.49, SOXL: 261.55). Skipping Git push to save history.
/Users/tsy/Library/Python/3.9/lib/python/site-packages/urllib3/__init__.py:35: NotOpenSSLWarning: urllib3 v2 only supports OpenSSL 1.1.1+, currently the 'ssl' module is compiled with 'LibreSSL 2.8.3'. See: https://github.com/urllib3/urllib3/issues/3020
  warnings.warn(
From github.com:tsy-del/tqqq
 * branch            main       -> FETCH_HEAD
HEAD is now at aabafea v4.3: Auto Cloud Sync config at 2026-06-04 08:00:07
Fetching highest frequency prices (v4.1) from yfinance...
Prices unchanged (TQQQ: 84.49, SOXL: 261.55). Skipping Git push to save history.
/Users/tsy/Library/Python/3.9/lib/python/site-packages/urllib3/__init__.py:35: NotOpenSSLWarning: urllib3 v2 only supports OpenSSL 1.1.1+, currently the 'ssl' module is compiled with 'LibreSSL 2.8.3'. See: https://github.com/urllib3/urllib3/issues/3020
  warnings.warn(
From github.com:tsy-del/tqqq
 * branch            main       -> FETCH_HEAD
HEAD is now at aabafea v4.3: Auto Cloud Sync config at 2026-06-04 08:00:07
Fetching highest frequency prices (v4.1) from yfinance...
Prices unchanged (TQQQ: 84.49, SOXL: 261.55). Skipping Git push to save history.
/Users/tsy/Library/Python/3.9/lib/python/site-packages/urllib3/__init__.py:35: NotOpenSSLWarning: urllib3 v2 only supports OpenSSL 1.1.1+, currently the 'ssl' module is compiled with 'LibreSSL 2.8.3'. See: https://github.com/urllib3/urllib3/issues/3020
  warnings.warn(
From github.com:tsy-del/tqqq
 * branch            main       -> FETCH_HEAD
HEAD is now at aabafea v4.3: Auto Cloud Sync config at 2026-06-04 08:00:07
Fetching highest frequency prices (v4.1) from yfinance...
Prices unchanged (TQQQ: 84.49, SOXL: 261.55). Skipping Git push to save history.
/Users/tsy/Library/Python/3.9/lib/python/site-packages/urllib3/__init__.py:35: NotOpenSSLWarning: urllib3 v2 only supports OpenSSL 1.1.1+, currently the 'ssl' module is compiled with 'LibreSSL 2.8.3'. See: https://github.com/urllib3/urllib3/issues/3020
  warnings.warn(
From github.com:tsy-del/tqqq
 * branch            main       -> FETCH_HEAD
HEAD is now at aabafea v4.3: Auto Cloud Sync config at 2026-06-04 08:00:07
Fetching highest frequency prices (v4.1) from yfinance...
Prices unchanged (TQQQ: 84.49, SOXL: 261.55). Skipping Git push to save history.
/Users/tsy/Library/Python/3.9/lib/python/site-packages/urllib3/__init__.py:35: NotOpenSSLWarning: urllib3 v2 only supports OpenSSL 1.1.1+, currently the 'ssl' module is compiled with 'LibreSSL 2.8.3'. See: https://github.com/urllib3/urllib3/issues/3020
  warnings.warn(
From github.com:tsy-del/tqqq
 * branch            main       -> FETCH_HEAD
HEAD is now at aabafea v4.3: Auto Cloud Sync config at 2026-06-04 08:00:07
Fetching highest frequency prices (v4.1) from yfinance...
Prices unchanged (TQQQ: 84.49, SOXL: 261.55). Skipping Git push to save history.
/Users/tsy/Library/Python/3.9/lib/python/site-packages/urllib3/__init__.py:35: NotOpenSSLWarning: urllib3 v2 only supports OpenSSL 1.1.1+, currently the 'ssl' module is compiled with 'LibreSSL 2.8.3'. See: https://github.com/urllib3/urllib3/issues/3020
  warnings.warn(
From github.com:tsy-del/tqqq
 * branch            main       -> FETCH_HEAD
HEAD is now at aabafea v4.3: Auto Cloud Sync config at 2026-06-04 08:00:07
Fetching highest frequency prices (v4.1) from yfinance...
Prices unchanged (TQQQ: 84.49, SOXL: 261.55). Skipping Git push to save history.
/Users/tsy/Library/Python/3.9/lib/python/site-packages/urllib3/__init__.py:35: NotOpenSSLWarning: urllib3 v2 only supports OpenSSL 1.1.1+, currently the 'ssl' module is compiled with 'LibreSSL 2.8.3'. See: https://github.com/urllib3/urllib3/issues/3020
  warnings.warn(
From github.com:tsy-del/tqqq
 * branch            main       -> FETCH_HEAD
HEAD is now at aabafea v4.3: Auto Cloud Sync config at 2026-06-04 08:00:07
Fetching highest frequency prices (v4.1) from yfinance...
Prices unchanged (TQQQ: 84.49, SOXL: 261.55). Skipping Git push to save history.
/Users/tsy/Library/Python/3.9/lib/python/site-packages/urllib3/__init__.py:35: NotOpenSSLWarning: urllib3 v2 only supports OpenSSL 1.1.1+, currently the 'ssl' module is compiled with 'LibreSSL 2.8.3'. See: https://github.com/urllib3/urllib3/issues/3020
  warnings.warn(
From github.com:tsy-del/tqqq
 * branch            main       -> FETCH_HEAD
HEAD is now at aabafea v4.3: Auto Cloud Sync config at 2026-06-04 08:00:07
Fetching highest frequency prices (v4.1) from yfinance...
Prices unchanged (TQQQ: 84.49, SOXL: 261.55). Skipping Git push to save history.
/Users/tsy/Library/Python/3.9/lib/python/site-packages/urllib3/__init__.py:35: NotOpenSSLWarning: urllib3 v2 only supports OpenSSL 1.1.1+, currently the 'ssl' module is compiled with 'LibreSSL 2.8.3'. See: https://github.com/urllib3/urllib3/issues/3020
  warnings.warn(
From github.com:tsy-del/tqqq
 * branch            main       -> FETCH_HEAD
HEAD is now at aabafea v4.3: Auto Cloud Sync config at 2026-06-04 08:00:07
Fetching highest frequency prices (v4.1) from yfinance...
Prices unchanged (TQQQ: 84.49, SOXL: 261.55). Skipping Git push to save history.
/Users/tsy/Library/Python/3.9/lib/python/site-packages/urllib3/__init__.py:35: NotOpenSSLWarning: urllib3 v2 only supports OpenSSL 1.1.1+, currently the 'ssl' module is compiled with 'LibreSSL 2.8.3'. See: https://github.com/urllib3/urllib3/issues/3020
  warnings.warn(
From github.com:tsy-del/tqqq
 * branch            main       -> FETCH_HEAD
HEAD is now at aabafea v4.3: Auto Cloud Sync config at 2026-06-04 08:00:07
Fetching highest frequency prices (v4.1) from yfinance...
Prices unchanged (TQQQ: 84.49, SOXL: 261.55). Skipping Git push to save history.
/Users/tsy/Library/Python/3.9/lib/python/site-packages/urllib3/__init__.py:35: NotOpenSSLWarning: urllib3 v2 only supports OpenSSL 1.1.1+, currently the 'ssl' module is compiled with 'LibreSSL 2.8.3'. See: https://github.com/urllib3/urllib3/issues/3020
  warnings.warn(
From github.com:tsy-del/tqqq
 * branch            main       -> FETCH_HEAD
HEAD is now at aabafea v4.3: Auto Cloud Sync config at 2026-06-04 08:00:07
Fetching highest frequency prices (v4.1) from yfinance...
Prices unchanged (TQQQ: 84.49, SOXL: 261.55). Skipping Git push to save history.
/Users/tsy/Library/Python/3.9/lib/python/site-packages/urllib3/__init__.py:35: NotOpenSSLWarning: urllib3 v2 only supports OpenSSL 1.1.1+, currently the 'ssl' module is compiled with 'LibreSSL 2.8.3'. See: https://github.com/urllib3/urllib3/issues/3020
  warnings.warn(
From github.com:tsy-del/tqqq
 * branch            main       -> FETCH_HEAD
HEAD is now at aabafea v4.3: Auto Cloud Sync config at 2026-06-04 08:00:07
Fetching highest frequency prices (v4.1) from yfinance...
Prices unchanged (TQQQ: 84.49, SOXL: 261.55). Skipping Git push to save history.
/Users/tsy/Library/Python/3.9/lib/python/site-packages/urllib3/__init__.py:35: NotOpenSSLWarning: urllib3 v2 only supports OpenSSL 1.1.1+, currently the 'ssl' module is compiled with 'LibreSSL 2.8.3'. See: https://github.com/urllib3/urllib3/issues/3020
  warnings.warn(
From github.com:tsy-del/tqqq
 * branch            main       -> FETCH_HEAD
HEAD is now at aabafea v4.3: Auto Cloud Sync config at 2026-06-04 08:00:07
Fetching highest frequency prices (v4.1) from yfinance...
Prices unchanged (TQQQ: 84.49, SOXL: 261.55). Skipping Git push to save history.
/Users/tsy/Library/Python/3.9/lib/python/site-packages/urllib3/__init__.py:35: NotOpenSSLWarning: urllib3 v2 only supports OpenSSL 1.1.1+, currently the 'ssl' module is compiled with 'LibreSSL 2.8.3'. See: https://github.com/urllib3/urllib3/issues/3020
  warnings.warn(
From github.com:tsy-del/tqqq
 * branch            main       -> FETCH_HEAD
HEAD is now at aabafea v4.3: Auto Cloud Sync config at 2026-06-04 08:00:07
Fetching highest frequency prices (v4.1) from yfinance...
Prices unchanged (TQQQ: 84.49, SOXL: 261.55). Skipping Git push to save history.
/Users/tsy/Library/Python/3.9/lib/python/site-packages/urllib3/__init__.py:35: NotOpenSSLWarning: urllib3 v2 only supports OpenSSL 1.1.1+, currently the 'ssl' module is compiled with 'LibreSSL 2.8.3'. See: https://github.com/urllib3/urllib3/issues/3020
  warnings.warn(
From github.com:tsy-del/tqqq
 * branch            main       -> FETCH_HEAD
HEAD is now at aabafea v4.3: Auto Cloud Sync config at 2026-06-04 08:00:07
Fetching highest frequency prices (v4.1) from yfinance...
Prices unchanged (TQQQ: 84.49, SOXL: 261.55). Skipping Git push to save history.
/Users/tsy/Library/Python/3.9/lib/python/site-packages/urllib3/__init__.py:35: NotOpenSSLWarning: urllib3 v2 only supports OpenSSL 1.1.1+, currently the 'ssl' module is compiled with 'LibreSSL 2.8.3'. See: https://github.com/urllib3/urllib3/issues/3020
  warnings.warn(
From github.com:tsy-del/tqqq
 * branch            main       -> FETCH_HEAD
HEAD is now at aabafea v4.3: Auto Cloud Sync config at 2026-06-04 08:00:07
Fetching highest frequency prices (v4.1) from yfinance...
Prices unchanged (TQQQ: 84.49, SOXL: 261.55). Skipping Git push to save history.
/Users/tsy/Library/Python/3.9/lib/python/site-packages/urllib3/__init__.py:35: NotOpenSSLWarning: urllib3 v2 only supports OpenSSL 1.1.1+, currently the 'ssl' module is compiled with 'LibreSSL 2.8.3'. See: https://github.com/urllib3/urllib3/issues/3020
  warnings.warn(
From github.com:tsy-del/tqqq
 * branch            main       -> FETCH_HEAD
HEAD is now at aabafea v4.3: Auto Cloud Sync config at 2026-06-04 08:00:07
[main 85aa0d9] v4.3: Auto Cloud Sync config at 2026-06-04 16:00:08
 2 files changed, 43 insertions(+), 43 deletions(-)
To github.com:tsy-del/tqqq.git
   aabafea..85aa0d9  main -> main
To github.com:tsy-del/tqqq.git
   aabafea..85aa0d9  main -> gh-pages
Fetching highest frequency prices (v4.1) from yfinance...
Update and push completed successfully.
/Users/tsy/Library/Python/3.9/lib/python/site-packages/urllib3/__init__.py:35: NotOpenSSLWarning: urllib3 v2 only supports OpenSSL 1.1.1+, currently the 'ssl' module is compiled with 'LibreSSL 2.8.3'. See: https://github.com/urllib3/urllib3/issues/3020
  warnings.warn(
From github.com:tsy-del/tqqq
 * branch            main       -> FETCH_HEAD
HEAD is now at 85aa0d9 v4.3: Auto Cloud Sync config at 2026-06-04 16:00:08
[main f6095dc] v4.3: Auto Cloud Sync config at 2026-06-04 16:15:07
 2 files changed, 43 insertions(+), 43 deletions(-)
To github.com:tsy-del/tqqq.git
   85aa0d9..f6095dc  main -> main
To github.com:tsy-del/tqqq.git
   85aa0d9..f6095dc  main -> gh-pages
Fetching highest frequency prices (v4.1) from yfinance...
Update and push completed successfully.
/Users/tsy/Library/Python/3.9/lib/python/site-packages/urllib3/__init__.py:35: NotOpenSSLWarning: urllib3 v2 only supports OpenSSL 1.1.1+, currently the 'ssl' module is compiled with 'LibreSSL 2.8.3'. See: https://github.com/urllib3/urllib3/issues/3020
  warnings.warn(
From github.com:tsy-del/tqqq
 * branch            main       -> FETCH_HEAD
HEAD is now at f6095dc v4.3: Auto Cloud Sync config at 2026-06-04 16:15:07
[main 1472542] v4.3: Auto Cloud Sync config at 2026-06-04 16:30:08
 2 files changed, 43 insertions(+), 43 deletions(-)
To github.com:tsy-del/tqqq.git
   f6095dc..1472542  main -> main
To github.com:tsy-del/tqqq.git
   f6095dc..1472542  main -> gh-pages
Fetching highest frequency prices (v4.1) from yfinance...
Update and push completed successfully.
/Users/tsy/Library/Python/3.9/lib/python/site-packages/urllib3/__init__.py:35: NotOpenSSLWarning: urllib3 v2 only supports OpenSSL 1.1.1+, currently the 'ssl' module is compiled with 'LibreSSL 2.8.3'. See: https://github.com/urllib3/urllib3/issues/3020
  warnings.warn(
From github.com:tsy-del/tqqq
 * branch            main       -> FETCH_HEAD
HEAD is now at 1472542 v4.3: Auto Cloud Sync config at 2026-06-04 16:30:08
[main 993bdc5] v4.3: Auto Cloud Sync config at 2026-06-04 16:45:07
 2 files changed, 41 insertions(+), 41 deletions(-)
To github.com:tsy-del/tqqq.git
   1472542..993bdc5  main -> main
To github.com:tsy-del/tqqq.git
   1472542..993bdc5  main -> gh-pages
Fetching highest frequency prices (v4.1) from yfinance...
Update and push completed successfully.
/Users/tsy/Library/Python/3.9/lib/python/site-packages/urllib3/__init__.py:35: NotOpenSSLWarning: urllib3 v2 only supports OpenSSL 1.1.1+, currently the 'ssl' module is compiled with 'LibreSSL 2.8.3'. See: https://github.com/urllib3/urllib3/issues/3020
  warnings.warn(
From github.com:tsy-del/tqqq
 * branch            main       -> FETCH_HEAD
HEAD is now at 993bdc5 v4.3: Auto Cloud Sync config at 2026-06-04 16:45:07
[main 7dc33ac] v4.3: Auto Cloud Sync config at 2026-06-04 17:00:08
 2 files changed, 43 insertions(+), 43 deletions(-)
To github.com:tsy-del/tqqq.git
   993bdc5..7dc33ac  main -> main
To github.com:tsy-del/tqqq.git
   993bdc5..7dc33ac  main -> gh-pages
Fetching highest frequency prices (v4.1) from yfinance...
Update and push completed successfully.
/Users/tsy/Library/Python/3.9/lib/python/site-packages/urllib3/__init__.py:35: NotOpenSSLWarning: urllib3 v2 only supports OpenSSL 1.1.1+, currently the 'ssl' module is compiled with 'LibreSSL 2.8.3'. See: https://github.com/urllib3/urllib3/issues/3020
  warnings.warn(
From github.com:tsy-del/tqqq
 * branch            main       -> FETCH_HEAD
HEAD is now at 7dc33ac v4.3: Auto Cloud Sync config at 2026-06-04 17:00:08
[main 673f187] v4.3: Auto Cloud Sync config at 2026-06-04 17:15:08
 2 files changed, 43 insertions(+), 43 deletions(-)
To github.com:tsy-del/tqqq.git
   7dc33ac..673f187  main -> main
To github.com:tsy-del/tqqq.git
   7dc33ac..673f187  main -> gh-pages
Fetching highest frequency prices (v4.1) from yfinance...
Update and push completed successfully.
/Users/tsy/Library/Python/3.9/lib/python/site-packages/urllib3/__init__.py:35: NotOpenSSLWarning: urllib3 v2 only supports OpenSSL 1.1.1+, currently the 'ssl' module is compiled with 'LibreSSL 2.8.3'. See: https://github.com/urllib3/urllib3/issues/3020
  warnings.warn(
From github.com:tsy-del/tqqq
 * branch            main       -> FETCH_HEAD
HEAD is now at 673f187 v4.3: Auto Cloud Sync config at 2026-06-04 17:15:08
[main c8d8da8] v4.3: Auto Cloud Sync config at 2026-06-04 17:30:08
 2 files changed, 43 insertions(+), 43 deletions(-)
To github.com:tsy-del/tqqq.git
   673f187..c8d8da8  main -> main
To github.com:tsy-del/tqqq.git
   673f187..c8d8da8  main -> gh-pages
Fetching highest frequency prices (v4.1) from yfinance...
Update and push completed successfully.
/Users/tsy/Library/Python/3.9/lib/python/site-packages/urllib3/__init__.py:35: NotOpenSSLWarning: urllib3 v2 only supports OpenSSL 1.1.1+, currently the 'ssl' module is compiled with 'LibreSSL 2.8.3'. See: https://github.com/urllib3/urllib3/issues/3020
  warnings.warn(
From github.com:tsy-del/tqqq
 * branch            main       -> FETCH_HEAD
HEAD is now at c8d8da8 v4.3: Auto Cloud Sync config at 2026-06-04 17:30:08
[main 44d6f77] v4.3: Auto Cloud Sync config at 2026-06-04 17:45:07
 2 files changed, 38 insertions(+), 38 deletions(-)
To github.com:tsy-del/tqqq.git
   c8d8da8..44d6f77  main -> main
To github.com:tsy-del/tqqq.git
   c8d8da8..44d6f77  main -> gh-pages
Fetching highest frequency prices (v4.1) from yfinance...
Update and push completed successfully.
/Users/tsy/Library/Python/3.9/lib/python/site-packages/urllib3/__init__.py:35: NotOpenSSLWarning: urllib3 v2 only supports OpenSSL 1.1.1+, currently the 'ssl' module is compiled with 'LibreSSL 2.8.3'. See: https://github.com/urllib3/urllib3/issues/3020
  warnings.warn(
From github.com:tsy-del/tqqq
 * branch            main       -> FETCH_HEAD
HEAD is now at 44d6f77 v4.3: Auto Cloud Sync config at 2026-06-04 17:45:07
[main fd4527e] v4.3: Auto Cloud Sync config at 2026-06-04 18:00:09
 2 files changed, 43 insertions(+), 43 deletions(-)
To github.com:tsy-del/tqqq.git
   44d6f77..fd4527e  main -> main
To github.com:tsy-del/tqqq.git
   44d6f77..fd4527e  main -> gh-pages
Fetching highest frequency prices (v4.1) from yfinance...
Update and push completed successfully.
/Users/tsy/Library/Python/3.9/lib/python/site-packages/urllib3/__init__.py:35: NotOpenSSLWarning: urllib3 v2 only supports OpenSSL 1.1.1+, currently the 'ssl' module is compiled with 'LibreSSL 2.8.3'. See: https://github.com/urllib3/urllib3/issues/3020
  warnings.warn(
From github.com:tsy-del/tqqq
 * branch            main       -> FETCH_HEAD
HEAD is now at fd4527e v4.3: Auto Cloud Sync config at 2026-06-04 18:00:09
[main 2a8a02c] v4.3: Auto Cloud Sync config at 2026-06-04 18:15:07
 2 files changed, 43 insertions(+), 43 deletions(-)
To github.com:tsy-del/tqqq.git
   fd4527e..2a8a02c  main -> main
To github.com:tsy-del/tqqq.git
   fd4527e..2a8a02c  main -> gh-pages
Fetching highest frequency prices (v4.1) from yfinance...
Update and push completed successfully.
/Users/tsy/Library/Python/3.9/lib/python/site-packages/urllib3/__init__.py:35: NotOpenSSLWarning: urllib3 v2 only supports OpenSSL 1.1.1+, currently the 'ssl' module is compiled with 'LibreSSL 2.8.3'. See: https://github.com/urllib3/urllib3/issues/3020
  warnings.warn(
From github.com:tsy-del/tqqq
 * branch            main       -> FETCH_HEAD
HEAD is now at 2a8a02c v4.3: Auto Cloud Sync config at 2026-06-04 18:15:07
[main 3da4530] v4.3: Auto Cloud Sync config at 2026-06-04 18:30:07
 2 files changed, 43 insertions(+), 43 deletions(-)
To github.com:tsy-del/tqqq.git
   2a8a02c..3da4530  main -> main
To github.com:tsy-del/tqqq.git
   2a8a02c..3da4530  main -> gh-pages
Fetching highest frequency prices (v4.1) from yfinance...
Update and push completed successfully.
/Users/tsy/Library/Python/3.9/lib/python/site-packages/urllib3/__init__.py:35: NotOpenSSLWarning: urllib3 v2 only supports OpenSSL 1.1.1+, currently the 'ssl' module is compiled with 'LibreSSL 2.8.3'. See: https://github.com/urllib3/urllib3/issues/3020
  warnings.warn(
From github.com:tsy-del/tqqq
 * branch            main       -> FETCH_HEAD
HEAD is now at 3da4530 v4.3: Auto Cloud Sync config at 2026-06-04 18:30:07
[main b45cc76] v4.3: Auto Cloud Sync config at 2026-06-04 18:45:08
 2 files changed, 43 insertions(+), 43 deletions(-)
To github.com:tsy-del/tqqq.git
   3da4530..b45cc76  main -> main
To github.com:tsy-del/tqqq.git
   3da4530..b45cc76  main -> gh-pages
Fetching highest frequency prices (v4.1) from yfinance...
Update and push completed successfully.
/Users/tsy/Library/Python/3.9/lib/python/site-packages/urllib3/__init__.py:35: NotOpenSSLWarning: urllib3 v2 only supports OpenSSL 1.1.1+, currently the 'ssl' module is compiled with 'LibreSSL 2.8.3'. See: https://github.com/urllib3/urllib3/issues/3020
  warnings.warn(
From github.com:tsy-del/tqqq
 * branch            main       -> FETCH_HEAD
HEAD is now at b45cc76 v4.3: Auto Cloud Sync config at 2026-06-04 18:45:08
[main 384b045] v4.3: Auto Cloud Sync config at 2026-06-04 19:00:07
 2 files changed, 38 insertions(+), 38 deletions(-)
To github.com:tsy-del/tqqq.git
   b45cc76..384b045  main -> main
To github.com:tsy-del/tqqq.git
   b45cc76..384b045  main -> gh-pages
Fetching highest frequency prices (v4.1) from yfinance...
Update and push completed successfully.
/Users/tsy/Library/Python/3.9/lib/python/site-packages/urllib3/__init__.py:35: NotOpenSSLWarning: urllib3 v2 only supports OpenSSL 1.1.1+, currently the 'ssl' module is compiled with 'LibreSSL 2.8.3'. See: https://github.com/urllib3/urllib3/issues/3020
  warnings.warn(
From github.com:tsy-del/tqqq
 * branch            main       -> FETCH_HEAD
HEAD is now at 384b045 v4.3: Auto Cloud Sync config at 2026-06-04 19:00:07
[main 71628df] v4.3: Auto Cloud Sync config at 2026-06-04 19:15:08
 2 files changed, 43 insertions(+), 43 deletions(-)
To github.com:tsy-del/tqqq.git
   384b045..71628df  main -> main
To github.com:tsy-del/tqqq.git
   384b045..71628df  main -> gh-pages
Fetching highest frequency prices (v4.1) from yfinance...
Update and push completed successfully.
/Users/tsy/Library/Python/3.9/lib/python/site-packages/urllib3/__init__.py:35: NotOpenSSLWarning: urllib3 v2 only supports OpenSSL 1.1.1+, currently the 'ssl' module is compiled with 'LibreSSL 2.8.3'. See: https://github.com/urllib3/urllib3/issues/3020
  warnings.warn(
From github.com:tsy-del/tqqq
 * branch            main       -> FETCH_HEAD
HEAD is now at 71628df v4.3: Auto Cloud Sync config at 2026-06-04 19:15:08
[main 275efcc] v4.3: Auto Cloud Sync config at 2026-06-04 19:30:07
 2 files changed, 42 insertions(+), 42 deletions(-)
To github.com:tsy-del/tqqq.git
   71628df..275efcc  main -> main
To github.com:tsy-del/tqqq.git
   71628df..275efcc  main -> gh-pages
Fetching highest frequency prices (v4.1) from yfinance...
Update and push completed successfully.
/Users/tsy/Library/Python/3.9/lib/python/site-packages/urllib3/__init__.py:35: NotOpenSSLWarning: urllib3 v2 only supports OpenSSL 1.1.1+, currently the 'ssl' module is compiled with 'LibreSSL 2.8.3'. See: https://github.com/urllib3/urllib3/issues/3020
  warnings.warn(
From github.com:tsy-del/tqqq
 * branch            main       -> FETCH_HEAD
HEAD is now at 275efcc v4.3: Auto Cloud Sync config at 2026-06-04 19:30:07
[main e40d0ac] v4.3: Auto Cloud Sync config at 2026-06-04 19:45:07
 2 files changed, 43 insertions(+), 43 deletions(-)
To github.com:tsy-del/tqqq.git
   275efcc..e40d0ac  main -> main
To github.com:tsy-del/tqqq.git
   275efcc..e40d0ac  main -> gh-pages
Fetching highest frequency prices (v4.1) from yfinance...
Update and push completed successfully.
/Users/tsy/Library/Python/3.9/lib/python/site-packages/urllib3/__init__.py:35: NotOpenSSLWarning: urllib3 v2 only supports OpenSSL 1.1.1+, currently the 'ssl' module is compiled with 'LibreSSL 2.8.3'. See: https://github.com/urllib3/urllib3/issues/3020
  warnings.warn(
From github.com:tsy-del/tqqq
 * branch            main       -> FETCH_HEAD
HEAD is now at e40d0ac v4.3: Auto Cloud Sync config at 2026-06-04 19:45:07
[main 5531cab] v4.3: Auto Cloud Sync config at 2026-06-04 20:00:07
 2 files changed, 43 insertions(+), 43 deletions(-)
To github.com:tsy-del/tqqq.git
   e40d0ac..5531cab  main -> main
To github.com:tsy-del/tqqq.git
   e40d0ac..5531cab  main -> gh-pages
Fetching highest frequency prices (v4.1) from yfinance...
Update and push completed successfully.
/Users/tsy/Library/Python/3.9/lib/python/site-packages/urllib3/__init__.py:35: NotOpenSSLWarning: urllib3 v2 only supports OpenSSL 1.1.1+, currently the 'ssl' module is compiled with 'LibreSSL 2.8.3'. See: https://github.com/urllib3/urllib3/issues/3020
  warnings.warn(
From github.com:tsy-del/tqqq
 * branch            main       -> FETCH_HEAD
HEAD is now at 5531cab v4.3: Auto Cloud Sync config at 2026-06-04 20:00:07
[main 7b70653] v4.3: Auto Cloud Sync config at 2026-06-04 20:15:06
 2 files changed, 43 insertions(+), 43 deletions(-)
To github.com:tsy-del/tqqq.git
   5531cab..7b70653  main -> main
To github.com:tsy-del/tqqq.git
   5531cab..7b70653  main -> gh-pages
Fetching highest frequency prices (v4.1) from yfinance...
Update and push completed successfully.
/Users/tsy/Library/Python/3.9/lib/python/site-packages/urllib3/__init__.py:35: NotOpenSSLWarning: urllib3 v2 only supports OpenSSL 1.1.1+, currently the 'ssl' module is compiled with 'LibreSSL 2.8.3'. See: https://github.com/urllib3/urllib3/issues/3020
  warnings.warn(
From github.com:tsy-del/tqqq
 * branch            main       -> FETCH_HEAD
HEAD is now at 7b70653 v4.3: Auto Cloud Sync config at 2026-06-04 20:15:06
[main 2829edd] v4.3: Auto Cloud Sync config at 2026-06-04 20:30:07
 2 files changed, 43 insertions(+), 43 deletions(-)
To github.com:tsy-del/tqqq.git
   7b70653..2829edd  main -> main
To github.com:tsy-del/tqqq.git
   7b70653..2829edd  main -> gh-pages
Fetching highest frequency prices (v4.1) from yfinance...
Update and push completed successfully.
/Users/tsy/Library/Python/3.9/lib/python/site-packages/urllib3/__init__.py:35: NotOpenSSLWarning: urllib3 v2 only supports OpenSSL 1.1.1+, currently the 'ssl' module is compiled with 'LibreSSL 2.8.3'. See: https://github.com/urllib3/urllib3/issues/3020
  warnings.warn(
From github.com:tsy-del/tqqq
 * branch            main       -> FETCH_HEAD
HEAD is now at 2829edd v4.3: Auto Cloud Sync config at 2026-06-04 20:30:07
[main d9bcab2] v4.3: Auto Cloud Sync config at 2026-06-04 20:45:07
 2 files changed, 43 insertions(+), 43 deletions(-)
To github.com:tsy-del/tqqq.git
   2829edd..d9bcab2  main -> main
To github.com:tsy-del/tqqq.git
   2829edd..d9bcab2  main -> gh-pages
Fetching highest frequency prices (v4.1) from yfinance...
Update and push completed successfully.
/Users/tsy/Library/Python/3.9/lib/python/site-packages/urllib3/__init__.py:35: NotOpenSSLWarning: urllib3 v2 only supports OpenSSL 1.1.1+, currently the 'ssl' module is compiled with 'LibreSSL 2.8.3'. See: https://github.com/urllib3/urllib3/issues/3020
  warnings.warn(
From github.com:tsy-del/tqqq
 * branch            main       -> FETCH_HEAD
HEAD is now at d9bcab2 v4.3: Auto Cloud Sync config at 2026-06-04 20:45:07
[main 9cc1001] v4.3: Auto Cloud Sync config at 2026-06-04 21:00:08
 2 files changed, 39 insertions(+), 39 deletions(-)
To github.com:tsy-del/tqqq.git
   d9bcab2..9cc1001  main -> main
To github.com:tsy-del/tqqq.git
   d9bcab2..9cc1001  main -> gh-pages
Fetching highest frequency prices (v4.1) from yfinance...
Update and push completed successfully.
/Users/tsy/Library/Python/3.9/lib/python/site-packages/urllib3/__init__.py:35: NotOpenSSLWarning: urllib3 v2 only supports OpenSSL 1.1.1+, currently the 'ssl' module is compiled with 'LibreSSL 2.8.3'. See: https://github.com/urllib3/urllib3/issues/3020
  warnings.warn(
From github.com:tsy-del/tqqq
 * branch            main       -> FETCH_HEAD
HEAD is now at 9cc1001 v4.3: Auto Cloud Sync config at 2026-06-04 21:00:08
[main f2b4645] v4.3: Auto Cloud Sync config at 2026-06-04 21:15:07
 2 files changed, 43 insertions(+), 43 deletions(-)
To github.com:tsy-del/tqqq.git
   9cc1001..f2b4645  main -> main
To github.com:tsy-del/tqqq.git
   9cc1001..f2b4645  main -> gh-pages
Fetching highest frequency prices (v4.1) from yfinance...
Update and push completed successfully.
/Users/tsy/Library/Python/3.9/lib/python/site-packages/urllib3/__init__.py:35: NotOpenSSLWarning: urllib3 v2 only supports OpenSSL 1.1.1+, currently the 'ssl' module is compiled with 'LibreSSL 2.8.3'. See: https://github.com/urllib3/urllib3/issues/3020
  warnings.warn(
From github.com:tsy-del/tqqq
 * branch            main       -> FETCH_HEAD
HEAD is now at f2b4645 v4.3: Auto Cloud Sync config at 2026-06-04 21:15:07
[main ff10ae1] v4.3: Auto Cloud Sync config at 2026-06-04 21:30:07
 2 files changed, 43 insertions(+), 43 deletions(-)
To github.com:tsy-del/tqqq.git
   f2b4645..ff10ae1  main -> main
To github.com:tsy-del/tqqq.git
   f2b4645..ff10ae1  main -> gh-pages
Fetching highest frequency prices (v4.1) from yfinance...
Update and push completed successfully.
/Users/tsy/Library/Python/3.9/lib/python/site-packages/urllib3/__init__.py:35: NotOpenSSLWarning: urllib3 v2 only supports OpenSSL 1.1.1+, currently the 'ssl' module is compiled with 'LibreSSL 2.8.3'. See: https://github.com/urllib3/urllib3/issues/3020
  warnings.warn(
From github.com:tsy-del/tqqq
 * branch            main       -> FETCH_HEAD
HEAD is now at ff10ae1 v4.3: Auto Cloud Sync config at 2026-06-04 21:30:07
[main 66f7852] v4.3: Auto Cloud Sync config at 2026-06-04 21:45:08
 2 files changed, 43 insertions(+), 43 deletions(-)
To github.com:tsy-del/tqqq.git
   ff10ae1..66f7852  main -> main
To github.com:tsy-del/tqqq.git
   ff10ae1..66f7852  main -> gh-pages
Fetching highest frequency prices (v4.1) from yfinance...
Update and push completed successfully.
/Users/tsy/Library/Python/3.9/lib/python/site-packages/urllib3/__init__.py:35: NotOpenSSLWarning: urllib3 v2 only supports OpenSSL 1.1.1+, currently the 'ssl' module is compiled with 'LibreSSL 2.8.3'. See: https://github.com/urllib3/urllib3/issues/3020
  warnings.warn(
From github.com:tsy-del/tqqq
 * branch            main       -> FETCH_HEAD
HEAD is now at 66f7852 v4.3: Auto Cloud Sync config at 2026-06-04 21:45:08
[main 8a03298] v4.3: Auto Cloud Sync config at 2026-06-04 22:00:07
 2 files changed, 43 insertions(+), 43 deletions(-)
To github.com:tsy-del/tqqq.git
   66f7852..8a03298  main -> main
To github.com:tsy-del/tqqq.git
   66f7852..8a03298  main -> gh-pages
Fetching highest frequency prices (v4.1) from yfinance...
Update and push completed successfully.
/Users/tsy/Library/Python/3.9/lib/python/site-packages/urllib3/__init__.py:35: NotOpenSSLWarning: urllib3 v2 only supports OpenSSL 1.1.1+, currently the 'ssl' module is compiled with 'LibreSSL 2.8.3'. See: https://github.com/urllib3/urllib3/issues/3020
  warnings.warn(
From github.com:tsy-del/tqqq
 * branch            main       -> FETCH_HEAD
HEAD is now at 89097fe v4.3: Auto Cloud Sync config at 2026-06-04 22:14:39
[main 0405bac] v4.3: Auto Cloud Sync config at 2026-06-04 22:15:06
 2 files changed, 43 insertions(+), 43 deletions(-)
To github.com:tsy-del/tqqq.git
   89097fe..0405bac  main -> main
To github.com:tsy-del/tqqq.git
   89097fe..0405bac  main -> gh-pages
Fetching highest frequency prices (v4.1) from yfinance...
Update and push completed successfully.
/Users/tsy/Library/Python/3.9/lib/python/site-packages/urllib3/__init__.py:35: NotOpenSSLWarning: urllib3 v2 only supports OpenSSL 1.1.1+, currently the 'ssl' module is compiled with 'LibreSSL 2.8.3'. See: https://github.com/urllib3/urllib3/issues/3020
  warnings.warn(
From github.com:tsy-del/tqqq
 * branch            main       -> FETCH_HEAD
HEAD is now at c10de43 v4.4: Auto Cloud Sync config at 2026-06-04 22:24:16
[main 49ae2d7] v4.4: Auto Cloud Sync config at 2026-06-04 22:30:07
 2 files changed, 50 insertions(+), 50 deletions(-)
To github.com:tsy-del/tqqq.git
   c10de43..49ae2d7  main -> main
To github.com:tsy-del/tqqq.git
   c10de43..49ae2d7  main -> gh-pages
Fetching highest frequency prices (v4.1) from yfinance...
Update and push completed successfully.
/Users/tsy/Library/Python/3.9/lib/python/site-packages/urllib3/__init__.py:35: NotOpenSSLWarning: urllib3 v2 only supports OpenSSL 1.1.1+, currently the 'ssl' module is compiled with 'LibreSSL 2.8.3'. See: https://github.com/urllib3/urllib3/issues/3020
  warnings.warn(
From github.com:tsy-del/tqqq
 * branch            main       -> FETCH_HEAD
HEAD is now at 49ae2d7 v4.4: Auto Cloud Sync config at 2026-06-04 22:30:07
[main 4783b08] v4.4: Auto Cloud Sync config at 2026-06-04 22:45:07
 2 files changed, 50 insertions(+), 50 deletions(-)
To github.com:tsy-del/tqqq.git
   49ae2d7..4783b08  main -> main
To github.com:tsy-del/tqqq.git
   49ae2d7..4783b08  main -> gh-pages
Fetching highest frequency prices (v4.1) from yfinance...
Update and push completed successfully.
/Users/tsy/Library/Python/3.9/lib/python/site-packages/urllib3/__init__.py:35: NotOpenSSLWarning: urllib3 v2 only supports OpenSSL 1.1.1+, currently the 'ssl' module is compiled with 'LibreSSL 2.8.3'. See: https://github.com/urllib3/urllib3/issues/3020
  warnings.warn(
From github.com:tsy-del/tqqq
 * branch            main       -> FETCH_HEAD
HEAD is now at 4783b08 v4.4: Auto Cloud Sync config at 2026-06-04 22:45:07
[main d4b3df8] v4.4: Auto Cloud Sync config at 2026-06-04 23:00:07
 2 files changed, 50 insertions(+), 50 deletions(-)
To github.com:tsy-del/tqqq.git
   4783b08..d4b3df8  main -> main
To github.com:tsy-del/tqqq.git
   4783b08..d4b3df8  main -> gh-pages
Fetching highest frequency prices (v4.1) from yfinance...
Update and push completed successfully.
/Users/tsy/Library/Python/3.9/lib/python/site-packages/urllib3/__init__.py:35: NotOpenSSLWarning: urllib3 v2 only supports OpenSSL 1.1.1+, currently the 'ssl' module is compiled with 'LibreSSL 2.8.3'. See: https://github.com/urllib3/urllib3/issues/3020
  warnings.warn(
From github.com:tsy-del/tqqq
 * branch            main       -> FETCH_HEAD
HEAD is now at 515bce4 v4.4: Auto Cloud Sync config at 2026-06-04 23:11:52
[main 831796a] v4.4: Auto Cloud Sync config at 2026-06-04 23:15:07
 2 files changed, 50 insertions(+), 50 deletions(-)
To github.com:tsy-del/tqqq.git
   515bce4..831796a  main -> main
To github.com:tsy-del/tqqq.git
   515bce4..831796a  main -> gh-pages
Fetching highest frequency prices (v4.1) from yfinance...
Update and push completed successfully.
/Users/tsy/Library/Python/3.9/lib/python/site-packages/urllib3/__init__.py:35: NotOpenSSLWarning: urllib3 v2 only supports OpenSSL 1.1.1+, currently the 'ssl' module is compiled with 'LibreSSL 2.8.3'. See: https://github.com/urllib3/urllib3/issues/3020
  warnings.warn(
From github.com:tsy-del/tqqq
 * branch            main       -> FETCH_HEAD
HEAD is now at 831796a v4.4: Auto Cloud Sync config at 2026-06-04 23:15:07
[main ce1ca58] v4.4: Auto Cloud Sync config at 2026-06-04 23:30:07
 2 files changed, 49 insertions(+), 49 deletions(-)
To github.com:tsy-del/tqqq.git
   831796a..ce1ca58  main -> main
To github.com:tsy-del/tqqq.git
   831796a..ce1ca58  main -> gh-pages
Fetching highest frequency prices (v4.1) from yfinance...
Update and push completed successfully.
/Users/tsy/Library/Python/3.9/lib/python/site-packages/urllib3/__init__.py:35: NotOpenSSLWarning: urllib3 v2 only supports OpenSSL 1.1.1+, currently the 'ssl' module is compiled with 'LibreSSL 2.8.3'. See: https://github.com/urllib3/urllib3/issues/3020
  warnings.warn(
From github.com:tsy-del/tqqq
 * branch            main       -> FETCH_HEAD
HEAD is now at ce1ca58 v4.4: Auto Cloud Sync config at 2026-06-04 23:30:07
[main 3704038] v4.4: Auto Cloud Sync config at 2026-06-04 23:45:07
 2 files changed, 50 insertions(+), 50 deletions(-)
To github.com:tsy-del/tqqq.git
   ce1ca58..3704038  main -> main
To github.com:tsy-del/tqqq.git
   ce1ca58..3704038  main -> gh-pages
Fetching highest frequency prices (v4.1) from yfinance...
Update and push completed successfully.
/Users/tsy/Library/Python/3.9/lib/python/site-packages/urllib3/__init__.py:35: NotOpenSSLWarning: urllib3 v2 only supports OpenSSL 1.1.1+, currently the 'ssl' module is compiled with 'LibreSSL 2.8.3'. See: https://github.com/urllib3/urllib3/issues/3020
  warnings.warn(
From github.com:tsy-del/tqqq
 * branch            main       -> FETCH_HEAD
HEAD is now at 3704038 v4.4: Auto Cloud Sync config at 2026-06-04 23:45:07
[main 27baf14] v4.4: Auto Cloud Sync config at 2026-06-05 00:00:08
 2 files changed, 49 insertions(+), 49 deletions(-)
To github.com:tsy-del/tqqq.git
   3704038..27baf14  main -> main
To github.com:tsy-del/tqqq.git
   3704038..27baf14  main -> gh-pages
Fetching highest frequency prices (v4.1) from yfinance...
Update and push completed successfully.
/Users/tsy/Library/Python/3.9/lib/python/site-packages/urllib3/__init__.py:35: NotOpenSSLWarning: urllib3 v2 only supports OpenSSL 1.1.1+, currently the 'ssl' module is compiled with 'LibreSSL 2.8.3'. See: https://github.com/urllib3/urllib3/issues/3020
  warnings.warn(
From github.com:tsy-del/tqqq
 * branch            main       -> FETCH_HEAD
HEAD is now at 27baf14 v4.4: Auto Cloud Sync config at 2026-06-05 00:00:08
[main 353bdbc] v4.4: Auto Cloud Sync config at 2026-06-05 00:15:07
 2 files changed, 50 insertions(+), 50 deletions(-)
To github.com:tsy-del/tqqq.git
   27baf14..353bdbc  main -> main
To github.com:tsy-del/tqqq.git
   27baf14..353bdbc  main -> gh-pages
Fetching highest frequency prices (v4.1) from yfinance...
Update and push completed successfully.
/Users/tsy/Library/Python/3.9/lib/python/site-packages/urllib3/__init__.py:35: NotOpenSSLWarning: urllib3 v2 only supports OpenSSL 1.1.1+, currently the 'ssl' module is compiled with 'LibreSSL 2.8.3'. See: https://github.com/urllib3/urllib3/issues/3020
  warnings.warn(
From github.com:tsy-del/tqqq
 * branch            main       -> FETCH_HEAD
HEAD is now at 353bdbc v4.4: Auto Cloud Sync config at 2026-06-05 00:15:07
[main d4de88d] v4.4: Auto Cloud Sync config at 2026-06-05 00:30:07
 2 files changed, 50 insertions(+), 50 deletions(-)
To github.com:tsy-del/tqqq.git
   353bdbc..d4de88d  main -> main
To github.com:tsy-del/tqqq.git
   353bdbc..d4de88d  main -> gh-pages
Fetching highest frequency prices (v4.1) from yfinance...
Update and push completed successfully.
/Users/tsy/Library/Python/3.9/lib/python/site-packages/urllib3/__init__.py:35: NotOpenSSLWarning: urllib3 v2 only supports OpenSSL 1.1.1+, currently the 'ssl' module is compiled with 'LibreSSL 2.8.3'. See: https://github.com/urllib3/urllib3/issues/3020
  warnings.warn(
From github.com:tsy-del/tqqq
 * branch            main       -> FETCH_HEAD
HEAD is now at d4de88d v4.4: Auto Cloud Sync config at 2026-06-05 00:30:07
[main c7d5829] v4.4: Auto Cloud Sync config at 2026-06-05 00:45:07
 2 files changed, 49 insertions(+), 49 deletions(-)
To github.com:tsy-del/tqqq.git
   d4de88d..c7d5829  main -> main
To github.com:tsy-del/tqqq.git
   d4de88d..c7d5829  main -> gh-pages
Fetching highest frequency prices (v4.1) from yfinance...
Update and push completed successfully.
/Users/tsy/Library/Python/3.9/lib/python/site-packages/urllib3/__init__.py:35: NotOpenSSLWarning: urllib3 v2 only supports OpenSSL 1.1.1+, currently the 'ssl' module is compiled with 'LibreSSL 2.8.3'. See: https://github.com/urllib3/urllib3/issues/3020
  warnings.warn(
From github.com:tsy-del/tqqq
 * branch            main       -> FETCH_HEAD
HEAD is now at c7d5829 v4.4: Auto Cloud Sync config at 2026-06-05 00:45:07
[main d9cd1fb] v4.4: Auto Cloud Sync config at 2026-06-05 01:00:07
 2 files changed, 48 insertions(+), 48 deletions(-)
To github.com:tsy-del/tqqq.git
   c7d5829..d9cd1fb  main -> main
To github.com:tsy-del/tqqq.git
   c7d5829..d9cd1fb  main -> gh-pages
Fetching highest frequency prices (v4.1) from yfinance...
Update and push completed successfully.
/Users/tsy/Library/Python/3.9/lib/python/site-packages/urllib3/__init__.py:35: NotOpenSSLWarning: urllib3 v2 only supports OpenSSL 1.1.1+, currently the 'ssl' module is compiled with 'LibreSSL 2.8.3'. See: https://github.com/urllib3/urllib3/issues/3020
  warnings.warn(
From github.com:tsy-del/tqqq
 * branch            main       -> FETCH_HEAD
HEAD is now at d9cd1fb v4.4: Auto Cloud Sync config at 2026-06-05 01:00:07
[main b1801f1] v4.4: Auto Cloud Sync config at 2026-06-05 01:15:07
 2 files changed, 50 insertions(+), 50 deletions(-)
To github.com:tsy-del/tqqq.git
   d9cd1fb..b1801f1  main -> main
To github.com:tsy-del/tqqq.git
   d9cd1fb..b1801f1  main -> gh-pages
Fetching highest frequency prices (v4.1) from yfinance...
Update and push completed successfully.
/Users/tsy/Library/Python/3.9/lib/python/site-packages/urllib3/__init__.py:35: NotOpenSSLWarning: urllib3 v2 only supports OpenSSL 1.1.1+, currently the 'ssl' module is compiled with 'LibreSSL 2.8.3'. See: https://github.com/urllib3/urllib3/issues/3020
  warnings.warn(
From github.com:tsy-del/tqqq
 * branch            main       -> FETCH_HEAD
HEAD is now at b1801f1 v4.4: Auto Cloud Sync config at 2026-06-05 01:15:07
[main 3f08cdc] v4.4: Auto Cloud Sync config at 2026-06-05 01:30:07
 2 files changed, 50 insertions(+), 50 deletions(-)
To github.com:tsy-del/tqqq.git
   b1801f1..3f08cdc  main -> main
To github.com:tsy-del/tqqq.git
   b1801f1..3f08cdc  main -> gh-pages
Fetching highest frequency prices (v4.1) from yfinance...
Update and push completed successfully.
/Users/tsy/Library/Python/3.9/lib/python/site-packages/urllib3/__init__.py:35: NotOpenSSLWarning: urllib3 v2 only supports OpenSSL 1.1.1+, currently the 'ssl' module is compiled with 'LibreSSL 2.8.3'. See: https://github.com/urllib3/urllib3/issues/3020
  warnings.warn(
From github.com:tsy-del/tqqq
 * branch            main       -> FETCH_HEAD
HEAD is now at 3f08cdc v4.4: Auto Cloud Sync config at 2026-06-05 01:30:07
[main 0f42f35] v4.4: Auto Cloud Sync config at 2026-06-05 01:45:07
 2 files changed, 50 insertions(+), 50 deletions(-)
To github.com:tsy-del/tqqq.git
   3f08cdc..0f42f35  main -> main
To github.com:tsy-del/tqqq.git
   3f08cdc..0f42f35  main -> gh-pages
Fetching highest frequency prices (v4.1) from yfinance...
Update and push completed successfully.
/Users/tsy/Library/Python/3.9/lib/python/site-packages/urllib3/__init__.py:35: NotOpenSSLWarning: urllib3 v2 only supports OpenSSL 1.1.1+, currently the 'ssl' module is compiled with 'LibreSSL 2.8.3'. See: https://github.com/urllib3/urllib3/issues/3020
  warnings.warn(
From github.com:tsy-del/tqqq
 * branch            main       -> FETCH_HEAD
HEAD is now at 0f42f35 v4.4: Auto Cloud Sync config at 2026-06-05 01:45:07
[main f5c407e] v4.4: Auto Cloud Sync config at 2026-06-05 02:00:07
 2 files changed, 50 insertions(+), 50 deletions(-)
To github.com:tsy-del/tqqq.git
   0f42f35..f5c407e  main -> main
To github.com:tsy-del/tqqq.git
   0f42f35..f5c407e  main -> gh-pages
Fetching highest frequency prices (v4.1) from yfinance...
Update and push completed successfully.
/Users/tsy/Library/Python/3.9/lib/python/site-packages/urllib3/__init__.py:35: NotOpenSSLWarning: urllib3 v2 only supports OpenSSL 1.1.1+, currently the 'ssl' module is compiled with 'LibreSSL 2.8.3'. See: https://github.com/urllib3/urllib3/issues/3020
  warnings.warn(
From github.com:tsy-del/tqqq
 * branch            main       -> FETCH_HEAD
HEAD is now at f5c407e v4.4: Auto Cloud Sync config at 2026-06-05 02:00:07
[main 014c188] v4.4: Auto Cloud Sync config at 2026-06-05 02:15:07
 2 files changed, 50 insertions(+), 50 deletions(-)
To github.com:tsy-del/tqqq.git
   f5c407e..014c188  main -> main
To github.com:tsy-del/tqqq.git
   f5c407e..014c188  main -> gh-pages
Fetching highest frequency prices (v4.1) from yfinance...
Update and push completed successfully.
/Users/tsy/Library/Python/3.9/lib/python/site-packages/urllib3/__init__.py:35: NotOpenSSLWarning: urllib3 v2 only supports OpenSSL 1.1.1+, currently the 'ssl' module is compiled with 'LibreSSL 2.8.3'. See: https://github.com/urllib3/urllib3/issues/3020
  warnings.warn(
From github.com:tsy-del/tqqq
 * branch            main       -> FETCH_HEAD
HEAD is now at 014c188 v4.4: Auto Cloud Sync config at 2026-06-05 02:15:07
[main 15b6f38] v4.4: Auto Cloud Sync config at 2026-06-05 02:30:07
 2 files changed, 49 insertions(+), 49 deletions(-)
To github.com:tsy-del/tqqq.git
   014c188..15b6f38  main -> main
To github.com:tsy-del/tqqq.git
   014c188..15b6f38  main -> gh-pages
Fetching highest frequency prices (v4.1) from yfinance...
Update and push completed successfully.
/Users/tsy/Library/Python/3.9/lib/python/site-packages/urllib3/__init__.py:35: NotOpenSSLWarning: urllib3 v2 only supports OpenSSL 1.1.1+, currently the 'ssl' module is compiled with 'LibreSSL 2.8.3'. See: https://github.com/urllib3/urllib3/issues/3020
  warnings.warn(
From github.com:tsy-del/tqqq
 * branch            main       -> FETCH_HEAD
HEAD is now at 15b6f38 v4.4: Auto Cloud Sync config at 2026-06-05 02:30:07
[main 7b2fc7e] v4.4: Auto Cloud Sync config at 2026-06-05 02:45:07
 2 files changed, 50 insertions(+), 50 deletions(-)
To github.com:tsy-del/tqqq.git
   15b6f38..7b2fc7e  main -> main
To github.com:tsy-del/tqqq.git
   15b6f38..7b2fc7e  main -> gh-pages
Fetching highest frequency prices (v4.1) from yfinance...
Update and push completed successfully.
/Users/tsy/Library/Python/3.9/lib/python/site-packages/urllib3/__init__.py:35: NotOpenSSLWarning: urllib3 v2 only supports OpenSSL 1.1.1+, currently the 'ssl' module is compiled with 'LibreSSL 2.8.3'. See: https://github.com/urllib3/urllib3/issues/3020
  warnings.warn(
From github.com:tsy-del/tqqq
 * branch            main       -> FETCH_HEAD
HEAD is now at 7b2fc7e v4.4: Auto Cloud Sync config at 2026-06-05 02:45:07
[main f7aacb1] v4.4: Auto Cloud Sync config at 2026-06-05 03:00:08
 2 files changed, 50 insertions(+), 50 deletions(-)
To github.com:tsy-del/tqqq.git
   7b2fc7e..f7aacb1  main -> main
To github.com:tsy-del/tqqq.git
   7b2fc7e..f7aacb1  main -> gh-pages
Fetching highest frequency prices (v4.1) from yfinance...
Update and push completed successfully.
/Users/tsy/Library/Python/3.9/lib/python/site-packages/urllib3/__init__.py:35: NotOpenSSLWarning: urllib3 v2 only supports OpenSSL 1.1.1+, currently the 'ssl' module is compiled with 'LibreSSL 2.8.3'. See: https://github.com/urllib3/urllib3/issues/3020
  warnings.warn(
From github.com:tsy-del/tqqq
 * branch            main       -> FETCH_HEAD
HEAD is now at f7aacb1 v4.4: Auto Cloud Sync config at 2026-06-05 03:00:08
[main 0b123f7] v4.4: Auto Cloud Sync config at 2026-06-05 03:15:07
 2 files changed, 48 insertions(+), 48 deletions(-)
To github.com:tsy-del/tqqq.git
   f7aacb1..0b123f7  main -> main
To github.com:tsy-del/tqqq.git
   f7aacb1..0b123f7  main -> gh-pages
Fetching highest frequency prices (v4.1) from yfinance...
Update and push completed successfully.
/Users/tsy/Library/Python/3.9/lib/python/site-packages/urllib3/__init__.py:35: NotOpenSSLWarning: urllib3 v2 only supports OpenSSL 1.1.1+, currently the 'ssl' module is compiled with 'LibreSSL 2.8.3'. See: https://github.com/urllib3/urllib3/issues/3020
  warnings.warn(
From github.com:tsy-del/tqqq
 * branch            main       -> FETCH_HEAD
HEAD is now at 0b123f7 v4.4: Auto Cloud Sync config at 2026-06-05 03:15:07
[main 85bd937] v4.4: Auto Cloud Sync config at 2026-06-05 03:30:07
 2 files changed, 50 insertions(+), 50 deletions(-)
To github.com:tsy-del/tqqq.git
   0b123f7..85bd937  main -> main
To github.com:tsy-del/tqqq.git
   0b123f7..85bd937  main -> gh-pages
Fetching highest frequency prices (v4.1) from yfinance...
Update and push completed successfully.
/Users/tsy/Library/Python/3.9/lib/python/site-packages/urllib3/__init__.py:35: NotOpenSSLWarning: urllib3 v2 only supports OpenSSL 1.1.1+, currently the 'ssl' module is compiled with 'LibreSSL 2.8.3'. See: https://github.com/urllib3/urllib3/issues/3020
  warnings.warn(
From github.com:tsy-del/tqqq
 * branch            main       -> FETCH_HEAD
HEAD is now at 85bd937 v4.4: Auto Cloud Sync config at 2026-06-05 03:30:07
[main 31b1600] v4.4: Auto Cloud Sync config at 2026-06-05 03:45:08
 2 files changed, 50 insertions(+), 50 deletions(-)
To github.com:tsy-del/tqqq.git
   85bd937..31b1600  main -> main
To github.com:tsy-del/tqqq.git
   85bd937..31b1600  main -> gh-pages
Fetching highest frequency prices (v4.1) from yfinance...
Update and push completed successfully.
/Users/tsy/Library/Python/3.9/lib/python/site-packages/urllib3/__init__.py:35: NotOpenSSLWarning: urllib3 v2 only supports OpenSSL 1.1.1+, currently the 'ssl' module is compiled with 'LibreSSL 2.8.3'. See: https://github.com/urllib3/urllib3/issues/3020
  warnings.warn(
From github.com:tsy-del/tqqq
 * branch            main       -> FETCH_HEAD
HEAD is now at 31b1600 v4.4: Auto Cloud Sync config at 2026-06-05 03:45:08
[main 8e65f80] v4.4: Auto Cloud Sync config at 2026-06-05 04:00:07
 2 files changed, 50 insertions(+), 50 deletions(-)
To github.com:tsy-del/tqqq.git
   31b1600..8e65f80  main -> main
To github.com:tsy-del/tqqq.git
   31b1600..8e65f80  main -> gh-pages
Fetching highest frequency prices (v4.1) from yfinance...
Update and push completed successfully.
/Users/tsy/Library/Python/3.9/lib/python/site-packages/urllib3/__init__.py:35: NotOpenSSLWarning: urllib3 v2 only supports OpenSSL 1.1.1+, currently the 'ssl' module is compiled with 'LibreSSL 2.8.3'. See: https://github.com/urllib3/urllib3/issues/3020
  warnings.warn(
From github.com:tsy-del/tqqq
 * branch            main       -> FETCH_HEAD
HEAD is now at 8e65f80 v4.4: Auto Cloud Sync config at 2026-06-05 04:00:07
[main 484444f] v4.4: Auto Cloud Sync config at 2026-06-05 04:15:07
 2 files changed, 50 insertions(+), 50 deletions(-)
To github.com:tsy-del/tqqq.git
   8e65f80..484444f  main -> main
To github.com:tsy-del/tqqq.git
   8e65f80..484444f  main -> gh-pages
Fetching highest frequency prices (v4.1) from yfinance...
Update and push completed successfully.
/Users/tsy/Library/Python/3.9/lib/python/site-packages/urllib3/__init__.py:35: NotOpenSSLWarning: urllib3 v2 only supports OpenSSL 1.1.1+, currently the 'ssl' module is compiled with 'LibreSSL 2.8.3'. See: https://github.com/urllib3/urllib3/issues/3020
  warnings.warn(
From github.com:tsy-del/tqqq
 * branch            main       -> FETCH_HEAD
HEAD is now at 484444f v4.4: Auto Cloud Sync config at 2026-06-05 04:15:07
[main 113cef4] v4.4: Auto Cloud Sync config at 2026-06-05 04:30:08
 2 files changed, 50 insertions(+), 50 deletions(-)
To github.com:tsy-del/tqqq.git
   484444f..113cef4  main -> main
To github.com:tsy-del/tqqq.git
   484444f..113cef4  main -> gh-pages
Fetching highest frequency prices (v4.1) from yfinance...
Update and push completed successfully.
/Users/tsy/Library/Python/3.9/lib/python/site-packages/urllib3/__init__.py:35: NotOpenSSLWarning: urllib3 v2 only supports OpenSSL 1.1.1+, currently the 'ssl' module is compiled with 'LibreSSL 2.8.3'. See: https://github.com/urllib3/urllib3/issues/3020
  warnings.warn(
From github.com:tsy-del/tqqq
 * branch            main       -> FETCH_HEAD
HEAD is now at 113cef4 v4.4: Auto Cloud Sync config at 2026-06-05 04:30:08
[main 7c30daf] v4.4: Auto Cloud Sync config at 2026-06-05 04:45:07
 2 files changed, 47 insertions(+), 47 deletions(-)
To github.com:tsy-del/tqqq.git
   113cef4..7c30daf  main -> main
To github.com:tsy-del/tqqq.git
   113cef4..7c30daf  main -> gh-pages
Fetching highest frequency prices (v4.1) from yfinance...
Update and push completed successfully.
/Users/tsy/Library/Python/3.9/lib/python/site-packages/urllib3/__init__.py:35: NotOpenSSLWarning: urllib3 v2 only supports OpenSSL 1.1.1+, currently the 'ssl' module is compiled with 'LibreSSL 2.8.3'. See: https://github.com/urllib3/urllib3/issues/3020
  warnings.warn(
From github.com:tsy-del/tqqq
 * branch            main       -> FETCH_HEAD
HEAD is now at 7c30daf v4.4: Auto Cloud Sync config at 2026-06-05 04:45:07
[main ef4666d] v4.4: Auto Cloud Sync config at 2026-06-05 05:00:07
 2 files changed, 49 insertions(+), 49 deletions(-)
To github.com:tsy-del/tqqq.git
   7c30daf..ef4666d  main -> main
To github.com:tsy-del/tqqq.git
   7c30daf..ef4666d  main -> gh-pages
Fetching highest frequency prices (v4.1) from yfinance...
Update and push completed successfully.
/Users/tsy/Library/Python/3.9/lib/python/site-packages/urllib3/__init__.py:35: NotOpenSSLWarning: urllib3 v2 only supports OpenSSL 1.1.1+, currently the 'ssl' module is compiled with 'LibreSSL 2.8.3'. See: https://github.com/urllib3/urllib3/issues/3020
  warnings.warn(
From github.com:tsy-del/tqqq
 * branch            main       -> FETCH_HEAD
HEAD is now at ef4666d v4.4: Auto Cloud Sync config at 2026-06-05 05:00:07
[main 7e1e762] v4.4: Auto Cloud Sync config at 2026-06-05 05:15:07
 2 files changed, 45 insertions(+), 45 deletions(-)
To github.com:tsy-del/tqqq.git
   ef4666d..7e1e762  main -> main
To github.com:tsy-del/tqqq.git
   ef4666d..7e1e762  main -> gh-pages
Fetching highest frequency prices (v4.1) from yfinance...
Update and push completed successfully.
/Users/tsy/Library/Python/3.9/lib/python/site-packages/urllib3/__init__.py:35: NotOpenSSLWarning: urllib3 v2 only supports OpenSSL 1.1.1+, currently the 'ssl' module is compiled with 'LibreSSL 2.8.3'. See: https://github.com/urllib3/urllib3/issues/3020
  warnings.warn(
From github.com:tsy-del/tqqq
 * branch            main       -> FETCH_HEAD
HEAD is now at 7e1e762 v4.4: Auto Cloud Sync config at 2026-06-05 05:15:07
[main 1b49639] v4.4: Auto Cloud Sync config at 2026-06-05 05:30:07
 2 files changed, 45 insertions(+), 45 deletions(-)
To github.com:tsy-del/tqqq.git
   7e1e762..1b49639  main -> main
To github.com:tsy-del/tqqq.git
   7e1e762..1b49639  main -> gh-pages
Fetching highest frequency prices (v4.1) from yfinance...
Update and push completed successfully.
/Users/tsy/Library/Python/3.9/lib/python/site-packages/urllib3/__init__.py:35: NotOpenSSLWarning: urllib3 v2 only supports OpenSSL 1.1.1+, currently the 'ssl' module is compiled with 'LibreSSL 2.8.3'. See: https://github.com/urllib3/urllib3/issues/3020
  warnings.warn(
From github.com:tsy-del/tqqq
 * branch            main       -> FETCH_HEAD
HEAD is now at 1b49639 v4.4: Auto Cloud Sync config at 2026-06-05 05:30:07
[main e9b65b9] v4.4: Auto Cloud Sync config at 2026-06-05 05:45:08
 2 files changed, 46 insertions(+), 46 deletions(-)
To github.com:tsy-del/tqqq.git
   1b49639..e9b65b9  main -> main
To github.com:tsy-del/tqqq.git
   1b49639..e9b65b9  main -> gh-pages
Fetching highest frequency prices (v4.1) from yfinance...
Update and push completed successfully.
/Users/tsy/Library/Python/3.9/lib/python/site-packages/urllib3/__init__.py:35: NotOpenSSLWarning: urllib3 v2 only supports OpenSSL 1.1.1+, currently the 'ssl' module is compiled with 'LibreSSL 2.8.3'. See: https://github.com/urllib3/urllib3/issues/3020
  warnings.warn(
From github.com:tsy-del/tqqq
 * branch            main       -> FETCH_HEAD
HEAD is now at e9b65b9 v4.4: Auto Cloud Sync config at 2026-06-05 05:45:08
[main 1611e71] v4.4: Auto Cloud Sync config at 2026-06-05 06:00:07
 2 files changed, 50 insertions(+), 50 deletions(-)
To github.com:tsy-del/tqqq.git
   e9b65b9..1611e71  main -> main
To github.com:tsy-del/tqqq.git
   e9b65b9..1611e71  main -> gh-pages
Fetching highest frequency prices (v4.1) from yfinance...
Update and push completed successfully.
/Users/tsy/Library/Python/3.9/lib/python/site-packages/urllib3/__init__.py:35: NotOpenSSLWarning: urllib3 v2 only supports OpenSSL 1.1.1+, currently the 'ssl' module is compiled with 'LibreSSL 2.8.3'. See: https://github.com/urllib3/urllib3/issues/3020
  warnings.warn(
From github.com:tsy-del/tqqq
 * branch            main       -> FETCH_HEAD
HEAD is now at 1611e71 v4.4: Auto Cloud Sync config at 2026-06-05 06:00:07
[main 40c2ad5] v4.4: Auto Cloud Sync config at 2026-06-05 06:15:07
 2 files changed, 50 insertions(+), 50 deletions(-)
To github.com:tsy-del/tqqq.git
   1611e71..40c2ad5  main -> main
To github.com:tsy-del/tqqq.git
   1611e71..40c2ad5  main -> gh-pages
Fetching highest frequency prices (v4.1) from yfinance...
Update and push completed successfully.
/Users/tsy/Library/Python/3.9/lib/python/site-packages/urllib3/__init__.py:35: NotOpenSSLWarning: urllib3 v2 only supports OpenSSL 1.1.1+, currently the 'ssl' module is compiled with 'LibreSSL 2.8.3'. See: https://github.com/urllib3/urllib3/issues/3020
  warnings.warn(
From github.com:tsy-del/tqqq
 * branch            main       -> FETCH_HEAD
HEAD is now at 40c2ad5 v4.4: Auto Cloud Sync config at 2026-06-05 06:15:07
[main 737ed8a] v4.4: Auto Cloud Sync config at 2026-06-05 06:30:07
 2 files changed, 50 insertions(+), 50 deletions(-)
To github.com:tsy-del/tqqq.git
   40c2ad5..737ed8a  main -> main
To github.com:tsy-del/tqqq.git
   40c2ad5..737ed8a  main -> gh-pages
Fetching highest frequency prices (v4.1) from yfinance...
Update and push completed successfully.
/Users/tsy/Library/Python/3.9/lib/python/site-packages/urllib3/__init__.py:35: NotOpenSSLWarning: urllib3 v2 only supports OpenSSL 1.1.1+, currently the 'ssl' module is compiled with 'LibreSSL 2.8.3'. See: https://github.com/urllib3/urllib3/issues/3020
  warnings.warn(
From github.com:tsy-del/tqqq
 * branch            main       -> FETCH_HEAD
HEAD is now at 737ed8a v4.4: Auto Cloud Sync config at 2026-06-05 06:30:07
[main 5ea4ef9] v4.4: Auto Cloud Sync config at 2026-06-05 06:45:08
 2 files changed, 47 insertions(+), 47 deletions(-)
To github.com:tsy-del/tqqq.git
   737ed8a..5ea4ef9  main -> main
To github.com:tsy-del/tqqq.git
   737ed8a..5ea4ef9  main -> gh-pages
Fetching highest frequency prices (v4.1) from yfinance...
Update and push completed successfully.
/Users/tsy/Library/Python/3.9/lib/python/site-packages/urllib3/__init__.py:35: NotOpenSSLWarning: urllib3 v2 only supports OpenSSL 1.1.1+, currently the 'ssl' module is compiled with 'LibreSSL 2.8.3'. See: https://github.com/urllib3/urllib3/issues/3020
  warnings.warn(
From github.com:tsy-del/tqqq
 * branch            main       -> FETCH_HEAD
HEAD is now at 5ea4ef9 v4.4: Auto Cloud Sync config at 2026-06-05 06:45:08
[main 943a8ac] v4.4: Auto Cloud Sync config at 2026-06-05 07:00:07
 2 files changed, 50 insertions(+), 50 deletions(-)
To github.com:tsy-del/tqqq.git
   5ea4ef9..943a8ac  main -> main
To github.com:tsy-del/tqqq.git
   5ea4ef9..943a8ac  main -> gh-pages
Fetching highest frequency prices (v4.1) from yfinance...
Update and push completed successfully.
/Users/tsy/Library/Python/3.9/lib/python/site-packages/urllib3/__init__.py:35: NotOpenSSLWarning: urllib3 v2 only supports OpenSSL 1.1.1+, currently the 'ssl' module is compiled with 'LibreSSL 2.8.3'. See: https://github.com/urllib3/urllib3/issues/3020
  warnings.warn(
From github.com:tsy-del/tqqq
 * branch            main       -> FETCH_HEAD
HEAD is now at 943a8ac v4.4: Auto Cloud Sync config at 2026-06-05 07:00:07
[main 5bcc37c] v4.4: Auto Cloud Sync config at 2026-06-05 07:15:08
 2 files changed, 50 insertions(+), 50 deletions(-)
To github.com:tsy-del/tqqq.git
   943a8ac..5bcc37c  main -> main
To github.com:tsy-del/tqqq.git
   943a8ac..5bcc37c  main -> gh-pages
Fetching highest frequency prices (v4.1) from yfinance...
Update and push completed successfully.
/Users/tsy/Library/Python/3.9/lib/python/site-packages/urllib3/__init__.py:35: NotOpenSSLWarning: urllib3 v2 only supports OpenSSL 1.1.1+, currently the 'ssl' module is compiled with 'LibreSSL 2.8.3'. See: https://github.com/urllib3/urllib3/issues/3020
  warnings.warn(
From github.com:tsy-del/tqqq
 * branch            main       -> FETCH_HEAD
HEAD is now at 5bcc37c v4.4: Auto Cloud Sync config at 2026-06-05 07:15:08
[main 67abc87] v4.4: Auto Cloud Sync config at 2026-06-05 07:30:08
 2 files changed, 50 insertions(+), 50 deletions(-)
To github.com:tsy-del/tqqq.git
   5bcc37c..67abc87  main -> main
To github.com:tsy-del/tqqq.git
   5bcc37c..67abc87  main -> gh-pages
Fetching highest frequency prices (v4.1) from yfinance...
Update and push completed successfully.
/Users/tsy/Library/Python/3.9/lib/python/site-packages/urllib3/__init__.py:35: NotOpenSSLWarning: urllib3 v2 only supports OpenSSL 1.1.1+, currently the 'ssl' module is compiled with 'LibreSSL 2.8.3'. See: https://github.com/urllib3/urllib3/issues/3020
  warnings.warn(
From github.com:tsy-del/tqqq
 * branch            main       -> FETCH_HEAD
HEAD is now at 67abc87 v4.4: Auto Cloud Sync config at 2026-06-05 07:30:08
[main d5a5ae5] v4.4: Auto Cloud Sync config at 2026-06-05 07:45:07
 2 files changed, 50 insertions(+), 50 deletions(-)
To github.com:tsy-del/tqqq.git
   67abc87..d5a5ae5  main -> main
To github.com:tsy-del/tqqq.git
   67abc87..d5a5ae5  main -> gh-pages
Fetching highest frequency prices (v4.1) from yfinance...
Update and push completed successfully.
/Users/tsy/Library/Python/3.9/lib/python/site-packages/urllib3/__init__.py:35: NotOpenSSLWarning: urllib3 v2 only supports OpenSSL 1.1.1+, currently the 'ssl' module is compiled with 'LibreSSL 2.8.3'. See: https://github.com/urllib3/urllib3/issues/3020
  warnings.warn(
From github.com:tsy-del/tqqq
 * branch            main       -> FETCH_HEAD
HEAD is now at d5a5ae5 v4.4: Auto Cloud Sync config at 2026-06-05 07:45:07
[main 68a94c9] v4.4: Auto Cloud Sync config at 2026-06-05 08:00:08
 2 files changed, 50 insertions(+), 50 deletions(-)
To github.com:tsy-del/tqqq.git
   d5a5ae5..68a94c9  main -> main
To github.com:tsy-del/tqqq.git
   d5a5ae5..68a94c9  main -> gh-pages
Fetching highest frequency prices (v4.1) from yfinance...
Update and push completed successfully.
/Users/tsy/Library/Python/3.9/lib/python/site-packages/urllib3/__init__.py:35: NotOpenSSLWarning: urllib3 v2 only supports OpenSSL 1.1.1+, currently the 'ssl' module is compiled with 'LibreSSL 2.8.3'. See: https://github.com/urllib3/urllib3/issues/3020
  warnings.warn(
From github.com:tsy-del/tqqq
 * branch            main       -> FETCH_HEAD
HEAD is now at 68a94c9 v4.4: Auto Cloud Sync config at 2026-06-05 08:00:08
Fetching highest frequency prices (v4.1) from yfinance...
Prices unchanged (TQQQ: 83.45, SOXL: 248.1). Skipping Git push to save history.
/Users/tsy/Library/Python/3.9/lib/python/site-packages/urllib3/__init__.py:35: NotOpenSSLWarning: urllib3 v2 only supports OpenSSL 1.1.1+, currently the 'ssl' module is compiled with 'LibreSSL 2.8.3'. See: https://github.com/urllib3/urllib3/issues/3020
  warnings.warn(
From github.com:tsy-del/tqqq
 * branch            main       -> FETCH_HEAD
HEAD is now at 68a94c9 v4.4: Auto Cloud Sync config at 2026-06-05 08:00:08
Fetching highest frequency prices (v4.1) from yfinance...
Prices unchanged (TQQQ: 83.45, SOXL: 248.1). Skipping Git push to save history.
/Users/tsy/Library/Python/3.9/lib/python/site-packages/urllib3/__init__.py:35: NotOpenSSLWarning: urllib3 v2 only supports OpenSSL 1.1.1+, currently the 'ssl' module is compiled with 'LibreSSL 2.8.3'. See: https://github.com/urllib3/urllib3/issues/3020
  warnings.warn(
From github.com:tsy-del/tqqq
 * branch            main       -> FETCH_HEAD
HEAD is now at 68a94c9 v4.4: Auto Cloud Sync config at 2026-06-05 08:00:08
Fetching highest frequency prices (v4.1) from yfinance...
Prices unchanged (TQQQ: 83.45, SOXL: 248.1). Skipping Git push to save history.
/Users/tsy/Library/Python/3.9/lib/python/site-packages/urllib3/__init__.py:35: NotOpenSSLWarning: urllib3 v2 only supports OpenSSL 1.1.1+, currently the 'ssl' module is compiled with 'LibreSSL 2.8.3'. See: https://github.com/urllib3/urllib3/issues/3020
  warnings.warn(
From github.com:tsy-del/tqqq
 * branch            main       -> FETCH_HEAD
HEAD is now at 68a94c9 v4.4: Auto Cloud Sync config at 2026-06-05 08:00:08
Fetching highest frequency prices (v4.1) from yfinance...
Prices unchanged (TQQQ: 83.45, SOXL: 248.1). Skipping Git push to save history.
/Users/tsy/Library/Python/3.9/lib/python/site-packages/urllib3/__init__.py:35: NotOpenSSLWarning: urllib3 v2 only supports OpenSSL 1.1.1+, currently the 'ssl' module is compiled with 'LibreSSL 2.8.3'. See: https://github.com/urllib3/urllib3/issues/3020
  warnings.warn(
From github.com:tsy-del/tqqq
 * branch            main       -> FETCH_HEAD
HEAD is now at 68a94c9 v4.4: Auto Cloud Sync config at 2026-06-05 08:00:08
Fetching highest frequency prices (v4.1) from yfinance...
Prices unchanged (TQQQ: 83.45, SOXL: 248.1). Skipping Git push to save history.
/Users/tsy/Library/Python/3.9/lib/python/site-packages/urllib3/__init__.py:35: NotOpenSSLWarning: urllib3 v2 only supports OpenSSL 1.1.1+, currently the 'ssl' module is compiled with 'LibreSSL 2.8.3'. See: https://github.com/urllib3/urllib3/issues/3020
  warnings.warn(
From github.com:tsy-del/tqqq
 * branch            main       -> FETCH_HEAD
HEAD is now at 68a94c9 v4.4: Auto Cloud Sync config at 2026-06-05 08:00:08
Fetching highest frequency prices (v4.1) from yfinance...
Prices unchanged (TQQQ: 83.45, SOXL: 248.1). Skipping Git push to save history.
/Users/tsy/Library/Python/3.9/lib/python/site-packages/urllib3/__init__.py:35: NotOpenSSLWarning: urllib3 v2 only supports OpenSSL 1.1.1+, currently the 'ssl' module is compiled with 'LibreSSL 2.8.3'. See: https://github.com/urllib3/urllib3/issues/3020
  warnings.warn(
From github.com:tsy-del/tqqq
 * branch            main       -> FETCH_HEAD
HEAD is now at 68a94c9 v4.4: Auto Cloud Sync config at 2026-06-05 08:00:08
Fetching highest frequency prices (v4.1) from yfinance...
Prices unchanged (TQQQ: 83.45, SOXL: 248.1). Skipping Git push to save history.
/Users/tsy/Library/Python/3.9/lib/python/site-packages/urllib3/__init__.py:35: NotOpenSSLWarning: urllib3 v2 only supports OpenSSL 1.1.1+, currently the 'ssl' module is compiled with 'LibreSSL 2.8.3'. See: https://github.com/urllib3/urllib3/issues/3020
  warnings.warn(
From github.com:tsy-del/tqqq
 * branch            main       -> FETCH_HEAD
HEAD is now at 68a94c9 v4.4: Auto Cloud Sync config at 2026-06-05 08:00:08
Fetching highest frequency prices (v4.1) from yfinance...
Prices unchanged (TQQQ: 83.45, SOXL: 248.1). Skipping Git push to save history.
/Users/tsy/Library/Python/3.9/lib/python/site-packages/urllib3/__init__.py:35: NotOpenSSLWarning: urllib3 v2 only supports OpenSSL 1.1.1+, currently the 'ssl' module is compiled with 'LibreSSL 2.8.3'. See: https://github.com/urllib3/urllib3/issues/3020
  warnings.warn(
From github.com:tsy-del/tqqq
 * branch            main       -> FETCH_HEAD
HEAD is now at 68a94c9 v4.4: Auto Cloud Sync config at 2026-06-05 08:00:08
Fetching highest frequency prices (v4.1) from yfinance...
Prices unchanged (TQQQ: 83.45, SOXL: 248.1). Skipping Git push to save history.
/Users/tsy/Library/Python/3.9/lib/python/site-packages/urllib3/__init__.py:35: NotOpenSSLWarning: urllib3 v2 only supports OpenSSL 1.1.1+, currently the 'ssl' module is compiled with 'LibreSSL 2.8.3'. See: https://github.com/urllib3/urllib3/issues/3020
  warnings.warn(
From github.com:tsy-del/tqqq
 * branch            main       -> FETCH_HEAD
HEAD is now at 68a94c9 v4.4: Auto Cloud Sync config at 2026-06-05 08:00:08
Fetching highest frequency prices (v4.1) from yfinance...
Prices unchanged (TQQQ: 83.45, SOXL: 248.1). Skipping Git push to save history.
/Users/tsy/Library/Python/3.9/lib/python/site-packages/urllib3/__init__.py:35: NotOpenSSLWarning: urllib3 v2 only supports OpenSSL 1.1.1+, currently the 'ssl' module is compiled with 'LibreSSL 2.8.3'. See: https://github.com/urllib3/urllib3/issues/3020
  warnings.warn(
From github.com:tsy-del/tqqq
 * branch            main       -> FETCH_HEAD
HEAD is now at 68a94c9 v4.4: Auto Cloud Sync config at 2026-06-05 08:00:08
Fetching highest frequency prices (v4.1) from yfinance...
Prices unchanged (TQQQ: 83.45, SOXL: 248.1). Skipping Git push to save history.
/Users/tsy/Library/Python/3.9/lib/python/site-packages/urllib3/__init__.py:35: NotOpenSSLWarning: urllib3 v2 only supports OpenSSL 1.1.1+, currently the 'ssl' module is compiled with 'LibreSSL 2.8.3'. See: https://github.com/urllib3/urllib3/issues/3020
  warnings.warn(
From github.com:tsy-del/tqqq
 * branch            main       -> FETCH_HEAD
HEAD is now at 68a94c9 v4.4: Auto Cloud Sync config at 2026-06-05 08:00:08
Fetching highest frequency prices (v4.1) from yfinance...
Prices unchanged (TQQQ: 83.45, SOXL: 248.1). Skipping Git push to save history.
/Users/tsy/Library/Python/3.9/lib/python/site-packages/urllib3/__init__.py:35: NotOpenSSLWarning: urllib3 v2 only supports OpenSSL 1.1.1+, currently the 'ssl' module is compiled with 'LibreSSL 2.8.3'. See: https://github.com/urllib3/urllib3/issues/3020
  warnings.warn(
From github.com:tsy-del/tqqq
 * branch            main       -> FETCH_HEAD
HEAD is now at 68a94c9 v4.4: Auto Cloud Sync config at 2026-06-05 08:00:08
Fetching highest frequency prices (v4.1) from yfinance...
Prices unchanged (TQQQ: 83.45, SOXL: 248.1). Skipping Git push to save history.
/Users/tsy/Library/Python/3.9/lib/python/site-packages/urllib3/__init__.py:35: NotOpenSSLWarning: urllib3 v2 only supports OpenSSL 1.1.1+, currently the 'ssl' module is compiled with 'LibreSSL 2.8.3'. See: https://github.com/urllib3/urllib3/issues/3020
  warnings.warn(
From github.com:tsy-del/tqqq
 * branch            main       -> FETCH_HEAD
HEAD is now at 68a94c9 v4.4: Auto Cloud Sync config at 2026-06-05 08:00:08
Fetching highest frequency prices (v4.1) from yfinance...
Prices unchanged (TQQQ: 83.45, SOXL: 248.1). Skipping Git push to save history.
/Users/tsy/Library/Python/3.9/lib/python/site-packages/urllib3/__init__.py:35: NotOpenSSLWarning: urllib3 v2 only supports OpenSSL 1.1.1+, currently the 'ssl' module is compiled with 'LibreSSL 2.8.3'. See: https://github.com/urllib3/urllib3/issues/3020
  warnings.warn(
From github.com:tsy-del/tqqq
 * branch            main       -> FETCH_HEAD
HEAD is now at 68a94c9 v4.4: Auto Cloud Sync config at 2026-06-05 08:00:08
Fetching highest frequency prices (v4.1) from yfinance...
Prices unchanged (TQQQ: 83.45, SOXL: 248.1). Skipping Git push to save history.
/Users/tsy/Library/Python/3.9/lib/python/site-packages/urllib3/__init__.py:35: NotOpenSSLWarning: urllib3 v2 only supports OpenSSL 1.1.1+, currently the 'ssl' module is compiled with 'LibreSSL 2.8.3'. See: https://github.com/urllib3/urllib3/issues/3020
  warnings.warn(
From github.com:tsy-del/tqqq
 * branch            main       -> FETCH_HEAD
HEAD is now at 68a94c9 v4.4: Auto Cloud Sync config at 2026-06-05 08:00:08
Fetching highest frequency prices (v4.1) from yfinance...
Prices unchanged (TQQQ: 83.45, SOXL: 248.1). Skipping Git push to save history.
/Users/tsy/Library/Python/3.9/lib/python/site-packages/urllib3/__init__.py:35: NotOpenSSLWarning: urllib3 v2 only supports OpenSSL 1.1.1+, currently the 'ssl' module is compiled with 'LibreSSL 2.8.3'. See: https://github.com/urllib3/urllib3/issues/3020
  warnings.warn(
From github.com:tsy-del/tqqq
 * branch            main       -> FETCH_HEAD
HEAD is now at 68a94c9 v4.4: Auto Cloud Sync config at 2026-06-05 08:00:08
Fetching highest frequency prices (v4.1) from yfinance...
Prices unchanged (TQQQ: 83.45, SOXL: 248.1). Skipping Git push to save history.
/Users/tsy/Library/Python/3.9/lib/python/site-packages/urllib3/__init__.py:35: NotOpenSSLWarning: urllib3 v2 only supports OpenSSL 1.1.1+, currently the 'ssl' module is compiled with 'LibreSSL 2.8.3'. See: https://github.com/urllib3/urllib3/issues/3020
  warnings.warn(
From github.com:tsy-del/tqqq
 * branch            main       -> FETCH_HEAD
HEAD is now at 68a94c9 v4.4: Auto Cloud Sync config at 2026-06-05 08:00:08
Fetching highest frequency prices (v4.1) from yfinance...
Prices unchanged (TQQQ: 83.45, SOXL: 248.1). Skipping Git push to save history.
/Users/tsy/Library/Python/3.9/lib/python/site-packages/urllib3/__init__.py:35: NotOpenSSLWarning: urllib3 v2 only supports OpenSSL 1.1.1+, currently the 'ssl' module is compiled with 'LibreSSL 2.8.3'. See: https://github.com/urllib3/urllib3/issues/3020
  warnings.warn(
From github.com:tsy-del/tqqq
 * branch            main       -> FETCH_HEAD
HEAD is now at 68a94c9 v4.4: Auto Cloud Sync config at 2026-06-05 08:00:08
Fetching highest frequency prices (v4.1) from yfinance...
Prices unchanged (TQQQ: 83.45, SOXL: 248.1). Skipping Git push to save history.
/Users/tsy/Library/Python/3.9/lib/python/site-packages/urllib3/__init__.py:35: NotOpenSSLWarning: urllib3 v2 only supports OpenSSL 1.1.1+, currently the 'ssl' module is compiled with 'LibreSSL 2.8.3'. See: https://github.com/urllib3/urllib3/issues/3020
  warnings.warn(
From github.com:tsy-del/tqqq
 * branch            main       -> FETCH_HEAD
HEAD is now at 68a94c9 v4.4: Auto Cloud Sync config at 2026-06-05 08:00:08
Fetching highest frequency prices (v4.1) from yfinance...
Prices unchanged (TQQQ: 83.45, SOXL: 248.1). Skipping Git push to save history.
/Users/tsy/Library/Python/3.9/lib/python/site-packages/urllib3/__init__.py:35: NotOpenSSLWarning: urllib3 v2 only supports OpenSSL 1.1.1+, currently the 'ssl' module is compiled with 'LibreSSL 2.8.3'. See: https://github.com/urllib3/urllib3/issues/3020
  warnings.warn(
From github.com:tsy-del/tqqq
 * branch            main       -> FETCH_HEAD
HEAD is now at 68a94c9 v4.4: Auto Cloud Sync config at 2026-06-05 08:00:08
Fetching highest frequency prices (v4.1) from yfinance...
Prices unchanged (TQQQ: 83.45, SOXL: 248.1). Skipping Git push to save history.
/Users/tsy/Library/Python/3.9/lib/python/site-packages/urllib3/__init__.py:35: NotOpenSSLWarning: urllib3 v2 only supports OpenSSL 1.1.1+, currently the 'ssl' module is compiled with 'LibreSSL 2.8.3'. See: https://github.com/urllib3/urllib3/issues/3020
  warnings.warn(
From github.com:tsy-del/tqqq
 * branch            main       -> FETCH_HEAD
HEAD is now at 68a94c9 v4.4: Auto Cloud Sync config at 2026-06-05 08:00:08
Fetching highest frequency prices (v4.1) from yfinance...
Prices unchanged (TQQQ: 83.45, SOXL: 248.1). Skipping Git push to save history.
/Users/tsy/Library/Python/3.9/lib/python/site-packages/urllib3/__init__.py:35: NotOpenSSLWarning: urllib3 v2 only supports OpenSSL 1.1.1+, currently the 'ssl' module is compiled with 'LibreSSL 2.8.3'. See: https://github.com/urllib3/urllib3/issues/3020
  warnings.warn(
From github.com:tsy-del/tqqq
 * branch            main       -> FETCH_HEAD
HEAD is now at 68a94c9 v4.4: Auto Cloud Sync config at 2026-06-05 08:00:08
Fetching highest frequency prices (v4.1) from yfinance...
Prices unchanged (TQQQ: 83.45, SOXL: 248.1). Skipping Git push to save history.
/Users/tsy/Library/Python/3.9/lib/python/site-packages/urllib3/__init__.py:35: NotOpenSSLWarning: urllib3 v2 only supports OpenSSL 1.1.1+, currently the 'ssl' module is compiled with 'LibreSSL 2.8.3'. See: https://github.com/urllib3/urllib3/issues/3020
  warnings.warn(
From github.com:tsy-del/tqqq
 * branch            main       -> FETCH_HEAD
HEAD is now at 68a94c9 v4.4: Auto Cloud Sync config at 2026-06-05 08:00:08
Fetching highest frequency prices (v4.1) from yfinance...
Prices unchanged (TQQQ: 83.45, SOXL: 248.1). Skipping Git push to save history.
/Users/tsy/Library/Python/3.9/lib/python/site-packages/urllib3/__init__.py:35: NotOpenSSLWarning: urllib3 v2 only supports OpenSSL 1.1.1+, currently the 'ssl' module is compiled with 'LibreSSL 2.8.3'. See: https://github.com/urllib3/urllib3/issues/3020
  warnings.warn(
From github.com:tsy-del/tqqq
 * branch            main       -> FETCH_HEAD
HEAD is now at 68a94c9 v4.4: Auto Cloud Sync config at 2026-06-05 08:00:08
Fetching highest frequency prices (v4.1) from yfinance...
Prices unchanged (TQQQ: 83.45, SOXL: 248.1). Skipping Git push to save history.
/Users/tsy/Library/Python/3.9/lib/python/site-packages/urllib3/__init__.py:35: NotOpenSSLWarning: urllib3 v2 only supports OpenSSL 1.1.1+, currently the 'ssl' module is compiled with 'LibreSSL 2.8.3'. See: https://github.com/urllib3/urllib3/issues/3020
  warnings.warn(
From github.com:tsy-del/tqqq
 * branch            main       -> FETCH_HEAD
HEAD is now at 68a94c9 v4.4: Auto Cloud Sync config at 2026-06-05 08:00:08
Fetching highest frequency prices (v4.1) from yfinance...
Prices unchanged (TQQQ: 83.45, SOXL: 248.1). Skipping Git push to save history.
/Users/tsy/Library/Python/3.9/lib/python/site-packages/urllib3/__init__.py:35: NotOpenSSLWarning: urllib3 v2 only supports OpenSSL 1.1.1+, currently the 'ssl' module is compiled with 'LibreSSL 2.8.3'. See: https://github.com/urllib3/urllib3/issues/3020
  warnings.warn(
From github.com:tsy-del/tqqq
 * branch            main       -> FETCH_HEAD
HEAD is now at 68a94c9 v4.4: Auto Cloud Sync config at 2026-06-05 08:00:08
Fetching highest frequency prices (v4.1) from yfinance...
Prices unchanged (TQQQ: 83.45, SOXL: 248.1). Skipping Git push to save history.
/Users/tsy/Library/Python/3.9/lib/python/site-packages/urllib3/__init__.py:35: NotOpenSSLWarning: urllib3 v2 only supports OpenSSL 1.1.1+, currently the 'ssl' module is compiled with 'LibreSSL 2.8.3'. See: https://github.com/urllib3/urllib3/issues/3020
  warnings.warn(
From github.com:tsy-del/tqqq
 * branch            main       -> FETCH_HEAD
HEAD is now at 68a94c9 v4.4: Auto Cloud Sync config at 2026-06-05 08:00:08
Fetching highest frequency prices (v4.1) from yfinance...
Prices unchanged (TQQQ: 83.45, SOXL: 248.1). Skipping Git push to save history.
/Users/tsy/Library/Python/3.9/lib/python/site-packages/urllib3/__init__.py:35: NotOpenSSLWarning: urllib3 v2 only supports OpenSSL 1.1.1+, currently the 'ssl' module is compiled with 'LibreSSL 2.8.3'. See: https://github.com/urllib3/urllib3/issues/3020
  warnings.warn(
From github.com:tsy-del/tqqq
 * branch            main       -> FETCH_HEAD
HEAD is now at 68a94c9 v4.4: Auto Cloud Sync config at 2026-06-05 08:00:08
Fetching highest frequency prices (v4.1) from yfinance...
Prices unchanged (TQQQ: 83.45, SOXL: 248.1). Skipping Git push to save history.
/Users/tsy/Library/Python/3.9/lib/python/site-packages/urllib3/__init__.py:35: NotOpenSSLWarning: urllib3 v2 only supports OpenSSL 1.1.1+, currently the 'ssl' module is compiled with 'LibreSSL 2.8.3'. See: https://github.com/urllib3/urllib3/issues/3020
  warnings.warn(
From github.com:tsy-del/tqqq
 * branch            main       -> FETCH_HEAD
HEAD is now at 68a94c9 v4.4: Auto Cloud Sync config at 2026-06-05 08:00:08
Fetching highest frequency prices (v4.1) from yfinance...
Prices unchanged (TQQQ: 83.45, SOXL: 248.1). Skipping Git push to save history.
/Users/tsy/Library/Python/3.9/lib/python/site-packages/urllib3/__init__.py:35: NotOpenSSLWarning: urllib3 v2 only supports OpenSSL 1.1.1+, currently the 'ssl' module is compiled with 'LibreSSL 2.8.3'. See: https://github.com/urllib3/urllib3/issues/3020
  warnings.warn(
From github.com:tsy-del/tqqq
 * branch            main       -> FETCH_HEAD
HEAD is now at 68a94c9 v4.4: Auto Cloud Sync config at 2026-06-05 08:00:08
Fetching highest frequency prices (v4.1) from yfinance...
Prices unchanged (TQQQ: 83.45, SOXL: 248.1). Skipping Git push to save history.
/Users/tsy/Library/Python/3.9/lib/python/site-packages/urllib3/__init__.py:35: NotOpenSSLWarning: urllib3 v2 only supports OpenSSL 1.1.1+, currently the 'ssl' module is compiled with 'LibreSSL 2.8.3'. See: https://github.com/urllib3/urllib3/issues/3020
  warnings.warn(
From github.com:tsy-del/tqqq
 * branch            main       -> FETCH_HEAD
HEAD is now at 68a94c9 v4.4: Auto Cloud Sync config at 2026-06-05 08:00:08
[main 0aa4610] v4.4: Auto Cloud Sync config at 2026-06-05 16:00:08
 2 files changed, 50 insertions(+), 50 deletions(-)
To github.com:tsy-del/tqqq.git
   68a94c9..0aa4610  main -> main
To github.com:tsy-del/tqqq.git
   68a94c9..0aa4610  main -> gh-pages
Fetching highest frequency prices (v4.1) from yfinance...
Update and push completed successfully.
/Users/tsy/Library/Python/3.9/lib/python/site-packages/urllib3/__init__.py:35: NotOpenSSLWarning: urllib3 v2 only supports OpenSSL 1.1.1+, currently the 'ssl' module is compiled with 'LibreSSL 2.8.3'. See: https://github.com/urllib3/urllib3/issues/3020
  warnings.warn(
From github.com:tsy-del/tqqq
 * branch            main       -> FETCH_HEAD
HEAD is now at 0aa4610 v4.4: Auto Cloud Sync config at 2026-06-05 16:00:08
[main b0fd9a9] v4.4: Auto Cloud Sync config at 2026-06-05 16:15:07
 2 files changed, 50 insertions(+), 50 deletions(-)
To github.com:tsy-del/tqqq.git
   0aa4610..b0fd9a9  main -> main
To github.com:tsy-del/tqqq.git
   0aa4610..b0fd9a9  main -> gh-pages
Fetching highest frequency prices (v4.1) from yfinance...
Update and push completed successfully.
/Users/tsy/Library/Python/3.9/lib/python/site-packages/urllib3/__init__.py:35: NotOpenSSLWarning: urllib3 v2 only supports OpenSSL 1.1.1+, currently the 'ssl' module is compiled with 'LibreSSL 2.8.3'. See: https://github.com/urllib3/urllib3/issues/3020
  warnings.warn(
From github.com:tsy-del/tqqq
 * branch            main       -> FETCH_HEAD
HEAD is now at b0fd9a9 v4.4: Auto Cloud Sync config at 2026-06-05 16:15:07
[main e8a752e] v4.4: Auto Cloud Sync config at 2026-06-05 16:30:08
 2 files changed, 50 insertions(+), 50 deletions(-)
To github.com:tsy-del/tqqq.git
   b0fd9a9..e8a752e  main -> main
To github.com:tsy-del/tqqq.git
   b0fd9a9..e8a752e  main -> gh-pages
Fetching highest frequency prices (v4.1) from yfinance...
Update and push completed successfully.
/Users/tsy/Library/Python/3.9/lib/python/site-packages/urllib3/__init__.py:35: NotOpenSSLWarning: urllib3 v2 only supports OpenSSL 1.1.1+, currently the 'ssl' module is compiled with 'LibreSSL 2.8.3'. See: https://github.com/urllib3/urllib3/issues/3020
  warnings.warn(
From github.com:tsy-del/tqqq
 * branch            main       -> FETCH_HEAD
HEAD is now at e8a752e v4.4: Auto Cloud Sync config at 2026-06-05 16:30:08
[main a1bacf0] v4.4: Auto Cloud Sync config at 2026-06-05 16:45:08
 2 files changed, 50 insertions(+), 50 deletions(-)
To github.com:tsy-del/tqqq.git
   e8a752e..a1bacf0  main -> main
To github.com:tsy-del/tqqq.git
   e8a752e..a1bacf0  main -> gh-pages
Fetching highest frequency prices (v4.1) from yfinance...
Update and push completed successfully.
/Users/tsy/Library/Python/3.9/lib/python/site-packages/urllib3/__init__.py:35: NotOpenSSLWarning: urllib3 v2 only supports OpenSSL 1.1.1+, currently the 'ssl' module is compiled with 'LibreSSL 2.8.3'. See: https://github.com/urllib3/urllib3/issues/3020
  warnings.warn(
From github.com:tsy-del/tqqq
 * branch            main       -> FETCH_HEAD
HEAD is now at a1bacf0 v4.4: Auto Cloud Sync config at 2026-06-05 16:45:08
[main 165b185] v4.4: Auto Cloud Sync config at 2026-06-05 17:00:08
 2 files changed, 49 insertions(+), 49 deletions(-)
To github.com:tsy-del/tqqq.git
   a1bacf0..165b185  main -> main
To github.com:tsy-del/tqqq.git
   a1bacf0..165b185  main -> gh-pages
Fetching highest frequency prices (v4.1) from yfinance...
Update and push completed successfully.
/Users/tsy/Library/Python/3.9/lib/python/site-packages/urllib3/__init__.py:35: NotOpenSSLWarning: urllib3 v2 only supports OpenSSL 1.1.1+, currently the 'ssl' module is compiled with 'LibreSSL 2.8.3'. See: https://github.com/urllib3/urllib3/issues/3020
  warnings.warn(
From github.com:tsy-del/tqqq
 * branch            main       -> FETCH_HEAD
HEAD is now at 165b185 v4.4: Auto Cloud Sync config at 2026-06-05 17:00:08
[main b40fbfe] v4.4: Auto Cloud Sync config at 2026-06-05 17:15:08
 2 files changed, 50 insertions(+), 50 deletions(-)
To github.com:tsy-del/tqqq.git
   165b185..b40fbfe  main -> main
To github.com:tsy-del/tqqq.git
   165b185..b40fbfe  main -> gh-pages
Fetching highest frequency prices (v4.1) from yfinance...
Update and push completed successfully.
/Users/tsy/Library/Python/3.9/lib/python/site-packages/urllib3/__init__.py:35: NotOpenSSLWarning: urllib3 v2 only supports OpenSSL 1.1.1+, currently the 'ssl' module is compiled with 'LibreSSL 2.8.3'. See: https://github.com/urllib3/urllib3/issues/3020
  warnings.warn(
From github.com:tsy-del/tqqq
 * branch            main       -> FETCH_HEAD
HEAD is now at b40fbfe v4.4: Auto Cloud Sync config at 2026-06-05 17:15:08
[main cfb250c] v4.4: Auto Cloud Sync config at 2026-06-05 17:30:07
 2 files changed, 50 insertions(+), 50 deletions(-)
To github.com:tsy-del/tqqq.git
   b40fbfe..cfb250c  main -> main
To github.com:tsy-del/tqqq.git
   b40fbfe..cfb250c  main -> gh-pages
Fetching highest frequency prices (v4.1) from yfinance...
Update and push completed successfully.
/Users/tsy/Library/Python/3.9/lib/python/site-packages/urllib3/__init__.py:35: NotOpenSSLWarning: urllib3 v2 only supports OpenSSL 1.1.1+, currently the 'ssl' module is compiled with 'LibreSSL 2.8.3'. See: https://github.com/urllib3/urllib3/issues/3020
  warnings.warn(
From github.com:tsy-del/tqqq
 * branch            main       -> FETCH_HEAD
HEAD is now at cfb250c v4.4: Auto Cloud Sync config at 2026-06-05 17:30:07
[main 3c8752d] v4.4: Auto Cloud Sync config at 2026-06-05 17:45:08
 2 files changed, 45 insertions(+), 45 deletions(-)
To github.com:tsy-del/tqqq.git
   cfb250c..3c8752d  main -> main
To github.com:tsy-del/tqqq.git
   cfb250c..3c8752d  main -> gh-pages
Fetching highest frequency prices (v4.1) from yfinance...
Update and push completed successfully.
/Users/tsy/Library/Python/3.9/lib/python/site-packages/urllib3/__init__.py:35: NotOpenSSLWarning: urllib3 v2 only supports OpenSSL 1.1.1+, currently the 'ssl' module is compiled with 'LibreSSL 2.8.3'. See: https://github.com/urllib3/urllib3/issues/3020
  warnings.warn(
From github.com:tsy-del/tqqq
 * branch            main       -> FETCH_HEAD
HEAD is now at 3c8752d v4.4: Auto Cloud Sync config at 2026-06-05 17:45:08
[main 53f1c0c] v4.4: Auto Cloud Sync config at 2026-06-05 18:00:09
 2 files changed, 50 insertions(+), 50 deletions(-)
To github.com:tsy-del/tqqq.git
   3c8752d..53f1c0c  main -> main
To github.com:tsy-del/tqqq.git
   3c8752d..53f1c0c  main -> gh-pages
Fetching highest frequency prices (v4.1) from yfinance...
Update and push completed successfully.
/Users/tsy/Library/Python/3.9/lib/python/site-packages/urllib3/__init__.py:35: NotOpenSSLWarning: urllib3 v2 only supports OpenSSL 1.1.1+, currently the 'ssl' module is compiled with 'LibreSSL 2.8.3'. See: https://github.com/urllib3/urllib3/issues/3020
  warnings.warn(
From github.com:tsy-del/tqqq
 * branch            main       -> FETCH_HEAD
HEAD is now at 53f1c0c v4.4: Auto Cloud Sync config at 2026-06-05 18:00:09
[main f751df2] v4.4: Auto Cloud Sync config at 2026-06-05 18:15:08
 2 files changed, 50 insertions(+), 50 deletions(-)
To github.com:tsy-del/tqqq.git
   53f1c0c..f751df2  main -> main
To github.com:tsy-del/tqqq.git
   53f1c0c..f751df2  main -> gh-pages
Fetching highest frequency prices (v4.1) from yfinance...
Update and push completed successfully.
/Users/tsy/Library/Python/3.9/lib/python/site-packages/urllib3/__init__.py:35: NotOpenSSLWarning: urllib3 v2 only supports OpenSSL 1.1.1+, currently the 'ssl' module is compiled with 'LibreSSL 2.8.3'. See: https://github.com/urllib3/urllib3/issues/3020
  warnings.warn(
From github.com:tsy-del/tqqq
 * branch            main       -> FETCH_HEAD
HEAD is now at f751df2 v4.4: Auto Cloud Sync config at 2026-06-05 18:15:08
[main 707204a] v4.4: Auto Cloud Sync config at 2026-06-05 18:30:08
 2 files changed, 50 insertions(+), 50 deletions(-)
To github.com:tsy-del/tqqq.git
   f751df2..707204a  main -> main
To github.com:tsy-del/tqqq.git
   f751df2..707204a  main -> gh-pages
Fetching highest frequency prices (v4.1) from yfinance...
Update and push completed successfully.
/Users/tsy/Library/Python/3.9/lib/python/site-packages/urllib3/__init__.py:35: NotOpenSSLWarning: urllib3 v2 only supports OpenSSL 1.1.1+, currently the 'ssl' module is compiled with 'LibreSSL 2.8.3'. See: https://github.com/urllib3/urllib3/issues/3020
  warnings.warn(
From github.com:tsy-del/tqqq
 * branch            main       -> FETCH_HEAD
HEAD is now at 707204a v4.4: Auto Cloud Sync config at 2026-06-05 18:30:08
[main 1dc02fb] v4.4: Auto Cloud Sync config at 2026-06-05 18:45:08
 2 files changed, 49 insertions(+), 49 deletions(-)
To github.com:tsy-del/tqqq.git
   707204a..1dc02fb  main -> main
To github.com:tsy-del/tqqq.git
   707204a..1dc02fb  main -> gh-pages
Fetching highest frequency prices (v4.1) from yfinance...
Update and push completed successfully.
/Users/tsy/Library/Python/3.9/lib/python/site-packages/urllib3/__init__.py:35: NotOpenSSLWarning: urllib3 v2 only supports OpenSSL 1.1.1+, currently the 'ssl' module is compiled with 'LibreSSL 2.8.3'. See: https://github.com/urllib3/urllib3/issues/3020
  warnings.warn(
From github.com:tsy-del/tqqq
 * branch            main       -> FETCH_HEAD
HEAD is now at 1dc02fb v4.4: Auto Cloud Sync config at 2026-06-05 18:45:08
[main 8fed884] v4.4: Auto Cloud Sync config at 2026-06-05 19:00:08
 2 files changed, 50 insertions(+), 50 deletions(-)
To github.com:tsy-del/tqqq.git
   1dc02fb..8fed884  main -> main
To github.com:tsy-del/tqqq.git
   1dc02fb..8fed884  main -> gh-pages
Fetching highest frequency prices (v4.1) from yfinance...
Update and push completed successfully.
/Users/tsy/Library/Python/3.9/lib/python/site-packages/urllib3/__init__.py:35: NotOpenSSLWarning: urllib3 v2 only supports OpenSSL 1.1.1+, currently the 'ssl' module is compiled with 'LibreSSL 2.8.3'. See: https://github.com/urllib3/urllib3/issues/3020
  warnings.warn(
From github.com:tsy-del/tqqq
 * branch            main       -> FETCH_HEAD
HEAD is now at 8fed884 v4.4: Auto Cloud Sync config at 2026-06-05 19:00:08
[main 70012bd] v4.4: Auto Cloud Sync config at 2026-06-05 19:15:08
 2 files changed, 50 insertions(+), 50 deletions(-)
To github.com:tsy-del/tqqq.git
   8fed884..70012bd  main -> main
To github.com:tsy-del/tqqq.git
   8fed884..70012bd  main -> gh-pages
Fetching highest frequency prices (v4.1) from yfinance...
Update and push completed successfully.
/Users/tsy/Library/Python/3.9/lib/python/site-packages/urllib3/__init__.py:35: NotOpenSSLWarning: urllib3 v2 only supports OpenSSL 1.1.1+, currently the 'ssl' module is compiled with 'LibreSSL 2.8.3'. See: https://github.com/urllib3/urllib3/issues/3020
  warnings.warn(
From github.com:tsy-del/tqqq
 * branch            main       -> FETCH_HEAD
HEAD is now at 70012bd v4.4: Auto Cloud Sync config at 2026-06-05 19:15:08
[main 7e1967f] v4.4: Auto Cloud Sync config at 2026-06-05 19:30:08
 2 files changed, 47 insertions(+), 47 deletions(-)
To github.com:tsy-del/tqqq.git
   70012bd..7e1967f  main -> main
To github.com:tsy-del/tqqq.git
   70012bd..7e1967f  main -> gh-pages
Fetching highest frequency prices (v4.1) from yfinance...
Update and push completed successfully.
/Users/tsy/Library/Python/3.9/lib/python/site-packages/urllib3/__init__.py:35: NotOpenSSLWarning: urllib3 v2 only supports OpenSSL 1.1.1+, currently the 'ssl' module is compiled with 'LibreSSL 2.8.3'. See: https://github.com/urllib3/urllib3/issues/3020
  warnings.warn(
From github.com:tsy-del/tqqq
 * branch            main       -> FETCH_HEAD
HEAD is now at 7e1967f v4.4: Auto Cloud Sync config at 2026-06-05 19:30:08
[main f8ab5aa] v4.4: Auto Cloud Sync config at 2026-06-05 19:45:07
 2 files changed, 48 insertions(+), 48 deletions(-)
To github.com:tsy-del/tqqq.git
   7e1967f..f8ab5aa  main -> main
To github.com:tsy-del/tqqq.git
   7e1967f..f8ab5aa  main -> gh-pages
Fetching highest frequency prices (v4.1) from yfinance...
Update and push completed successfully.
/Users/tsy/Library/Python/3.9/lib/python/site-packages/urllib3/__init__.py:35: NotOpenSSLWarning: urllib3 v2 only supports OpenSSL 1.1.1+, currently the 'ssl' module is compiled with 'LibreSSL 2.8.3'. See: https://github.com/urllib3/urllib3/issues/3020
  warnings.warn(
From github.com:tsy-del/tqqq
 * branch            main       -> FETCH_HEAD
HEAD is now at f8ab5aa v4.4: Auto Cloud Sync config at 2026-06-05 19:45:07
[main b04882d] v4.4: Auto Cloud Sync config at 2026-06-05 20:00:07
 2 files changed, 50 insertions(+), 50 deletions(-)
To github.com:tsy-del/tqqq.git
   f8ab5aa..b04882d  main -> main
To github.com:tsy-del/tqqq.git
   f8ab5aa..b04882d  main -> gh-pages
Fetching highest frequency prices (v4.1) from yfinance...
Update and push completed successfully.
/Users/tsy/Library/Python/3.9/lib/python/site-packages/urllib3/__init__.py:35: NotOpenSSLWarning: urllib3 v2 only supports OpenSSL 1.1.1+, currently the 'ssl' module is compiled with 'LibreSSL 2.8.3'. See: https://github.com/urllib3/urllib3/issues/3020
  warnings.warn(
From github.com:tsy-del/tqqq
 * branch            main       -> FETCH_HEAD
HEAD is now at b04882d v4.4: Auto Cloud Sync config at 2026-06-05 20:00:07
[main 7affc8f] v4.4: Auto Cloud Sync config at 2026-06-05 20:15:08
 2 files changed, 50 insertions(+), 50 deletions(-)
To github.com:tsy-del/tqqq.git
   b04882d..7affc8f  main -> main
To github.com:tsy-del/tqqq.git
   b04882d..7affc8f  main -> gh-pages
Fetching highest frequency prices (v4.1) from yfinance...
Update and push completed successfully.
/Users/tsy/Library/Python/3.9/lib/python/site-packages/urllib3/__init__.py:35: NotOpenSSLWarning: urllib3 v2 only supports OpenSSL 1.1.1+, currently the 'ssl' module is compiled with 'LibreSSL 2.8.3'. See: https://github.com/urllib3/urllib3/issues/3020
  warnings.warn(
From github.com:tsy-del/tqqq
 * branch            main       -> FETCH_HEAD
HEAD is now at 7affc8f v4.4: Auto Cloud Sync config at 2026-06-05 20:15:08
[main 25a9ee6] v4.4: Auto Cloud Sync config at 2026-06-05 20:30:07
 2 files changed, 50 insertions(+), 50 deletions(-)
To github.com:tsy-del/tqqq.git
   7affc8f..25a9ee6  main -> main
To github.com:tsy-del/tqqq.git
   7affc8f..25a9ee6  main -> gh-pages
Fetching highest frequency prices (v4.1) from yfinance...
Update and push completed successfully.
/Users/tsy/Library/Python/3.9/lib/python/site-packages/urllib3/__init__.py:35: NotOpenSSLWarning: urllib3 v2 only supports OpenSSL 1.1.1+, currently the 'ssl' module is compiled with 'LibreSSL 2.8.3'. See: https://github.com/urllib3/urllib3/issues/3020
  warnings.warn(
From github.com:tsy-del/tqqq
 * branch            main       -> FETCH_HEAD
HEAD is now at 25a9ee6 v4.4: Auto Cloud Sync config at 2026-06-05 20:30:07
[main 1ac20eb] v4.4: Auto Cloud Sync config at 2026-06-05 20:45:07
 2 files changed, 49 insertions(+), 49 deletions(-)
To github.com:tsy-del/tqqq.git
   25a9ee6..1ac20eb  main -> main
To github.com:tsy-del/tqqq.git
   25a9ee6..1ac20eb  main -> gh-pages
Fetching highest frequency prices (v4.1) from yfinance...
Update and push completed successfully.
/Users/tsy/Library/Python/3.9/lib/python/site-packages/urllib3/__init__.py:35: NotOpenSSLWarning: urllib3 v2 only supports OpenSSL 1.1.1+, currently the 'ssl' module is compiled with 'LibreSSL 2.8.3'. See: https://github.com/urllib3/urllib3/issues/3020
  warnings.warn(
From github.com:tsy-del/tqqq
 * branch            main       -> FETCH_HEAD
HEAD is now at 1ac20eb v4.4: Auto Cloud Sync config at 2026-06-05 20:45:07
[main dcd3c8a] v4.4: Auto Cloud Sync config at 2026-06-05 21:00:07
 2 files changed, 50 insertions(+), 50 deletions(-)
To github.com:tsy-del/tqqq.git
   1ac20eb..dcd3c8a  main -> main
To github.com:tsy-del/tqqq.git
   1ac20eb..dcd3c8a  main -> gh-pages
Fetching highest frequency prices (v4.1) from yfinance...
Update and push completed successfully.
/Users/tsy/Library/Python/3.9/lib/python/site-packages/urllib3/__init__.py:35: NotOpenSSLWarning: urllib3 v2 only supports OpenSSL 1.1.1+, currently the 'ssl' module is compiled with 'LibreSSL 2.8.3'. See: https://github.com/urllib3/urllib3/issues/3020
  warnings.warn(
From github.com:tsy-del/tqqq
 * branch            main       -> FETCH_HEAD
HEAD is now at dcd3c8a v4.4: Auto Cloud Sync config at 2026-06-05 21:00:07
[main 1ab7eb6] v4.4: Auto Cloud Sync config at 2026-06-05 21:15:07
 2 files changed, 50 insertions(+), 50 deletions(-)
To github.com:tsy-del/tqqq.git
   dcd3c8a..1ab7eb6  main -> main
To github.com:tsy-del/tqqq.git
   dcd3c8a..1ab7eb6  main -> gh-pages
Fetching highest frequency prices (v4.1) from yfinance...
Update and push completed successfully.
/Users/tsy/Library/Python/3.9/lib/python/site-packages/urllib3/__init__.py:35: NotOpenSSLWarning: urllib3 v2 only supports OpenSSL 1.1.1+, currently the 'ssl' module is compiled with 'LibreSSL 2.8.3'. See: https://github.com/urllib3/urllib3/issues/3020
  warnings.warn(
From github.com:tsy-del/tqqq
 * branch            main       -> FETCH_HEAD
HEAD is now at 1ab7eb6 v4.4: Auto Cloud Sync config at 2026-06-05 21:15:07
[main 85fc773] v4.4: Auto Cloud Sync config at 2026-06-05 21:30:08
 2 files changed, 50 insertions(+), 50 deletions(-)
To github.com:tsy-del/tqqq.git
   1ab7eb6..85fc773  main -> main
To github.com:tsy-del/tqqq.git
   1ab7eb6..85fc773  main -> gh-pages
Fetching highest frequency prices (v4.1) from yfinance...
Update and push completed successfully.
/Users/tsy/Library/Python/3.9/lib/python/site-packages/urllib3/__init__.py:35: NotOpenSSLWarning: urllib3 v2 only supports OpenSSL 1.1.1+, currently the 'ssl' module is compiled with 'LibreSSL 2.8.3'. See: https://github.com/urllib3/urllib3/issues/3020
  warnings.warn(
From github.com:tsy-del/tqqq
 * branch            main       -> FETCH_HEAD
HEAD is now at 85fc773 v4.4: Auto Cloud Sync config at 2026-06-05 21:30:08
[main 1df88f5] v4.4: Auto Cloud Sync config at 2026-06-05 21:45:07
 2 files changed, 50 insertions(+), 50 deletions(-)
To github.com:tsy-del/tqqq.git
   85fc773..1df88f5  main -> main
To github.com:tsy-del/tqqq.git
   85fc773..1df88f5  main -> gh-pages
Fetching highest frequency prices (v4.1) from yfinance...
Update and push completed successfully.
/Users/tsy/Library/Python/3.9/lib/python/site-packages/urllib3/__init__.py:35: NotOpenSSLWarning: urllib3 v2 only supports OpenSSL 1.1.1+, currently the 'ssl' module is compiled with 'LibreSSL 2.8.3'. See: https://github.com/urllib3/urllib3/issues/3020
  warnings.warn(
From github.com:tsy-del/tqqq
 * branch            main       -> FETCH_HEAD
HEAD is now at 1df88f5 v4.4: Auto Cloud Sync config at 2026-06-05 21:45:07
[main 73dd041] v4.4: Auto Cloud Sync config at 2026-06-05 22:00:08
 2 files changed, 50 insertions(+), 50 deletions(-)
To github.com:tsy-del/tqqq.git
   1df88f5..73dd041  main -> main
To github.com:tsy-del/tqqq.git
   1df88f5..73dd041  main -> gh-pages
Fetching highest frequency prices (v4.1) from yfinance...
Update and push completed successfully.
/Users/tsy/Library/Python/3.9/lib/python/site-packages/urllib3/__init__.py:35: NotOpenSSLWarning: urllib3 v2 only supports OpenSSL 1.1.1+, currently the 'ssl' module is compiled with 'LibreSSL 2.8.3'. See: https://github.com/urllib3/urllib3/issues/3020
  warnings.warn(
From github.com:tsy-del/tqqq
 * branch            main       -> FETCH_HEAD
HEAD is now at 73dd041 v4.4: Auto Cloud Sync config at 2026-06-05 22:00:08
[main fe1d23d] v4.4: Auto Cloud Sync config at 2026-06-05 22:15:07
 2 files changed, 50 insertions(+), 50 deletions(-)
To github.com:tsy-del/tqqq.git
   73dd041..fe1d23d  main -> main
To github.com:tsy-del/tqqq.git
   73dd041..fe1d23d  main -> gh-pages
Fetching highest frequency prices (v4.1) from yfinance...
Update and push completed successfully.
/Users/tsy/Library/Python/3.9/lib/python/site-packages/urllib3/__init__.py:35: NotOpenSSLWarning: urllib3 v2 only supports OpenSSL 1.1.1+, currently the 'ssl' module is compiled with 'LibreSSL 2.8.3'. See: https://github.com/urllib3/urllib3/issues/3020
  warnings.warn(
From github.com:tsy-del/tqqq
 * branch            main       -> FETCH_HEAD
HEAD is now at fe1d23d v4.4: Auto Cloud Sync config at 2026-06-05 22:15:07
[main 2853040] v4.4: Auto Cloud Sync config at 2026-06-05 22:30:08
 2 files changed, 50 insertions(+), 50 deletions(-)
To github.com:tsy-del/tqqq.git
   fe1d23d..2853040  main -> main
To github.com:tsy-del/tqqq.git
   fe1d23d..2853040  main -> gh-pages
Fetching highest frequency prices (v4.1) from yfinance...
Update and push completed successfully.
/Users/tsy/Library/Python/3.9/lib/python/site-packages/urllib3/__init__.py:35: NotOpenSSLWarning: urllib3 v2 only supports OpenSSL 1.1.1+, currently the 'ssl' module is compiled with 'LibreSSL 2.8.3'. See: https://github.com/urllib3/urllib3/issues/3020
  warnings.warn(
From github.com:tsy-del/tqqq
 * branch            main       -> FETCH_HEAD
HEAD is now at 2853040 v4.4: Auto Cloud Sync config at 2026-06-05 22:30:08
[main e464ee6] v4.4: Auto Cloud Sync config at 2026-06-05 22:45:07
 2 files changed, 50 insertions(+), 50 deletions(-)
To github.com:tsy-del/tqqq.git
   2853040..e464ee6  main -> main
To github.com:tsy-del/tqqq.git
   2853040..e464ee6  main -> gh-pages
Fetching highest frequency prices (v4.1) from yfinance...
Update and push completed successfully.
/Users/tsy/Library/Python/3.9/lib/python/site-packages/urllib3/__init__.py:35: NotOpenSSLWarning: urllib3 v2 only supports OpenSSL 1.1.1+, currently the 'ssl' module is compiled with 'LibreSSL 2.8.3'. See: https://github.com/urllib3/urllib3/issues/3020
  warnings.warn(
From github.com:tsy-del/tqqq
 * branch            main       -> FETCH_HEAD
HEAD is now at e464ee6 v4.4: Auto Cloud Sync config at 2026-06-05 22:45:07
[main f3f245c] v4.4: Auto Cloud Sync config at 2026-06-05 23:00:08
 2 files changed, 45 insertions(+), 45 deletions(-)
To github.com:tsy-del/tqqq.git
   e464ee6..f3f245c  main -> main
To github.com:tsy-del/tqqq.git
   e464ee6..f3f245c  main -> gh-pages
Fetching highest frequency prices (v4.1) from yfinance...
Update and push completed successfully.
/Users/tsy/Library/Python/3.9/lib/python/site-packages/urllib3/__init__.py:35: NotOpenSSLWarning: urllib3 v2 only supports OpenSSL 1.1.1+, currently the 'ssl' module is compiled with 'LibreSSL 2.8.3'. See: https://github.com/urllib3/urllib3/issues/3020
  warnings.warn(
From github.com:tsy-del/tqqq
 * branch            main       -> FETCH_HEAD
HEAD is now at f3f245c v4.4: Auto Cloud Sync config at 2026-06-05 23:00:08
[main c04c1a4] v4.4: Auto Cloud Sync config at 2026-06-05 23:15:07
 2 files changed, 50 insertions(+), 50 deletions(-)
To github.com:tsy-del/tqqq.git
   f3f245c..c04c1a4  main -> main
To github.com:tsy-del/tqqq.git
   f3f245c..c04c1a4  main -> gh-pages
Fetching highest frequency prices (v4.1) from yfinance...
Update and push completed successfully.
/Users/tsy/Library/Python/3.9/lib/python/site-packages/urllib3/__init__.py:35: NotOpenSSLWarning: urllib3 v2 only supports OpenSSL 1.1.1+, currently the 'ssl' module is compiled with 'LibreSSL 2.8.3'. See: https://github.com/urllib3/urllib3/issues/3020
  warnings.warn(
From github.com:tsy-del/tqqq
 * branch            main       -> FETCH_HEAD
HEAD is now at c04c1a4 v4.4: Auto Cloud Sync config at 2026-06-05 23:15:07
[main 5346c51] v4.4: Auto Cloud Sync config at 2026-06-05 23:30:07
 2 files changed, 48 insertions(+), 48 deletions(-)
To github.com:tsy-del/tqqq.git
   c04c1a4..5346c51  main -> main
To github.com:tsy-del/tqqq.git
   c04c1a4..5346c51  main -> gh-pages
Fetching highest frequency prices (v4.1) from yfinance...
Update and push completed successfully.
/Users/tsy/Library/Python/3.9/lib/python/site-packages/urllib3/__init__.py:35: NotOpenSSLWarning: urllib3 v2 only supports OpenSSL 1.1.1+, currently the 'ssl' module is compiled with 'LibreSSL 2.8.3'. See: https://github.com/urllib3/urllib3/issues/3020
  warnings.warn(
From github.com:tsy-del/tqqq
 * branch            main       -> FETCH_HEAD
HEAD is now at 5346c51 v4.4: Auto Cloud Sync config at 2026-06-05 23:30:07
[main 1c652df] v4.4: Auto Cloud Sync config at 2026-06-05 23:45:07
 2 files changed, 49 insertions(+), 49 deletions(-)
To github.com:tsy-del/tqqq.git
   5346c51..1c652df  main -> main
To github.com:tsy-del/tqqq.git
   5346c51..1c652df  main -> gh-pages
Fetching highest frequency prices (v4.1) from yfinance...
Update and push completed successfully.
/Users/tsy/Library/Python/3.9/lib/python/site-packages/urllib3/__init__.py:35: NotOpenSSLWarning: urllib3 v2 only supports OpenSSL 1.1.1+, currently the 'ssl' module is compiled with 'LibreSSL 2.8.3'. See: https://github.com/urllib3/urllib3/issues/3020
  warnings.warn(
From github.com:tsy-del/tqqq
 * branch            main       -> FETCH_HEAD
HEAD is now at 1c652df v4.4: Auto Cloud Sync config at 2026-06-05 23:45:07
[main f45f9b6] v4.4: Auto Cloud Sync config at 2026-06-06 00:00:08
 2 files changed, 49 insertions(+), 49 deletions(-)
To github.com:tsy-del/tqqq.git
   1c652df..f45f9b6  main -> main
To github.com:tsy-del/tqqq.git
   1c652df..f45f9b6  main -> gh-pages
Fetching highest frequency prices (v4.1) from yfinance...
Update and push completed successfully.
/Users/tsy/Library/Python/3.9/lib/python/site-packages/urllib3/__init__.py:35: NotOpenSSLWarning: urllib3 v2 only supports OpenSSL 1.1.1+, currently the 'ssl' module is compiled with 'LibreSSL 2.8.3'. See: https://github.com/urllib3/urllib3/issues/3020
  warnings.warn(
From github.com:tsy-del/tqqq
 * branch            main       -> FETCH_HEAD
HEAD is now at f45f9b6 v4.4: Auto Cloud Sync config at 2026-06-06 00:00:08
[main dd83da4] v4.4: Auto Cloud Sync config at 2026-06-06 00:15:07
 2 files changed, 49 insertions(+), 49 deletions(-)
To github.com:tsy-del/tqqq.git
   f45f9b6..dd83da4  main -> main
To github.com:tsy-del/tqqq.git
   f45f9b6..dd83da4  main -> gh-pages
Fetching highest frequency prices (v4.1) from yfinance...
Update and push completed successfully.
/Users/tsy/Library/Python/3.9/lib/python/site-packages/urllib3/__init__.py:35: NotOpenSSLWarning: urllib3 v2 only supports OpenSSL 1.1.1+, currently the 'ssl' module is compiled with 'LibreSSL 2.8.3'. See: https://github.com/urllib3/urllib3/issues/3020
  warnings.warn(
From github.com:tsy-del/tqqq
 * branch            main       -> FETCH_HEAD
HEAD is now at dd83da4 v4.4: Auto Cloud Sync config at 2026-06-06 00:15:07
[main 088e01a] v4.4: Auto Cloud Sync config at 2026-06-06 00:30:07
 2 files changed, 49 insertions(+), 49 deletions(-)
To github.com:tsy-del/tqqq.git
   dd83da4..088e01a  main -> main
To github.com:tsy-del/tqqq.git
   dd83da4..088e01a  main -> gh-pages
Fetching highest frequency prices (v4.1) from yfinance...
Update and push completed successfully.
/Users/tsy/Library/Python/3.9/lib/python/site-packages/urllib3/__init__.py:35: NotOpenSSLWarning: urllib3 v2 only supports OpenSSL 1.1.1+, currently the 'ssl' module is compiled with 'LibreSSL 2.8.3'. See: https://github.com/urllib3/urllib3/issues/3020
  warnings.warn(
From github.com:tsy-del/tqqq
 * branch            main       -> FETCH_HEAD
HEAD is now at 088e01a v4.4: Auto Cloud Sync config at 2026-06-06 00:30:07
[main 304423a] v4.4: Auto Cloud Sync config at 2026-06-06 00:45:07
 2 files changed, 49 insertions(+), 49 deletions(-)
To github.com:tsy-del/tqqq.git
   088e01a..304423a  main -> main
To github.com:tsy-del/tqqq.git
   088e01a..304423a  main -> gh-pages
Fetching highest frequency prices (v4.1) from yfinance...
Update and push completed successfully.
/Users/tsy/Library/Python/3.9/lib/python/site-packages/urllib3/__init__.py:35: NotOpenSSLWarning: urllib3 v2 only supports OpenSSL 1.1.1+, currently the 'ssl' module is compiled with 'LibreSSL 2.8.3'. See: https://github.com/urllib3/urllib3/issues/3020
  warnings.warn(
From github.com:tsy-del/tqqq
 * branch            main       -> FETCH_HEAD
HEAD is now at 304423a v4.4: Auto Cloud Sync config at 2026-06-06 00:45:07
[main 727e7df] v4.4: Auto Cloud Sync config at 2026-06-06 01:00:11
 2 files changed, 49 insertions(+), 49 deletions(-)
To github.com:tsy-del/tqqq.git
   304423a..727e7df  main -> main
To github.com:tsy-del/tqqq.git
   304423a..727e7df  main -> gh-pages
Fetching highest frequency prices (v4.1) from yfinance...
Update and push completed successfully.
/Users/tsy/Library/Python/3.9/lib/python/site-packages/urllib3/__init__.py:35: NotOpenSSLWarning: urllib3 v2 only supports OpenSSL 1.1.1+, currently the 'ssl' module is compiled with 'LibreSSL 2.8.3'. See: https://github.com/urllib3/urllib3/issues/3020
  warnings.warn(
From github.com:tsy-del/tqqq
 * branch            main       -> FETCH_HEAD
HEAD is now at 727e7df v4.4: Auto Cloud Sync config at 2026-06-06 01:00:11
[main 0ecd82c] v4.4: Auto Cloud Sync config at 2026-06-06 01:15:07
 2 files changed, 49 insertions(+), 49 deletions(-)
To github.com:tsy-del/tqqq.git
   727e7df..0ecd82c  main -> main
To github.com:tsy-del/tqqq.git
   727e7df..0ecd82c  main -> gh-pages
Fetching highest frequency prices (v4.1) from yfinance...
Update and push completed successfully.
/Users/tsy/Library/Python/3.9/lib/python/site-packages/urllib3/__init__.py:35: NotOpenSSLWarning: urllib3 v2 only supports OpenSSL 1.1.1+, currently the 'ssl' module is compiled with 'LibreSSL 2.8.3'. See: https://github.com/urllib3/urllib3/issues/3020
  warnings.warn(
From github.com:tsy-del/tqqq
 * branch            main       -> FETCH_HEAD
HEAD is now at 0ecd82c v4.4: Auto Cloud Sync config at 2026-06-06 01:15:07
[main 3f19bfc] v4.4: Auto Cloud Sync config at 2026-06-06 01:30:08
 2 files changed, 49 insertions(+), 49 deletions(-)
To github.com:tsy-del/tqqq.git
   0ecd82c..3f19bfc  main -> main
To github.com:tsy-del/tqqq.git
   0ecd82c..3f19bfc  main -> gh-pages
Fetching highest frequency prices (v4.1) from yfinance...
Update and push completed successfully.
/Users/tsy/Library/Python/3.9/lib/python/site-packages/urllib3/__init__.py:35: NotOpenSSLWarning: urllib3 v2 only supports OpenSSL 1.1.1+, currently the 'ssl' module is compiled with 'LibreSSL 2.8.3'. See: https://github.com/urllib3/urllib3/issues/3020
  warnings.warn(
From github.com:tsy-del/tqqq
 * branch            main       -> FETCH_HEAD
HEAD is now at 3f19bfc v4.4: Auto Cloud Sync config at 2026-06-06 01:30:08
[main 4d56b8d] v4.4: Auto Cloud Sync config at 2026-06-06 01:45:07
 2 files changed, 49 insertions(+), 49 deletions(-)
To github.com:tsy-del/tqqq.git
   3f19bfc..4d56b8d  main -> main
To github.com:tsy-del/tqqq.git
   3f19bfc..4d56b8d  main -> gh-pages
Fetching highest frequency prices (v4.1) from yfinance...
Update and push completed successfully.
/Users/tsy/Library/Python/3.9/lib/python/site-packages/urllib3/__init__.py:35: NotOpenSSLWarning: urllib3 v2 only supports OpenSSL 1.1.1+, currently the 'ssl' module is compiled with 'LibreSSL 2.8.3'. See: https://github.com/urllib3/urllib3/issues/3020
  warnings.warn(
From github.com:tsy-del/tqqq
 * branch            main       -> FETCH_HEAD
HEAD is now at 4d56b8d v4.4: Auto Cloud Sync config at 2026-06-06 01:45:07
[main 805ff87] v4.4: Auto Cloud Sync config at 2026-06-06 02:00:07
 2 files changed, 49 insertions(+), 49 deletions(-)
To github.com:tsy-del/tqqq.git
   4d56b8d..805ff87  main -> main
To github.com:tsy-del/tqqq.git
   4d56b8d..805ff87  main -> gh-pages
Fetching highest frequency prices (v4.1) from yfinance...
Update and push completed successfully.
/Users/tsy/Library/Python/3.9/lib/python/site-packages/urllib3/__init__.py:35: NotOpenSSLWarning: urllib3 v2 only supports OpenSSL 1.1.1+, currently the 'ssl' module is compiled with 'LibreSSL 2.8.3'. See: https://github.com/urllib3/urllib3/issues/3020
  warnings.warn(
From github.com:tsy-del/tqqq
 * branch            main       -> FETCH_HEAD
HEAD is now at 805ff87 v4.4: Auto Cloud Sync config at 2026-06-06 02:00:07
[main 5a3f884] v4.4: Auto Cloud Sync config at 2026-06-06 02:15:07
 2 files changed, 49 insertions(+), 49 deletions(-)
To github.com:tsy-del/tqqq.git
   805ff87..5a3f884  main -> main
To github.com:tsy-del/tqqq.git
   805ff87..5a3f884  main -> gh-pages
Fetching highest frequency prices (v4.1) from yfinance...
Update and push completed successfully.
/Users/tsy/Library/Python/3.9/lib/python/site-packages/urllib3/__init__.py:35: NotOpenSSLWarning: urllib3 v2 only supports OpenSSL 1.1.1+, currently the 'ssl' module is compiled with 'LibreSSL 2.8.3'. See: https://github.com/urllib3/urllib3/issues/3020
  warnings.warn(
From github.com:tsy-del/tqqq
 * branch            main       -> FETCH_HEAD
HEAD is now at 5a3f884 v4.4: Auto Cloud Sync config at 2026-06-06 02:15:07
[main 1541e06] v4.4: Auto Cloud Sync config at 2026-06-06 02:30:07
 2 files changed, 49 insertions(+), 49 deletions(-)
To github.com:tsy-del/tqqq.git
   5a3f884..1541e06  main -> main
To github.com:tsy-del/tqqq.git
   5a3f884..1541e06  main -> gh-pages
Fetching highest frequency prices (v4.1) from yfinance...
Update and push completed successfully.
/Users/tsy/Library/Python/3.9/lib/python/site-packages/urllib3/__init__.py:35: NotOpenSSLWarning: urllib3 v2 only supports OpenSSL 1.1.1+, currently the 'ssl' module is compiled with 'LibreSSL 2.8.3'. See: https://github.com/urllib3/urllib3/issues/3020
  warnings.warn(
From github.com:tsy-del/tqqq
 * branch            main       -> FETCH_HEAD
HEAD is now at 1541e06 v4.4: Auto Cloud Sync config at 2026-06-06 02:30:07
[main 1ffec3a] v4.4: Auto Cloud Sync config at 2026-06-06 02:45:07
 2 files changed, 49 insertions(+), 49 deletions(-)
To github.com:tsy-del/tqqq.git
   1541e06..1ffec3a  main -> main
To github.com:tsy-del/tqqq.git
   1541e06..1ffec3a  main -> gh-pages
Fetching highest frequency prices (v4.1) from yfinance...
Update and push completed successfully.
/Users/tsy/Library/Python/3.9/lib/python/site-packages/urllib3/__init__.py:35: NotOpenSSLWarning: urllib3 v2 only supports OpenSSL 1.1.1+, currently the 'ssl' module is compiled with 'LibreSSL 2.8.3'. See: https://github.com/urllib3/urllib3/issues/3020
  warnings.warn(
From github.com:tsy-del/tqqq
 * branch            main       -> FETCH_HEAD
HEAD is now at 1ffec3a v4.4: Auto Cloud Sync config at 2026-06-06 02:45:07
[main 0aac3d1] v4.4: Auto Cloud Sync config at 2026-06-06 03:00:08
 2 files changed, 49 insertions(+), 49 deletions(-)
To github.com:tsy-del/tqqq.git
   1ffec3a..0aac3d1  main -> main
To github.com:tsy-del/tqqq.git
   1ffec3a..0aac3d1  main -> gh-pages
Fetching highest frequency prices (v4.1) from yfinance...
Update and push completed successfully.
/Users/tsy/Library/Python/3.9/lib/python/site-packages/urllib3/__init__.py:35: NotOpenSSLWarning: urllib3 v2 only supports OpenSSL 1.1.1+, currently the 'ssl' module is compiled with 'LibreSSL 2.8.3'. See: https://github.com/urllib3/urllib3/issues/3020
  warnings.warn(
From github.com:tsy-del/tqqq
 * branch            main       -> FETCH_HEAD
HEAD is now at 0aac3d1 v4.4: Auto Cloud Sync config at 2026-06-06 03:00:08
[main 9b630a8] v4.4: Auto Cloud Sync config at 2026-06-06 03:15:07
 2 files changed, 49 insertions(+), 49 deletions(-)
To github.com:tsy-del/tqqq.git
   0aac3d1..9b630a8  main -> main
To github.com:tsy-del/tqqq.git
   0aac3d1..9b630a8  main -> gh-pages
Fetching highest frequency prices (v4.1) from yfinance...
Update and push completed successfully.
/Users/tsy/Library/Python/3.9/lib/python/site-packages/urllib3/__init__.py:35: NotOpenSSLWarning: urllib3 v2 only supports OpenSSL 1.1.1+, currently the 'ssl' module is compiled with 'LibreSSL 2.8.3'. See: https://github.com/urllib3/urllib3/issues/3020
  warnings.warn(
From github.com:tsy-del/tqqq
 * branch            main       -> FETCH_HEAD
HEAD is now at 9b630a8 v4.4: Auto Cloud Sync config at 2026-06-06 03:15:07
[main 2dde31b] v4.4: Auto Cloud Sync config at 2026-06-06 03:30:07
 2 files changed, 49 insertions(+), 49 deletions(-)
To github.com:tsy-del/tqqq.git
   9b630a8..2dde31b  main -> main
To github.com:tsy-del/tqqq.git
   9b630a8..2dde31b  main -> gh-pages
Fetching highest frequency prices (v4.1) from yfinance...
Update and push completed successfully.
/Users/tsy/Library/Python/3.9/lib/python/site-packages/urllib3/__init__.py:35: NotOpenSSLWarning: urllib3 v2 only supports OpenSSL 1.1.1+, currently the 'ssl' module is compiled with 'LibreSSL 2.8.3'. See: https://github.com/urllib3/urllib3/issues/3020
  warnings.warn(
From github.com:tsy-del/tqqq
 * branch            main       -> FETCH_HEAD
HEAD is now at 2dde31b v4.4: Auto Cloud Sync config at 2026-06-06 03:30:07
[main 89c6b6b] v4.4: Auto Cloud Sync config at 2026-06-06 03:45:07
 2 files changed, 49 insertions(+), 49 deletions(-)
To github.com:tsy-del/tqqq.git
   2dde31b..89c6b6b  main -> main
To github.com:tsy-del/tqqq.git
   2dde31b..89c6b6b  main -> gh-pages
Fetching highest frequency prices (v4.1) from yfinance...
Update and push completed successfully.
/Users/tsy/Library/Python/3.9/lib/python/site-packages/urllib3/__init__.py:35: NotOpenSSLWarning: urllib3 v2 only supports OpenSSL 1.1.1+, currently the 'ssl' module is compiled with 'LibreSSL 2.8.3'. See: https://github.com/urllib3/urllib3/issues/3020
  warnings.warn(
From github.com:tsy-del/tqqq
 * branch            main       -> FETCH_HEAD
HEAD is now at 89c6b6b v4.4: Auto Cloud Sync config at 2026-06-06 03:45:07
[main 52ec356] v4.4: Auto Cloud Sync config at 2026-06-06 04:00:07
 2 files changed, 49 insertions(+), 49 deletions(-)
To github.com:tsy-del/tqqq.git
   89c6b6b..52ec356  main -> main
To github.com:tsy-del/tqqq.git
   89c6b6b..52ec356  main -> gh-pages
Fetching highest frequency prices (v4.1) from yfinance...
Update and push completed successfully.
/Users/tsy/Library/Python/3.9/lib/python/site-packages/urllib3/__init__.py:35: NotOpenSSLWarning: urllib3 v2 only supports OpenSSL 1.1.1+, currently the 'ssl' module is compiled with 'LibreSSL 2.8.3'. See: https://github.com/urllib3/urllib3/issues/3020
  warnings.warn(
From github.com:tsy-del/tqqq
 * branch            main       -> FETCH_HEAD
HEAD is now at 52ec356 v4.4: Auto Cloud Sync config at 2026-06-06 04:00:07
[main 29008bf] v4.4: Auto Cloud Sync config at 2026-06-06 04:15:06
 2 files changed, 49 insertions(+), 49 deletions(-)
To github.com:tsy-del/tqqq.git
   52ec356..29008bf  main -> main
To github.com:tsy-del/tqqq.git
   52ec356..29008bf  main -> gh-pages
Fetching highest frequency prices (v4.1) from yfinance...
Update and push completed successfully.
/Users/tsy/Library/Python/3.9/lib/python/site-packages/urllib3/__init__.py:35: NotOpenSSLWarning: urllib3 v2 only supports OpenSSL 1.1.1+, currently the 'ssl' module is compiled with 'LibreSSL 2.8.3'. See: https://github.com/urllib3/urllib3/issues/3020
  warnings.warn(
From github.com:tsy-del/tqqq
 * branch            main       -> FETCH_HEAD
HEAD is now at 29008bf v4.4: Auto Cloud Sync config at 2026-06-06 04:15:06
[main cd787d2] v4.4: Auto Cloud Sync config at 2026-06-06 04:30:06
 2 files changed, 49 insertions(+), 49 deletions(-)
To github.com:tsy-del/tqqq.git
   29008bf..cd787d2  main -> main
To github.com:tsy-del/tqqq.git
   29008bf..cd787d2  main -> gh-pages
Fetching highest frequency prices (v4.1) from yfinance...
Update and push completed successfully.
/Users/tsy/Library/Python/3.9/lib/python/site-packages/urllib3/__init__.py:35: NotOpenSSLWarning: urllib3 v2 only supports OpenSSL 1.1.1+, currently the 'ssl' module is compiled with 'LibreSSL 2.8.3'. See: https://github.com/urllib3/urllib3/issues/3020
  warnings.warn(
From github.com:tsy-del/tqqq
 * branch            main       -> FETCH_HEAD
HEAD is now at cd787d2 v4.4: Auto Cloud Sync config at 2026-06-06 04:30:06
[main 807b94e] v4.4: Auto Cloud Sync config at 2026-06-06 04:45:07
 2 files changed, 49 insertions(+), 49 deletions(-)
To github.com:tsy-del/tqqq.git
   cd787d2..807b94e  main -> main
To github.com:tsy-del/tqqq.git
   cd787d2..807b94e  main -> gh-pages
Fetching highest frequency prices (v4.1) from yfinance...
Update and push completed successfully.
/Users/tsy/Library/Python/3.9/lib/python/site-packages/urllib3/__init__.py:35: NotOpenSSLWarning: urllib3 v2 only supports OpenSSL 1.1.1+, currently the 'ssl' module is compiled with 'LibreSSL 2.8.3'. See: https://github.com/urllib3/urllib3/issues/3020
  warnings.warn(
From github.com:tsy-del/tqqq
 * branch            main       -> FETCH_HEAD
HEAD is now at 807b94e v4.4: Auto Cloud Sync config at 2026-06-06 04:45:07
[main ddd946d] v4.4: Auto Cloud Sync config at 2026-06-06 05:00:07
 2 files changed, 49 insertions(+), 49 deletions(-)
To github.com:tsy-del/tqqq.git
   807b94e..ddd946d  main -> main
To github.com:tsy-del/tqqq.git
   807b94e..ddd946d  main -> gh-pages
Fetching highest frequency prices (v4.1) from yfinance...
Update and push completed successfully.
/Users/tsy/Library/Python/3.9/lib/python/site-packages/urllib3/__init__.py:35: NotOpenSSLWarning: urllib3 v2 only supports OpenSSL 1.1.1+, currently the 'ssl' module is compiled with 'LibreSSL 2.8.3'. See: https://github.com/urllib3/urllib3/issues/3020
  warnings.warn(
From github.com:tsy-del/tqqq
 * branch            main       -> FETCH_HEAD
HEAD is now at ddd946d v4.4: Auto Cloud Sync config at 2026-06-06 05:00:07
[main 453e320] v4.4: Auto Cloud Sync config at 2026-06-06 05:15:07
 2 files changed, 49 insertions(+), 49 deletions(-)
To github.com:tsy-del/tqqq.git
   ddd946d..453e320  main -> main
To github.com:tsy-del/tqqq.git
   ddd946d..453e320  main -> gh-pages
Fetching highest frequency prices (v4.1) from yfinance...
Update and push completed successfully.
/Users/tsy/Library/Python/3.9/lib/python/site-packages/urllib3/__init__.py:35: NotOpenSSLWarning: urllib3 v2 only supports OpenSSL 1.1.1+, currently the 'ssl' module is compiled with 'LibreSSL 2.8.3'. See: https://github.com/urllib3/urllib3/issues/3020
  warnings.warn(
From github.com:tsy-del/tqqq
 * branch            main       -> FETCH_HEAD
HEAD is now at 453e320 v4.4: Auto Cloud Sync config at 2026-06-06 05:15:07
[main 7b7f4ae] v4.4: Auto Cloud Sync config at 2026-06-06 05:30:08
 2 files changed, 49 insertions(+), 49 deletions(-)
To github.com:tsy-del/tqqq.git
   453e320..7b7f4ae  main -> main
To github.com:tsy-del/tqqq.git
   453e320..7b7f4ae  main -> gh-pages
Fetching highest frequency prices (v4.1) from yfinance...
Update and push completed successfully.
/Users/tsy/Library/Python/3.9/lib/python/site-packages/urllib3/__init__.py:35: NotOpenSSLWarning: urllib3 v2 only supports OpenSSL 1.1.1+, currently the 'ssl' module is compiled with 'LibreSSL 2.8.3'. See: https://github.com/urllib3/urllib3/issues/3020
  warnings.warn(
From github.com:tsy-del/tqqq
 * branch            main       -> FETCH_HEAD
HEAD is now at 7b7f4ae v4.4: Auto Cloud Sync config at 2026-06-06 05:30:08
[main 150344a] v4.4: Auto Cloud Sync config at 2026-06-06 05:45:07
 2 files changed, 29 insertions(+), 29 deletions(-)
To github.com:tsy-del/tqqq.git
   7b7f4ae..150344a  main -> main
To github.com:tsy-del/tqqq.git
   7b7f4ae..150344a  main -> gh-pages
Fetching highest frequency prices (v4.1) from yfinance...
Update and push completed successfully.
/Users/tsy/Library/Python/3.9/lib/python/site-packages/urllib3/__init__.py:35: NotOpenSSLWarning: urllib3 v2 only supports OpenSSL 1.1.1+, currently the 'ssl' module is compiled with 'LibreSSL 2.8.3'. See: https://github.com/urllib3/urllib3/issues/3020
  warnings.warn(
From github.com:tsy-del/tqqq
 * branch            main       -> FETCH_HEAD
HEAD is now at 150344a v4.4: Auto Cloud Sync config at 2026-06-06 05:45:07
[main cbe5f4f] v4.4: Auto Cloud Sync config at 2026-06-06 06:00:07
 2 files changed, 49 insertions(+), 49 deletions(-)
To github.com:tsy-del/tqqq.git
   150344a..cbe5f4f  main -> main
To github.com:tsy-del/tqqq.git
   150344a..cbe5f4f  main -> gh-pages
Fetching highest frequency prices (v4.1) from yfinance...
Update and push completed successfully.
/Users/tsy/Library/Python/3.9/lib/python/site-packages/urllib3/__init__.py:35: NotOpenSSLWarning: urllib3 v2 only supports OpenSSL 1.1.1+, currently the 'ssl' module is compiled with 'LibreSSL 2.8.3'. See: https://github.com/urllib3/urllib3/issues/3020
  warnings.warn(
From github.com:tsy-del/tqqq
 * branch            main       -> FETCH_HEAD
HEAD is now at cbe5f4f v4.4: Auto Cloud Sync config at 2026-06-06 06:00:07
[main fa3be21] v4.4: Auto Cloud Sync config at 2026-06-06 06:15:07
 2 files changed, 49 insertions(+), 49 deletions(-)
To github.com:tsy-del/tqqq.git
   cbe5f4f..fa3be21  main -> main
To github.com:tsy-del/tqqq.git
   cbe5f4f..fa3be21  main -> gh-pages
Fetching highest frequency prices (v4.1) from yfinance...
Update and push completed successfully.
/Users/tsy/Library/Python/3.9/lib/python/site-packages/urllib3/__init__.py:35: NotOpenSSLWarning: urllib3 v2 only supports OpenSSL 1.1.1+, currently the 'ssl' module is compiled with 'LibreSSL 2.8.3'. See: https://github.com/urllib3/urllib3/issues/3020
  warnings.warn(
From github.com:tsy-del/tqqq
 * branch            main       -> FETCH_HEAD
HEAD is now at fa3be21 v4.4: Auto Cloud Sync config at 2026-06-06 06:15:07
[main 7b456e5] v4.4: Auto Cloud Sync config at 2026-06-06 06:30:07
 2 files changed, 47 insertions(+), 47 deletions(-)
To github.com:tsy-del/tqqq.git
   fa3be21..7b456e5  main -> main
To github.com:tsy-del/tqqq.git
   fa3be21..7b456e5  main -> gh-pages
Fetching highest frequency prices (v4.1) from yfinance...
Update and push completed successfully.
/Users/tsy/Library/Python/3.9/lib/python/site-packages/urllib3/__init__.py:35: NotOpenSSLWarning: urllib3 v2 only supports OpenSSL 1.1.1+, currently the 'ssl' module is compiled with 'LibreSSL 2.8.3'. See: https://github.com/urllib3/urllib3/issues/3020
  warnings.warn(
From github.com:tsy-del/tqqq
 * branch            main       -> FETCH_HEAD
HEAD is now at 7b456e5 v4.4: Auto Cloud Sync config at 2026-06-06 06:30:07
[main ccaec63] v4.4: Auto Cloud Sync config at 2026-06-06 06:45:08
 2 files changed, 49 insertions(+), 49 deletions(-)
To github.com:tsy-del/tqqq.git
   7b456e5..ccaec63  main -> main
To github.com:tsy-del/tqqq.git
   7b456e5..ccaec63  main -> gh-pages
Fetching highest frequency prices (v4.1) from yfinance...
Update and push completed successfully.
/Users/tsy/Library/Python/3.9/lib/python/site-packages/urllib3/__init__.py:35: NotOpenSSLWarning: urllib3 v2 only supports OpenSSL 1.1.1+, currently the 'ssl' module is compiled with 'LibreSSL 2.8.3'. See: https://github.com/urllib3/urllib3/issues/3020
  warnings.warn(
From github.com:tsy-del/tqqq
 * branch            main       -> FETCH_HEAD
HEAD is now at ccaec63 v4.4: Auto Cloud Sync config at 2026-06-06 06:45:08
[main 853fc1c] v4.4: Auto Cloud Sync config at 2026-06-06 07:00:07
 2 files changed, 49 insertions(+), 49 deletions(-)
To github.com:tsy-del/tqqq.git
   ccaec63..853fc1c  main -> main
To github.com:tsy-del/tqqq.git
   ccaec63..853fc1c  main -> gh-pages
Fetching highest frequency prices (v4.1) from yfinance...
Update and push completed successfully.
/Users/tsy/Library/Python/3.9/lib/python/site-packages/urllib3/__init__.py:35: NotOpenSSLWarning: urllib3 v2 only supports OpenSSL 1.1.1+, currently the 'ssl' module is compiled with 'LibreSSL 2.8.3'. See: https://github.com/urllib3/urllib3/issues/3020
  warnings.warn(
From github.com:tsy-del/tqqq
 * branch            main       -> FETCH_HEAD
HEAD is now at 853fc1c v4.4: Auto Cloud Sync config at 2026-06-06 07:00:07
[main 86cb44b] v4.4: Auto Cloud Sync config at 2026-06-06 07:15:07
 2 files changed, 49 insertions(+), 49 deletions(-)
To github.com:tsy-del/tqqq.git
   853fc1c..86cb44b  main -> main
To github.com:tsy-del/tqqq.git
   853fc1c..86cb44b  main -> gh-pages
Fetching highest frequency prices (v4.1) from yfinance...
Update and push completed successfully.
/Users/tsy/Library/Python/3.9/lib/python/site-packages/urllib3/__init__.py:35: NotOpenSSLWarning: urllib3 v2 only supports OpenSSL 1.1.1+, currently the 'ssl' module is compiled with 'LibreSSL 2.8.3'. See: https://github.com/urllib3/urllib3/issues/3020
  warnings.warn(
From github.com:tsy-del/tqqq
 * branch            main       -> FETCH_HEAD
HEAD is now at 86cb44b v4.4: Auto Cloud Sync config at 2026-06-06 07:15:07
[main fb988c7] v4.4: Auto Cloud Sync config at 2026-06-06 07:30:07
 2 files changed, 49 insertions(+), 49 deletions(-)
To github.com:tsy-del/tqqq.git
   86cb44b..fb988c7  main -> main
To github.com:tsy-del/tqqq.git
   86cb44b..fb988c7  main -> gh-pages
Fetching highest frequency prices (v4.1) from yfinance...
Update and push completed successfully.
/Users/tsy/Library/Python/3.9/lib/python/site-packages/urllib3/__init__.py:35: NotOpenSSLWarning: urllib3 v2 only supports OpenSSL 1.1.1+, currently the 'ssl' module is compiled with 'LibreSSL 2.8.3'. See: https://github.com/urllib3/urllib3/issues/3020
  warnings.warn(
From github.com:tsy-del/tqqq
 * branch            main       -> FETCH_HEAD
HEAD is now at fb988c7 v4.4: Auto Cloud Sync config at 2026-06-06 07:30:07
[main 301566f] v4.4: Auto Cloud Sync config at 2026-06-06 07:45:06
 2 files changed, 49 insertions(+), 49 deletions(-)
To github.com:tsy-del/tqqq.git
   fb988c7..301566f  main -> main
To github.com:tsy-del/tqqq.git
   fb988c7..301566f  main -> gh-pages
Fetching highest frequency prices (v4.1) from yfinance...
Update and push completed successfully.
/Users/tsy/Library/Python/3.9/lib/python/site-packages/urllib3/__init__.py:35: NotOpenSSLWarning: urllib3 v2 only supports OpenSSL 1.1.1+, currently the 'ssl' module is compiled with 'LibreSSL 2.8.3'. See: https://github.com/urllib3/urllib3/issues/3020
  warnings.warn(
From github.com:tsy-del/tqqq
 * branch            main       -> FETCH_HEAD
HEAD is now at 301566f v4.4: Auto Cloud Sync config at 2026-06-06 07:45:06
[main 8cbc7a8] v4.4: Auto Cloud Sync config at 2026-06-06 08:00:07
 2 files changed, 49 insertions(+), 49 deletions(-)
To github.com:tsy-del/tqqq.git
   301566f..8cbc7a8  main -> main
To github.com:tsy-del/tqqq.git
   301566f..8cbc7a8  main -> gh-pages
Fetching highest frequency prices (v4.1) from yfinance...
Update and push completed successfully.
/Users/tsy/Library/Python/3.9/lib/python/site-packages/urllib3/__init__.py:35: NotOpenSSLWarning: urllib3 v2 only supports OpenSSL 1.1.1+, currently the 'ssl' module is compiled with 'LibreSSL 2.8.3'. See: https://github.com/urllib3/urllib3/issues/3020
  warnings.warn(
From github.com:tsy-del/tqqq
 * branch            main       -> FETCH_HEAD
HEAD is now at 8cbc7a8 v4.4: Auto Cloud Sync config at 2026-06-06 08:00:07
[main 33f7597] v4.4: Auto Cloud Sync config at 2026-06-06 08:15:07
 2 files changed, 27 insertions(+), 27 deletions(-)
To github.com:tsy-del/tqqq.git
   8cbc7a8..33f7597  main -> main
To github.com:tsy-del/tqqq.git
   8cbc7a8..33f7597  main -> gh-pages
Fetching highest frequency prices (v4.1) from yfinance...
Update and push completed successfully.
/Users/tsy/Library/Python/3.9/lib/python/site-packages/urllib3/__init__.py:35: NotOpenSSLWarning: urllib3 v2 only supports OpenSSL 1.1.1+, currently the 'ssl' module is compiled with 'LibreSSL 2.8.3'. See: https://github.com/urllib3/urllib3/issues/3020
  warnings.warn(
From github.com:tsy-del/tqqq
 * branch            main       -> FETCH_HEAD
HEAD is now at 33f7597 v4.4: Auto Cloud Sync config at 2026-06-06 08:15:07
Fetching highest frequency prices (v4.1) from yfinance...
Prices unchanged (TQQQ: 71.32, SOXL: 176.9). Skipping Git push to save history.
/Users/tsy/Library/Python/3.9/lib/python/site-packages/urllib3/__init__.py:35: NotOpenSSLWarning: urllib3 v2 only supports OpenSSL 1.1.1+, currently the 'ssl' module is compiled with 'LibreSSL 2.8.3'. See: https://github.com/urllib3/urllib3/issues/3020
  warnings.warn(
From github.com:tsy-del/tqqq
 * branch            main       -> FETCH_HEAD
HEAD is now at 33f7597 v4.4: Auto Cloud Sync config at 2026-06-06 08:15:07
Fetching highest frequency prices (v4.1) from yfinance...
Prices unchanged (TQQQ: 71.32, SOXL: 176.9). Skipping Git push to save history.
/Users/tsy/Library/Python/3.9/lib/python/site-packages/urllib3/__init__.py:35: NotOpenSSLWarning: urllib3 v2 only supports OpenSSL 1.1.1+, currently the 'ssl' module is compiled with 'LibreSSL 2.8.3'. See: https://github.com/urllib3/urllib3/issues/3020
  warnings.warn(
From github.com:tsy-del/tqqq
 * branch            main       -> FETCH_HEAD
HEAD is now at 33f7597 v4.4: Auto Cloud Sync config at 2026-06-06 08:15:07
Fetching highest frequency prices (v4.1) from yfinance...
Prices unchanged (TQQQ: 71.32, SOXL: 176.9). Skipping Git push to save history.
/Users/tsy/Library/Python/3.9/lib/python/site-packages/urllib3/__init__.py:35: NotOpenSSLWarning: urllib3 v2 only supports OpenSSL 1.1.1+, currently the 'ssl' module is compiled with 'LibreSSL 2.8.3'. See: https://github.com/urllib3/urllib3/issues/3020
  warnings.warn(
From github.com:tsy-del/tqqq
 * branch            main       -> FETCH_HEAD
HEAD is now at 33f7597 v4.4: Auto Cloud Sync config at 2026-06-06 08:15:07
Fetching highest frequency prices (v4.1) from yfinance...
Prices unchanged (TQQQ: 71.32, SOXL: 176.9). Skipping Git push to save history.
/Users/tsy/Library/Python/3.9/lib/python/site-packages/urllib3/__init__.py:35: NotOpenSSLWarning: urllib3 v2 only supports OpenSSL 1.1.1+, currently the 'ssl' module is compiled with 'LibreSSL 2.8.3'. See: https://github.com/urllib3/urllib3/issues/3020
  warnings.warn(
From github.com:tsy-del/tqqq
 * branch            main       -> FETCH_HEAD
HEAD is now at 33f7597 v4.4: Auto Cloud Sync config at 2026-06-06 08:15:07
Fetching highest frequency prices (v4.1) from yfinance...
Prices unchanged (TQQQ: 71.32, SOXL: 176.9). Skipping Git push to save history.
/Users/tsy/Library/Python/3.9/lib/python/site-packages/urllib3/__init__.py:35: NotOpenSSLWarning: urllib3 v2 only supports OpenSSL 1.1.1+, currently the 'ssl' module is compiled with 'LibreSSL 2.8.3'. See: https://github.com/urllib3/urllib3/issues/3020
  warnings.warn(
From github.com:tsy-del/tqqq
 * branch            main       -> FETCH_HEAD
HEAD is now at 33f7597 v4.4: Auto Cloud Sync config at 2026-06-06 08:15:07
Fetching highest frequency prices (v4.1) from yfinance...
Prices unchanged (TQQQ: 71.32, SOXL: 176.9). Skipping Git push to save history.
/Users/tsy/Library/Python/3.9/lib/python/site-packages/urllib3/__init__.py:35: NotOpenSSLWarning: urllib3 v2 only supports OpenSSL 1.1.1+, currently the 'ssl' module is compiled with 'LibreSSL 2.8.3'. See: https://github.com/urllib3/urllib3/issues/3020
  warnings.warn(
From github.com:tsy-del/tqqq
 * branch            main       -> FETCH_HEAD
HEAD is now at 33f7597 v4.4: Auto Cloud Sync config at 2026-06-06 08:15:07
Fetching highest frequency prices (v4.1) from yfinance...
Prices unchanged (TQQQ: 71.32, SOXL: 176.9). Skipping Git push to save history.
/Users/tsy/Library/Python/3.9/lib/python/site-packages/urllib3/__init__.py:35: NotOpenSSLWarning: urllib3 v2 only supports OpenSSL 1.1.1+, currently the 'ssl' module is compiled with 'LibreSSL 2.8.3'. See: https://github.com/urllib3/urllib3/issues/3020
  warnings.warn(
From github.com:tsy-del/tqqq
 * branch            main       -> FETCH_HEAD
HEAD is now at 33f7597 v4.4: Auto Cloud Sync config at 2026-06-06 08:15:07
Fetching highest frequency prices (v4.1) from yfinance...
Prices unchanged (TQQQ: 71.32, SOXL: 176.9). Skipping Git push to save history.
/Users/tsy/Library/Python/3.9/lib/python/site-packages/urllib3/__init__.py:35: NotOpenSSLWarning: urllib3 v2 only supports OpenSSL 1.1.1+, currently the 'ssl' module is compiled with 'LibreSSL 2.8.3'. See: https://github.com/urllib3/urllib3/issues/3020
  warnings.warn(
From github.com:tsy-del/tqqq
 * branch            main       -> FETCH_HEAD
HEAD is now at 33f7597 v4.4: Auto Cloud Sync config at 2026-06-06 08:15:07
Fetching highest frequency prices (v4.1) from yfinance...
Prices unchanged (TQQQ: 71.32, SOXL: 176.9). Skipping Git push to save history.
/Users/tsy/Library/Python/3.9/lib/python/site-packages/urllib3/__init__.py:35: NotOpenSSLWarning: urllib3 v2 only supports OpenSSL 1.1.1+, currently the 'ssl' module is compiled with 'LibreSSL 2.8.3'. See: https://github.com/urllib3/urllib3/issues/3020
  warnings.warn(
From github.com:tsy-del/tqqq
 * branch            main       -> FETCH_HEAD
HEAD is now at 33f7597 v4.4: Auto Cloud Sync config at 2026-06-06 08:15:07
Fetching highest frequency prices (v4.1) from yfinance...
Prices unchanged (TQQQ: 71.32, SOXL: 176.9). Skipping Git push to save history.
/Users/tsy/Library/Python/3.9/lib/python/site-packages/urllib3/__init__.py:35: NotOpenSSLWarning: urllib3 v2 only supports OpenSSL 1.1.1+, currently the 'ssl' module is compiled with 'LibreSSL 2.8.3'. See: https://github.com/urllib3/urllib3/issues/3020
  warnings.warn(
From github.com:tsy-del/tqqq
 * branch            main       -> FETCH_HEAD
HEAD is now at 33f7597 v4.4: Auto Cloud Sync config at 2026-06-06 08:15:07
Fetching highest frequency prices (v4.1) from yfinance...
Prices unchanged (TQQQ: 71.32, SOXL: 176.9). Skipping Git push to save history.
/Users/tsy/Library/Python/3.9/lib/python/site-packages/urllib3/__init__.py:35: NotOpenSSLWarning: urllib3 v2 only supports OpenSSL 1.1.1+, currently the 'ssl' module is compiled with 'LibreSSL 2.8.3'. See: https://github.com/urllib3/urllib3/issues/3020
  warnings.warn(
From github.com:tsy-del/tqqq
 * branch            main       -> FETCH_HEAD
HEAD is now at 33f7597 v4.4: Auto Cloud Sync config at 2026-06-06 08:15:07
Fetching highest frequency prices (v4.1) from yfinance...
Prices unchanged (TQQQ: 71.32, SOXL: 176.9). Skipping Git push to save history.
/Users/tsy/Library/Python/3.9/lib/python/site-packages/urllib3/__init__.py:35: NotOpenSSLWarning: urllib3 v2 only supports OpenSSL 1.1.1+, currently the 'ssl' module is compiled with 'LibreSSL 2.8.3'. See: https://github.com/urllib3/urllib3/issues/3020
  warnings.warn(
From github.com:tsy-del/tqqq
 * branch            main       -> FETCH_HEAD
HEAD is now at 33f7597 v4.4: Auto Cloud Sync config at 2026-06-06 08:15:07
Fetching highest frequency prices (v4.1) from yfinance...
Prices unchanged (TQQQ: 71.32, SOXL: 176.9). Skipping Git push to save history.
/Users/tsy/Library/Python/3.9/lib/python/site-packages/urllib3/__init__.py:35: NotOpenSSLWarning: urllib3 v2 only supports OpenSSL 1.1.1+, currently the 'ssl' module is compiled with 'LibreSSL 2.8.3'. See: https://github.com/urllib3/urllib3/issues/3020
  warnings.warn(
From github.com:tsy-del/tqqq
 * branch            main       -> FETCH_HEAD
HEAD is now at 33f7597 v4.4: Auto Cloud Sync config at 2026-06-06 08:15:07
Fetching highest frequency prices (v4.1) from yfinance...
Prices unchanged (TQQQ: 71.32, SOXL: 176.9). Skipping Git push to save history.
/Users/tsy/Library/Python/3.9/lib/python/site-packages/urllib3/__init__.py:35: NotOpenSSLWarning: urllib3 v2 only supports OpenSSL 1.1.1+, currently the 'ssl' module is compiled with 'LibreSSL 2.8.3'. See: https://github.com/urllib3/urllib3/issues/3020
  warnings.warn(
From github.com:tsy-del/tqqq
 * branch            main       -> FETCH_HEAD
HEAD is now at 33f7597 v4.4: Auto Cloud Sync config at 2026-06-06 08:15:07
Fetching highest frequency prices (v4.1) from yfinance...
Prices unchanged (TQQQ: 71.32, SOXL: 176.9). Skipping Git push to save history.
/Users/tsy/Library/Python/3.9/lib/python/site-packages/urllib3/__init__.py:35: NotOpenSSLWarning: urllib3 v2 only supports OpenSSL 1.1.1+, currently the 'ssl' module is compiled with 'LibreSSL 2.8.3'. See: https://github.com/urllib3/urllib3/issues/3020
  warnings.warn(
From github.com:tsy-del/tqqq
 * branch            main       -> FETCH_HEAD
HEAD is now at 33f7597 v4.4: Auto Cloud Sync config at 2026-06-06 08:15:07
Fetching highest frequency prices (v4.1) from yfinance...
Prices unchanged (TQQQ: 71.32, SOXL: 176.9). Skipping Git push to save history.
/Users/tsy/Library/Python/3.9/lib/python/site-packages/urllib3/__init__.py:35: NotOpenSSLWarning: urllib3 v2 only supports OpenSSL 1.1.1+, currently the 'ssl' module is compiled with 'LibreSSL 2.8.3'. See: https://github.com/urllib3/urllib3/issues/3020
  warnings.warn(
From github.com:tsy-del/tqqq
 * branch            main       -> FETCH_HEAD
HEAD is now at 33f7597 v4.4: Auto Cloud Sync config at 2026-06-06 08:15:07
Fetching highest frequency prices (v4.1) from yfinance...
Prices unchanged (TQQQ: 71.32, SOXL: 176.9). Skipping Git push to save history.
/Users/tsy/Library/Python/3.9/lib/python/site-packages/urllib3/__init__.py:35: NotOpenSSLWarning: urllib3 v2 only supports OpenSSL 1.1.1+, currently the 'ssl' module is compiled with 'LibreSSL 2.8.3'. See: https://github.com/urllib3/urllib3/issues/3020
  warnings.warn(
From github.com:tsy-del/tqqq
 * branch            main       -> FETCH_HEAD
HEAD is now at 33f7597 v4.4: Auto Cloud Sync config at 2026-06-06 08:15:07
Fetching highest frequency prices (v4.1) from yfinance...
Prices unchanged (TQQQ: 71.32, SOXL: 176.9). Skipping Git push to save history.
/Users/tsy/Library/Python/3.9/lib/python/site-packages/urllib3/__init__.py:35: NotOpenSSLWarning: urllib3 v2 only supports OpenSSL 1.1.1+, currently the 'ssl' module is compiled with 'LibreSSL 2.8.3'. See: https://github.com/urllib3/urllib3/issues/3020
  warnings.warn(
From github.com:tsy-del/tqqq
 * branch            main       -> FETCH_HEAD
HEAD is now at 33f7597 v4.4: Auto Cloud Sync config at 2026-06-06 08:15:07
Fetching highest frequency prices (v4.1) from yfinance...
Prices unchanged (TQQQ: 71.32, SOXL: 176.9). Skipping Git push to save history.
/Users/tsy/Library/Python/3.9/lib/python/site-packages/urllib3/__init__.py:35: NotOpenSSLWarning: urllib3 v2 only supports OpenSSL 1.1.1+, currently the 'ssl' module is compiled with 'LibreSSL 2.8.3'. See: https://github.com/urllib3/urllib3/issues/3020
  warnings.warn(
From github.com:tsy-del/tqqq
 * branch            main       -> FETCH_HEAD
HEAD is now at 33f7597 v4.4: Auto Cloud Sync config at 2026-06-06 08:15:07
Fetching highest frequency prices (v4.1) from yfinance...
Prices unchanged (TQQQ: 71.32, SOXL: 176.9). Skipping Git push to save history.
/Users/tsy/Library/Python/3.9/lib/python/site-packages/urllib3/__init__.py:35: NotOpenSSLWarning: urllib3 v2 only supports OpenSSL 1.1.1+, currently the 'ssl' module is compiled with 'LibreSSL 2.8.3'. See: https://github.com/urllib3/urllib3/issues/3020
  warnings.warn(
From github.com:tsy-del/tqqq
 * branch            main       -> FETCH_HEAD
HEAD is now at 33f7597 v4.4: Auto Cloud Sync config at 2026-06-06 08:15:07
Fetching highest frequency prices (v4.1) from yfinance...
Prices unchanged (TQQQ: 71.32, SOXL: 176.9). Skipping Git push to save history.
/Users/tsy/Library/Python/3.9/lib/python/site-packages/urllib3/__init__.py:35: NotOpenSSLWarning: urllib3 v2 only supports OpenSSL 1.1.1+, currently the 'ssl' module is compiled with 'LibreSSL 2.8.3'. See: https://github.com/urllib3/urllib3/issues/3020
  warnings.warn(
From github.com:tsy-del/tqqq
 * branch            main       -> FETCH_HEAD
HEAD is now at 33f7597 v4.4: Auto Cloud Sync config at 2026-06-06 08:15:07
Fetching highest frequency prices (v4.1) from yfinance...
Prices unchanged (TQQQ: 71.32, SOXL: 176.9). Skipping Git push to save history.
/Users/tsy/Library/Python/3.9/lib/python/site-packages/urllib3/__init__.py:35: NotOpenSSLWarning: urllib3 v2 only supports OpenSSL 1.1.1+, currently the 'ssl' module is compiled with 'LibreSSL 2.8.3'. See: https://github.com/urllib3/urllib3/issues/3020
  warnings.warn(
From github.com:tsy-del/tqqq
 * branch            main       -> FETCH_HEAD
HEAD is now at 33f7597 v4.4: Auto Cloud Sync config at 2026-06-06 08:15:07
Fetching highest frequency prices (v4.1) from yfinance...
Prices unchanged (TQQQ: 71.32, SOXL: 176.9). Skipping Git push to save history.
/Users/tsy/Library/Python/3.9/lib/python/site-packages/urllib3/__init__.py:35: NotOpenSSLWarning: urllib3 v2 only supports OpenSSL 1.1.1+, currently the 'ssl' module is compiled with 'LibreSSL 2.8.3'. See: https://github.com/urllib3/urllib3/issues/3020
  warnings.warn(
From github.com:tsy-del/tqqq
 * branch            main       -> FETCH_HEAD
HEAD is now at 33f7597 v4.4: Auto Cloud Sync config at 2026-06-06 08:15:07
Fetching highest frequency prices (v4.1) from yfinance...
Prices unchanged (TQQQ: 71.32, SOXL: 176.9). Skipping Git push to save history.
/Users/tsy/Library/Python/3.9/lib/python/site-packages/urllib3/__init__.py:35: NotOpenSSLWarning: urllib3 v2 only supports OpenSSL 1.1.1+, currently the 'ssl' module is compiled with 'LibreSSL 2.8.3'. See: https://github.com/urllib3/urllib3/issues/3020
  warnings.warn(
From github.com:tsy-del/tqqq
 * branch            main       -> FETCH_HEAD
HEAD is now at 33f7597 v4.4: Auto Cloud Sync config at 2026-06-06 08:15:07
Fetching highest frequency prices (v4.1) from yfinance...
Prices unchanged (TQQQ: 71.32, SOXL: 176.9). Skipping Git push to save history.
/Users/tsy/Library/Python/3.9/lib/python/site-packages/urllib3/__init__.py:35: NotOpenSSLWarning: urllib3 v2 only supports OpenSSL 1.1.1+, currently the 'ssl' module is compiled with 'LibreSSL 2.8.3'. See: https://github.com/urllib3/urllib3/issues/3020
  warnings.warn(
From github.com:tsy-del/tqqq
 * branch            main       -> FETCH_HEAD
HEAD is now at 33f7597 v4.4: Auto Cloud Sync config at 2026-06-06 08:15:07
Fetching highest frequency prices (v4.1) from yfinance...
Prices unchanged (TQQQ: 71.32, SOXL: 176.9). Skipping Git push to save history.
/Users/tsy/Library/Python/3.9/lib/python/site-packages/urllib3/__init__.py:35: NotOpenSSLWarning: urllib3 v2 only supports OpenSSL 1.1.1+, currently the 'ssl' module is compiled with 'LibreSSL 2.8.3'. See: https://github.com/urllib3/urllib3/issues/3020
  warnings.warn(
From github.com:tsy-del/tqqq
 * branch            main       -> FETCH_HEAD
HEAD is now at 33f7597 v4.4: Auto Cloud Sync config at 2026-06-06 08:15:07
Fetching highest frequency prices (v4.1) from yfinance...
Prices unchanged (TQQQ: 71.32, SOXL: 176.9). Skipping Git push to save history.
/Users/tsy/Library/Python/3.9/lib/python/site-packages/urllib3/__init__.py:35: NotOpenSSLWarning: urllib3 v2 only supports OpenSSL 1.1.1+, currently the 'ssl' module is compiled with 'LibreSSL 2.8.3'. See: https://github.com/urllib3/urllib3/issues/3020
  warnings.warn(
From github.com:tsy-del/tqqq
 * branch            main       -> FETCH_HEAD
HEAD is now at 33f7597 v4.4: Auto Cloud Sync config at 2026-06-06 08:15:07
Fetching highest frequency prices (v4.1) from yfinance...
Prices unchanged (TQQQ: 71.32, SOXL: 176.9). Skipping Git push to save history.
/Users/tsy/Library/Python/3.9/lib/python/site-packages/urllib3/__init__.py:35: NotOpenSSLWarning: urllib3 v2 only supports OpenSSL 1.1.1+, currently the 'ssl' module is compiled with 'LibreSSL 2.8.3'. See: https://github.com/urllib3/urllib3/issues/3020
  warnings.warn(
From github.com:tsy-del/tqqq
 * branch            main       -> FETCH_HEAD
HEAD is now at 33f7597 v4.4: Auto Cloud Sync config at 2026-06-06 08:15:07
Fetching highest frequency prices (v4.1) from yfinance...
Prices unchanged (TQQQ: 71.32, SOXL: 176.9). Skipping Git push to save history.
/Users/tsy/Library/Python/3.9/lib/python/site-packages/urllib3/__init__.py:35: NotOpenSSLWarning: urllib3 v2 only supports OpenSSL 1.1.1+, currently the 'ssl' module is compiled with 'LibreSSL 2.8.3'. See: https://github.com/urllib3/urllib3/issues/3020
  warnings.warn(
From github.com:tsy-del/tqqq
 * branch            main       -> FETCH_HEAD
HEAD is now at 33f7597 v4.4: Auto Cloud Sync config at 2026-06-06 08:15:07
Fetching highest frequency prices (v4.1) from yfinance...
Prices unchanged (TQQQ: 71.32, SOXL: 176.9). Skipping Git push to save history.
/Users/tsy/Library/Python/3.9/lib/python/site-packages/urllib3/__init__.py:35: NotOpenSSLWarning: urllib3 v2 only supports OpenSSL 1.1.1+, currently the 'ssl' module is compiled with 'LibreSSL 2.8.3'. See: https://github.com/urllib3/urllib3/issues/3020
  warnings.warn(
From github.com:tsy-del/tqqq
 * branch            main       -> FETCH_HEAD
HEAD is now at 33f7597 v4.4: Auto Cloud Sync config at 2026-06-06 08:15:07
Fetching highest frequency prices (v4.1) from yfinance...
Prices unchanged (TQQQ: 71.32, SOXL: 176.9). Skipping Git push to save history.
/Users/tsy/Library/Python/3.9/lib/python/site-packages/urllib3/__init__.py:35: NotOpenSSLWarning: urllib3 v2 only supports OpenSSL 1.1.1+, currently the 'ssl' module is compiled with 'LibreSSL 2.8.3'. See: https://github.com/urllib3/urllib3/issues/3020
  warnings.warn(
From github.com:tsy-del/tqqq
 * branch            main       -> FETCH_HEAD
HEAD is now at 33f7597 v4.4: Auto Cloud Sync config at 2026-06-06 08:15:07
Fetching highest frequency prices (v4.1) from yfinance...
Prices unchanged (TQQQ: 71.32, SOXL: 176.9). Skipping Git push to save history.
/Users/tsy/Library/Python/3.9/lib/python/site-packages/urllib3/__init__.py:35: NotOpenSSLWarning: urllib3 v2 only supports OpenSSL 1.1.1+, currently the 'ssl' module is compiled with 'LibreSSL 2.8.3'. See: https://github.com/urllib3/urllib3/issues/3020
  warnings.warn(
From github.com:tsy-del/tqqq
 * branch            main       -> FETCH_HEAD
HEAD is now at 33f7597 v4.4: Auto Cloud Sync config at 2026-06-06 08:15:07
Fetching highest frequency prices (v4.1) from yfinance...
Prices unchanged (TQQQ: 71.32, SOXL: 176.9). Skipping Git push to save history.
/Users/tsy/Library/Python/3.9/lib/python/site-packages/urllib3/__init__.py:35: NotOpenSSLWarning: urllib3 v2 only supports OpenSSL 1.1.1+, currently the 'ssl' module is compiled with 'LibreSSL 2.8.3'. See: https://github.com/urllib3/urllib3/issues/3020
  warnings.warn(
From github.com:tsy-del/tqqq
 * branch            main       -> FETCH_HEAD
HEAD is now at 33f7597 v4.4: Auto Cloud Sync config at 2026-06-06 08:15:07
Fetching highest frequency prices (v4.1) from yfinance...
Prices unchanged (TQQQ: 71.32, SOXL: 176.9). Skipping Git push to save history.
/Users/tsy/Library/Python/3.9/lib/python/site-packages/urllib3/__init__.py:35: NotOpenSSLWarning: urllib3 v2 only supports OpenSSL 1.1.1+, currently the 'ssl' module is compiled with 'LibreSSL 2.8.3'. See: https://github.com/urllib3/urllib3/issues/3020
  warnings.warn(
From github.com:tsy-del/tqqq
 * branch            main       -> FETCH_HEAD
HEAD is now at 33f7597 v4.4: Auto Cloud Sync config at 2026-06-06 08:15:07
Fetching highest frequency prices (v4.1) from yfinance...
Prices unchanged (TQQQ: 71.32, SOXL: 176.9). Skipping Git push to save history.
/Users/tsy/Library/Python/3.9/lib/python/site-packages/urllib3/__init__.py:35: NotOpenSSLWarning: urllib3 v2 only supports OpenSSL 1.1.1+, currently the 'ssl' module is compiled with 'LibreSSL 2.8.3'. See: https://github.com/urllib3/urllib3/issues/3020
  warnings.warn(
From github.com:tsy-del/tqqq
 * branch            main       -> FETCH_HEAD
HEAD is now at 33f7597 v4.4: Auto Cloud Sync config at 2026-06-06 08:15:07
Fetching highest frequency prices (v4.1) from yfinance...
Prices unchanged (TQQQ: 71.32, SOXL: 176.9). Skipping Git push to save history.
/Users/tsy/Library/Python/3.9/lib/python/site-packages/urllib3/__init__.py:35: NotOpenSSLWarning: urllib3 v2 only supports OpenSSL 1.1.1+, currently the 'ssl' module is compiled with 'LibreSSL 2.8.3'. See: https://github.com/urllib3/urllib3/issues/3020
  warnings.warn(
From github.com:tsy-del/tqqq
 * branch            main       -> FETCH_HEAD
HEAD is now at 33f7597 v4.4: Auto Cloud Sync config at 2026-06-06 08:15:07
Fetching highest frequency prices (v4.1) from yfinance...
Prices unchanged (TQQQ: 71.32, SOXL: 176.9). Skipping Git push to save history.
/Users/tsy/Library/Python/3.9/lib/python/site-packages/urllib3/__init__.py:35: NotOpenSSLWarning: urllib3 v2 only supports OpenSSL 1.1.1+, currently the 'ssl' module is compiled with 'LibreSSL 2.8.3'. See: https://github.com/urllib3/urllib3/issues/3020
  warnings.warn(
From github.com:tsy-del/tqqq
 * branch            main       -> FETCH_HEAD
HEAD is now at 33f7597 v4.4: Auto Cloud Sync config at 2026-06-06 08:15:07
Fetching highest frequency prices (v4.1) from yfinance...
Prices unchanged (TQQQ: 71.32, SOXL: 176.9). Skipping Git push to save history.
/Users/tsy/Library/Python/3.9/lib/python/site-packages/urllib3/__init__.py:35: NotOpenSSLWarning: urllib3 v2 only supports OpenSSL 1.1.1+, currently the 'ssl' module is compiled with 'LibreSSL 2.8.3'. See: https://github.com/urllib3/urllib3/issues/3020
  warnings.warn(
From github.com:tsy-del/tqqq
 * branch            main       -> FETCH_HEAD
HEAD is now at 33f7597 v4.4: Auto Cloud Sync config at 2026-06-06 08:15:07
Fetching highest frequency prices (v4.1) from yfinance...
Prices unchanged (TQQQ: 71.32, SOXL: 176.9). Skipping Git push to save history.
/Users/tsy/Library/Python/3.9/lib/python/site-packages/urllib3/__init__.py:35: NotOpenSSLWarning: urllib3 v2 only supports OpenSSL 1.1.1+, currently the 'ssl' module is compiled with 'LibreSSL 2.8.3'. See: https://github.com/urllib3/urllib3/issues/3020
  warnings.warn(
From github.com:tsy-del/tqqq
 * branch            main       -> FETCH_HEAD
HEAD is now at 33f7597 v4.4: Auto Cloud Sync config at 2026-06-06 08:15:07
Fetching highest frequency prices (v4.1) from yfinance...
Prices unchanged (TQQQ: 71.32, SOXL: 176.9). Skipping Git push to save history.
/Users/tsy/Library/Python/3.9/lib/python/site-packages/urllib3/__init__.py:35: NotOpenSSLWarning: urllib3 v2 only supports OpenSSL 1.1.1+, currently the 'ssl' module is compiled with 'LibreSSL 2.8.3'. See: https://github.com/urllib3/urllib3/issues/3020
  warnings.warn(
From github.com:tsy-del/tqqq
 * branch            main       -> FETCH_HEAD
HEAD is now at 33f7597 v4.4: Auto Cloud Sync config at 2026-06-06 08:15:07
Fetching highest frequency prices (v4.1) from yfinance...
Prices unchanged (TQQQ: 71.32, SOXL: 176.9). Skipping Git push to save history.
/Users/tsy/Library/Python/3.9/lib/python/site-packages/urllib3/__init__.py:35: NotOpenSSLWarning: urllib3 v2 only supports OpenSSL 1.1.1+, currently the 'ssl' module is compiled with 'LibreSSL 2.8.3'. See: https://github.com/urllib3/urllib3/issues/3020
  warnings.warn(
From github.com:tsy-del/tqqq
 * branch            main       -> FETCH_HEAD
HEAD is now at 33f7597 v4.4: Auto Cloud Sync config at 2026-06-06 08:15:07
Fetching highest frequency prices (v4.1) from yfinance...
Prices unchanged (TQQQ: 71.32, SOXL: 176.9). Skipping Git push to save history.
/Users/tsy/Library/Python/3.9/lib/python/site-packages/urllib3/__init__.py:35: NotOpenSSLWarning: urllib3 v2 only supports OpenSSL 1.1.1+, currently the 'ssl' module is compiled with 'LibreSSL 2.8.3'. See: https://github.com/urllib3/urllib3/issues/3020
  warnings.warn(
From github.com:tsy-del/tqqq
 * branch            main       -> FETCH_HEAD
HEAD is now at 33f7597 v4.4: Auto Cloud Sync config at 2026-06-06 08:15:07
Fetching highest frequency prices (v4.1) from yfinance...
Prices unchanged (TQQQ: 71.32, SOXL: 176.9). Skipping Git push to save history.
/Users/tsy/Library/Python/3.9/lib/python/site-packages/urllib3/__init__.py:35: NotOpenSSLWarning: urllib3 v2 only supports OpenSSL 1.1.1+, currently the 'ssl' module is compiled with 'LibreSSL 2.8.3'. See: https://github.com/urllib3/urllib3/issues/3020
  warnings.warn(
From github.com:tsy-del/tqqq
 * branch            main       -> FETCH_HEAD
HEAD is now at 33f7597 v4.4: Auto Cloud Sync config at 2026-06-06 08:15:07
Fetching highest frequency prices (v4.1) from yfinance...
Prices unchanged (TQQQ: 71.32, SOXL: 176.9). Skipping Git push to save history.
/Users/tsy/Library/Python/3.9/lib/python/site-packages/urllib3/__init__.py:35: NotOpenSSLWarning: urllib3 v2 only supports OpenSSL 1.1.1+, currently the 'ssl' module is compiled with 'LibreSSL 2.8.3'. See: https://github.com/urllib3/urllib3/issues/3020
  warnings.warn(
From github.com:tsy-del/tqqq
 * branch            main       -> FETCH_HEAD
HEAD is now at 33f7597 v4.4: Auto Cloud Sync config at 2026-06-06 08:15:07
Fetching highest frequency prices (v4.1) from yfinance...
Prices unchanged (TQQQ: 71.32, SOXL: 176.9). Skipping Git push to save history.
/Users/tsy/Library/Python/3.9/lib/python/site-packages/urllib3/__init__.py:35: NotOpenSSLWarning: urllib3 v2 only supports OpenSSL 1.1.1+, currently the 'ssl' module is compiled with 'LibreSSL 2.8.3'. See: https://github.com/urllib3/urllib3/issues/3020
  warnings.warn(
From github.com:tsy-del/tqqq
 * branch            main       -> FETCH_HEAD
HEAD is now at 33f7597 v4.4: Auto Cloud Sync config at 2026-06-06 08:15:07
Fetching highest frequency prices (v4.1) from yfinance...
Prices unchanged (TQQQ: 71.32, SOXL: 176.9). Skipping Git push to save history.
/Users/tsy/Library/Python/3.9/lib/python/site-packages/urllib3/__init__.py:35: NotOpenSSLWarning: urllib3 v2 only supports OpenSSL 1.1.1+, currently the 'ssl' module is compiled with 'LibreSSL 2.8.3'. See: https://github.com/urllib3/urllib3/issues/3020
  warnings.warn(
From github.com:tsy-del/tqqq
 * branch            main       -> FETCH_HEAD
HEAD is now at 33f7597 v4.4: Auto Cloud Sync config at 2026-06-06 08:15:07
Fetching highest frequency prices (v4.1) from yfinance...
Prices unchanged (TQQQ: 71.32, SOXL: 176.9). Skipping Git push to save history.
/Users/tsy/Library/Python/3.9/lib/python/site-packages/urllib3/__init__.py:35: NotOpenSSLWarning: urllib3 v2 only supports OpenSSL 1.1.1+, currently the 'ssl' module is compiled with 'LibreSSL 2.8.3'. See: https://github.com/urllib3/urllib3/issues/3020
  warnings.warn(
From github.com:tsy-del/tqqq
 * branch            main       -> FETCH_HEAD
HEAD is now at 33f7597 v4.4: Auto Cloud Sync config at 2026-06-06 08:15:07
Fetching highest frequency prices (v4.1) from yfinance...
Prices unchanged (TQQQ: 71.32, SOXL: 176.9). Skipping Git push to save history.
/Users/tsy/Library/Python/3.9/lib/python/site-packages/urllib3/__init__.py:35: NotOpenSSLWarning: urllib3 v2 only supports OpenSSL 1.1.1+, currently the 'ssl' module is compiled with 'LibreSSL 2.8.3'. See: https://github.com/urllib3/urllib3/issues/3020
  warnings.warn(
From github.com:tsy-del/tqqq
 * branch            main       -> FETCH_HEAD
HEAD is now at 33f7597 v4.4: Auto Cloud Sync config at 2026-06-06 08:15:07
Fetching highest frequency prices (v4.1) from yfinance...
Prices unchanged (TQQQ: 71.32, SOXL: 176.9). Skipping Git push to save history.
/Users/tsy/Library/Python/3.9/lib/python/site-packages/urllib3/__init__.py:35: NotOpenSSLWarning: urllib3 v2 only supports OpenSSL 1.1.1+, currently the 'ssl' module is compiled with 'LibreSSL 2.8.3'. See: https://github.com/urllib3/urllib3/issues/3020
  warnings.warn(
From github.com:tsy-del/tqqq
 * branch            main       -> FETCH_HEAD
HEAD is now at 33f7597 v4.4: Auto Cloud Sync config at 2026-06-06 08:15:07
Fetching highest frequency prices (v4.1) from yfinance...
Prices unchanged (TQQQ: 71.32, SOXL: 176.9). Skipping Git push to save history.
/Users/tsy/Library/Python/3.9/lib/python/site-packages/urllib3/__init__.py:35: NotOpenSSLWarning: urllib3 v2 only supports OpenSSL 1.1.1+, currently the 'ssl' module is compiled with 'LibreSSL 2.8.3'. See: https://github.com/urllib3/urllib3/issues/3020
  warnings.warn(
From github.com:tsy-del/tqqq
 * branch            main       -> FETCH_HEAD
HEAD is now at 33f7597 v4.4: Auto Cloud Sync config at 2026-06-06 08:15:07
Fetching highest frequency prices (v4.1) from yfinance...
Prices unchanged (TQQQ: 71.32, SOXL: 176.9). Skipping Git push to save history.
/Users/tsy/Library/Python/3.9/lib/python/site-packages/urllib3/__init__.py:35: NotOpenSSLWarning: urllib3 v2 only supports OpenSSL 1.1.1+, currently the 'ssl' module is compiled with 'LibreSSL 2.8.3'. See: https://github.com/urllib3/urllib3/issues/3020
  warnings.warn(
From github.com:tsy-del/tqqq
 * branch            main       -> FETCH_HEAD
HEAD is now at 33f7597 v4.4: Auto Cloud Sync config at 2026-06-06 08:15:07
Fetching highest frequency prices (v4.1) from yfinance...
Prices unchanged (TQQQ: 71.32, SOXL: 176.9). Skipping Git push to save history.
/Users/tsy/Library/Python/3.9/lib/python/site-packages/urllib3/__init__.py:35: NotOpenSSLWarning: urllib3 v2 only supports OpenSSL 1.1.1+, currently the 'ssl' module is compiled with 'LibreSSL 2.8.3'. See: https://github.com/urllib3/urllib3/issues/3020
  warnings.warn(
From github.com:tsy-del/tqqq
 * branch            main       -> FETCH_HEAD
HEAD is now at 33f7597 v4.4: Auto Cloud Sync config at 2026-06-06 08:15:07
Fetching highest frequency prices (v4.1) from yfinance...
Prices unchanged (TQQQ: 71.32, SOXL: 176.9). Skipping Git push to save history.
/Users/tsy/Library/Python/3.9/lib/python/site-packages/urllib3/__init__.py:35: NotOpenSSLWarning: urllib3 v2 only supports OpenSSL 1.1.1+, currently the 'ssl' module is compiled with 'LibreSSL 2.8.3'. See: https://github.com/urllib3/urllib3/issues/3020
  warnings.warn(
From github.com:tsy-del/tqqq
 * branch            main       -> FETCH_HEAD
HEAD is now at 33f7597 v4.4: Auto Cloud Sync config at 2026-06-06 08:15:07
Fetching highest frequency prices (v4.1) from yfinance...
Prices unchanged (TQQQ: 71.32, SOXL: 176.9). Skipping Git push to save history.
/Users/tsy/Library/Python/3.9/lib/python/site-packages/urllib3/__init__.py:35: NotOpenSSLWarning: urllib3 v2 only supports OpenSSL 1.1.1+, currently the 'ssl' module is compiled with 'LibreSSL 2.8.3'. See: https://github.com/urllib3/urllib3/issues/3020
  warnings.warn(
From github.com:tsy-del/tqqq
 * branch            main       -> FETCH_HEAD
HEAD is now at 33f7597 v4.4: Auto Cloud Sync config at 2026-06-06 08:15:07
Fetching highest frequency prices (v4.1) from yfinance...
Prices unchanged (TQQQ: 71.32, SOXL: 176.9). Skipping Git push to save history.
/Users/tsy/Library/Python/3.9/lib/python/site-packages/urllib3/__init__.py:35: NotOpenSSLWarning: urllib3 v2 only supports OpenSSL 1.1.1+, currently the 'ssl' module is compiled with 'LibreSSL 2.8.3'. See: https://github.com/urllib3/urllib3/issues/3020
  warnings.warn(
From github.com:tsy-del/tqqq
 * branch            main       -> FETCH_HEAD
HEAD is now at 33f7597 v4.4: Auto Cloud Sync config at 2026-06-06 08:15:07
Fetching highest frequency prices (v4.1) from yfinance...
Prices unchanged (TQQQ: 71.32, SOXL: 176.9). Skipping Git push to save history.
/Users/tsy/Library/Python/3.9/lib/python/site-packages/urllib3/__init__.py:35: NotOpenSSLWarning: urllib3 v2 only supports OpenSSL 1.1.1+, currently the 'ssl' module is compiled with 'LibreSSL 2.8.3'. See: https://github.com/urllib3/urllib3/issues/3020
  warnings.warn(
From github.com:tsy-del/tqqq
 * branch            main       -> FETCH_HEAD
HEAD is now at 33f7597 v4.4: Auto Cloud Sync config at 2026-06-06 08:15:07
Fetching highest frequency prices (v4.1) from yfinance...
Prices unchanged (TQQQ: 71.32, SOXL: 176.9). Skipping Git push to save history.
/Users/tsy/Library/Python/3.9/lib/python/site-packages/urllib3/__init__.py:35: NotOpenSSLWarning: urllib3 v2 only supports OpenSSL 1.1.1+, currently the 'ssl' module is compiled with 'LibreSSL 2.8.3'. See: https://github.com/urllib3/urllib3/issues/3020
  warnings.warn(
From github.com:tsy-del/tqqq
 * branch            main       -> FETCH_HEAD
HEAD is now at 33f7597 v4.4: Auto Cloud Sync config at 2026-06-06 08:15:07
Fetching highest frequency prices (v4.1) from yfinance...
Prices unchanged (TQQQ: 71.32, SOXL: 176.9). Skipping Git push to save history.
/Users/tsy/Library/Python/3.9/lib/python/site-packages/urllib3/__init__.py:35: NotOpenSSLWarning: urllib3 v2 only supports OpenSSL 1.1.1+, currently the 'ssl' module is compiled with 'LibreSSL 2.8.3'. See: https://github.com/urllib3/urllib3/issues/3020
  warnings.warn(
From github.com:tsy-del/tqqq
 * branch            main       -> FETCH_HEAD
HEAD is now at 33f7597 v4.4: Auto Cloud Sync config at 2026-06-06 08:15:07
Fetching highest frequency prices (v4.1) from yfinance...
Prices unchanged (TQQQ: 71.32, SOXL: 176.9). Skipping Git push to save history.
/Users/tsy/Library/Python/3.9/lib/python/site-packages/urllib3/__init__.py:35: NotOpenSSLWarning: urllib3 v2 only supports OpenSSL 1.1.1+, currently the 'ssl' module is compiled with 'LibreSSL 2.8.3'. See: https://github.com/urllib3/urllib3/issues/3020
  warnings.warn(
From github.com:tsy-del/tqqq
 * branch            main       -> FETCH_HEAD
HEAD is now at 33f7597 v4.4: Auto Cloud Sync config at 2026-06-06 08:15:07
Fetching highest frequency prices (v4.1) from yfinance...
Prices unchanged (TQQQ: 71.32, SOXL: 176.9). Skipping Git push to save history.
/Users/tsy/Library/Python/3.9/lib/python/site-packages/urllib3/__init__.py:35: NotOpenSSLWarning: urllib3 v2 only supports OpenSSL 1.1.1+, currently the 'ssl' module is compiled with 'LibreSSL 2.8.3'. See: https://github.com/urllib3/urllib3/issues/3020
  warnings.warn(
From github.com:tsy-del/tqqq
 * branch            main       -> FETCH_HEAD
HEAD is now at 33f7597 v4.4: Auto Cloud Sync config at 2026-06-06 08:15:07
Fetching highest frequency prices (v4.1) from yfinance...
Prices unchanged (TQQQ: 71.32, SOXL: 176.9). Skipping Git push to save history.
/Users/tsy/Library/Python/3.9/lib/python/site-packages/urllib3/__init__.py:35: NotOpenSSLWarning: urllib3 v2 only supports OpenSSL 1.1.1+, currently the 'ssl' module is compiled with 'LibreSSL 2.8.3'. See: https://github.com/urllib3/urllib3/issues/3020
  warnings.warn(
From github.com:tsy-del/tqqq
 * branch            main       -> FETCH_HEAD
HEAD is now at 33f7597 v4.4: Auto Cloud Sync config at 2026-06-06 08:15:07
Fetching highest frequency prices (v4.1) from yfinance...
Prices unchanged (TQQQ: 71.32, SOXL: 176.9). Skipping Git push to save history.
/Users/tsy/Library/Python/3.9/lib/python/site-packages/urllib3/__init__.py:35: NotOpenSSLWarning: urllib3 v2 only supports OpenSSL 1.1.1+, currently the 'ssl' module is compiled with 'LibreSSL 2.8.3'. See: https://github.com/urllib3/urllib3/issues/3020
  warnings.warn(
From github.com:tsy-del/tqqq
 * branch            main       -> FETCH_HEAD
HEAD is now at 33f7597 v4.4: Auto Cloud Sync config at 2026-06-06 08:15:07
Fetching highest frequency prices (v4.1) from yfinance...
Prices unchanged (TQQQ: 71.32, SOXL: 176.9). Skipping Git push to save history.
/Users/tsy/Library/Python/3.9/lib/python/site-packages/urllib3/__init__.py:35: NotOpenSSLWarning: urllib3 v2 only supports OpenSSL 1.1.1+, currently the 'ssl' module is compiled with 'LibreSSL 2.8.3'. See: https://github.com/urllib3/urllib3/issues/3020
  warnings.warn(
From github.com:tsy-del/tqqq
 * branch            main       -> FETCH_HEAD
HEAD is now at 33f7597 v4.4: Auto Cloud Sync config at 2026-06-06 08:15:07
Fetching highest frequency prices (v4.1) from yfinance...
Prices unchanged (TQQQ: 71.32, SOXL: 176.9). Skipping Git push to save history.
/Users/tsy/Library/Python/3.9/lib/python/site-packages/urllib3/__init__.py:35: NotOpenSSLWarning: urllib3 v2 only supports OpenSSL 1.1.1+, currently the 'ssl' module is compiled with 'LibreSSL 2.8.3'. See: https://github.com/urllib3/urllib3/issues/3020
  warnings.warn(
From github.com:tsy-del/tqqq
 * branch            main       -> FETCH_HEAD
HEAD is now at 33f7597 v4.4: Auto Cloud Sync config at 2026-06-06 08:15:07
Fetching highest frequency prices (v4.1) from yfinance...
Prices unchanged (TQQQ: 71.32, SOXL: 176.9). Skipping Git push to save history.
/Users/tsy/Library/Python/3.9/lib/python/site-packages/urllib3/__init__.py:35: NotOpenSSLWarning: urllib3 v2 only supports OpenSSL 1.1.1+, currently the 'ssl' module is compiled with 'LibreSSL 2.8.3'. See: https://github.com/urllib3/urllib3/issues/3020
  warnings.warn(
From github.com:tsy-del/tqqq
 * branch            main       -> FETCH_HEAD
HEAD is now at 33f7597 v4.4: Auto Cloud Sync config at 2026-06-06 08:15:07
Fetching highest frequency prices (v4.1) from yfinance...
Prices unchanged (TQQQ: 71.32, SOXL: 176.9). Skipping Git push to save history.
/Users/tsy/Library/Python/3.9/lib/python/site-packages/urllib3/__init__.py:35: NotOpenSSLWarning: urllib3 v2 only supports OpenSSL 1.1.1+, currently the 'ssl' module is compiled with 'LibreSSL 2.8.3'. See: https://github.com/urllib3/urllib3/issues/3020
  warnings.warn(
From github.com:tsy-del/tqqq
 * branch            main       -> FETCH_HEAD
HEAD is now at 33f7597 v4.4: Auto Cloud Sync config at 2026-06-06 08:15:07
Fetching highest frequency prices (v4.1) from yfinance...
Prices unchanged (TQQQ: 71.32, SOXL: 176.9). Skipping Git push to save history.
/Users/tsy/Library/Python/3.9/lib/python/site-packages/urllib3/__init__.py:35: NotOpenSSLWarning: urllib3 v2 only supports OpenSSL 1.1.1+, currently the 'ssl' module is compiled with 'LibreSSL 2.8.3'. See: https://github.com/urllib3/urllib3/issues/3020
  warnings.warn(
From github.com:tsy-del/tqqq
 * branch            main       -> FETCH_HEAD
HEAD is now at 33f7597 v4.4: Auto Cloud Sync config at 2026-06-06 08:15:07
Fetching highest frequency prices (v4.1) from yfinance...
Prices unchanged (TQQQ: 71.32, SOXL: 176.9). Skipping Git push to save history.
/Users/tsy/Library/Python/3.9/lib/python/site-packages/urllib3/__init__.py:35: NotOpenSSLWarning: urllib3 v2 only supports OpenSSL 1.1.1+, currently the 'ssl' module is compiled with 'LibreSSL 2.8.3'. See: https://github.com/urllib3/urllib3/issues/3020
  warnings.warn(
From github.com:tsy-del/tqqq
 * branch            main       -> FETCH_HEAD
HEAD is now at 33f7597 v4.4: Auto Cloud Sync config at 2026-06-06 08:15:07
Fetching highest frequency prices (v4.1) from yfinance...
Prices unchanged (TQQQ: 71.32, SOXL: 176.9). Skipping Git push to save history.
/Users/tsy/Library/Python/3.9/lib/python/site-packages/urllib3/__init__.py:35: NotOpenSSLWarning: urllib3 v2 only supports OpenSSL 1.1.1+, currently the 'ssl' module is compiled with 'LibreSSL 2.8.3'. See: https://github.com/urllib3/urllib3/issues/3020
  warnings.warn(
From github.com:tsy-del/tqqq
 * branch            main       -> FETCH_HEAD
HEAD is now at 33f7597 v4.4: Auto Cloud Sync config at 2026-06-06 08:15:07
Fetching highest frequency prices (v4.1) from yfinance...
Prices unchanged (TQQQ: 71.32, SOXL: 176.9). Skipping Git push to save history.
/Users/tsy/Library/Python/3.9/lib/python/site-packages/urllib3/__init__.py:35: NotOpenSSLWarning: urllib3 v2 only supports OpenSSL 1.1.1+, currently the 'ssl' module is compiled with 'LibreSSL 2.8.3'. See: https://github.com/urllib3/urllib3/issues/3020
  warnings.warn(
From github.com:tsy-del/tqqq
 * branch            main       -> FETCH_HEAD
HEAD is now at 33f7597 v4.4: Auto Cloud Sync config at 2026-06-06 08:15:07
Fetching highest frequency prices (v4.1) from yfinance...
Prices unchanged (TQQQ: 71.32, SOXL: 176.9). Skipping Git push to save history.
/Users/tsy/Library/Python/3.9/lib/python/site-packages/urllib3/__init__.py:35: NotOpenSSLWarning: urllib3 v2 only supports OpenSSL 1.1.1+, currently the 'ssl' module is compiled with 'LibreSSL 2.8.3'. See: https://github.com/urllib3/urllib3/issues/3020
  warnings.warn(
From github.com:tsy-del/tqqq
 * branch            main       -> FETCH_HEAD
HEAD is now at 33f7597 v4.4: Auto Cloud Sync config at 2026-06-06 08:15:07
Fetching highest frequency prices (v4.1) from yfinance...
Prices unchanged (TQQQ: 71.32, SOXL: 176.9). Skipping Git push to save history.
/Users/tsy/Library/Python/3.9/lib/python/site-packages/urllib3/__init__.py:35: NotOpenSSLWarning: urllib3 v2 only supports OpenSSL 1.1.1+, currently the 'ssl' module is compiled with 'LibreSSL 2.8.3'. See: https://github.com/urllib3/urllib3/issues/3020
  warnings.warn(
From github.com:tsy-del/tqqq
 * branch            main       -> FETCH_HEAD
HEAD is now at 33f7597 v4.4: Auto Cloud Sync config at 2026-06-06 08:15:07
Fetching highest frequency prices (v4.1) from yfinance...
Prices unchanged (TQQQ: 71.32, SOXL: 176.9). Skipping Git push to save history.
/Users/tsy/Library/Python/3.9/lib/python/site-packages/urllib3/__init__.py:35: NotOpenSSLWarning: urllib3 v2 only supports OpenSSL 1.1.1+, currently the 'ssl' module is compiled with 'LibreSSL 2.8.3'. See: https://github.com/urllib3/urllib3/issues/3020
  warnings.warn(
From github.com:tsy-del/tqqq
 * branch            main       -> FETCH_HEAD
HEAD is now at 33f7597 v4.4: Auto Cloud Sync config at 2026-06-06 08:15:07
Fetching highest frequency prices (v4.1) from yfinance...
Prices unchanged (TQQQ: 71.32, SOXL: 176.9). Skipping Git push to save history.
/Users/tsy/Library/Python/3.9/lib/python/site-packages/urllib3/__init__.py:35: NotOpenSSLWarning: urllib3 v2 only supports OpenSSL 1.1.1+, currently the 'ssl' module is compiled with 'LibreSSL 2.8.3'. See: https://github.com/urllib3/urllib3/issues/3020
  warnings.warn(
From github.com:tsy-del/tqqq
 * branch            main       -> FETCH_HEAD
HEAD is now at 33f7597 v4.4: Auto Cloud Sync config at 2026-06-06 08:15:07
Fetching highest frequency prices (v4.1) from yfinance...
Prices unchanged (TQQQ: 71.32, SOXL: 176.9). Skipping Git push to save history.
/Users/tsy/Library/Python/3.9/lib/python/site-packages/urllib3/__init__.py:35: NotOpenSSLWarning: urllib3 v2 only supports OpenSSL 1.1.1+, currently the 'ssl' module is compiled with 'LibreSSL 2.8.3'. See: https://github.com/urllib3/urllib3/issues/3020
  warnings.warn(
From github.com:tsy-del/tqqq
 * branch            main       -> FETCH_HEAD
HEAD is now at 33f7597 v4.4: Auto Cloud Sync config at 2026-06-06 08:15:07
Fetching highest frequency prices (v4.1) from yfinance...
Prices unchanged (TQQQ: 71.32, SOXL: 176.9). Skipping Git push to save history.
/Users/tsy/Library/Python/3.9/lib/python/site-packages/urllib3/__init__.py:35: NotOpenSSLWarning: urllib3 v2 only supports OpenSSL 1.1.1+, currently the 'ssl' module is compiled with 'LibreSSL 2.8.3'. See: https://github.com/urllib3/urllib3/issues/3020
  warnings.warn(
From github.com:tsy-del/tqqq
 * branch            main       -> FETCH_HEAD
HEAD is now at 33f7597 v4.4: Auto Cloud Sync config at 2026-06-06 08:15:07
Fetching highest frequency prices (v4.1) from yfinance...
Prices unchanged (TQQQ: 71.32, SOXL: 176.9). Skipping Git push to save history.
/Users/tsy/Library/Python/3.9/lib/python/site-packages/urllib3/__init__.py:35: NotOpenSSLWarning: urllib3 v2 only supports OpenSSL 1.1.1+, currently the 'ssl' module is compiled with 'LibreSSL 2.8.3'. See: https://github.com/urllib3/urllib3/issues/3020
  warnings.warn(
From github.com:tsy-del/tqqq
 * branch            main       -> FETCH_HEAD
HEAD is now at 33f7597 v4.4: Auto Cloud Sync config at 2026-06-06 08:15:07
Fetching highest frequency prices (v4.1) from yfinance...
Prices unchanged (TQQQ: 71.32, SOXL: 176.9). Skipping Git push to save history.
/Users/tsy/Library/Python/3.9/lib/python/site-packages/urllib3/__init__.py:35: NotOpenSSLWarning: urllib3 v2 only supports OpenSSL 1.1.1+, currently the 'ssl' module is compiled with 'LibreSSL 2.8.3'. See: https://github.com/urllib3/urllib3/issues/3020
  warnings.warn(
From github.com:tsy-del/tqqq
 * branch            main       -> FETCH_HEAD
HEAD is now at 33f7597 v4.4: Auto Cloud Sync config at 2026-06-06 08:15:07
Fetching highest frequency prices (v4.1) from yfinance...
Prices unchanged (TQQQ: 71.32, SOXL: 176.9). Skipping Git push to save history.
/Users/tsy/Library/Python/3.9/lib/python/site-packages/urllib3/__init__.py:35: NotOpenSSLWarning: urllib3 v2 only supports OpenSSL 1.1.1+, currently the 'ssl' module is compiled with 'LibreSSL 2.8.3'. See: https://github.com/urllib3/urllib3/issues/3020
  warnings.warn(
From github.com:tsy-del/tqqq
 * branch            main       -> FETCH_HEAD
HEAD is now at 33f7597 v4.4: Auto Cloud Sync config at 2026-06-06 08:15:07
Fetching highest frequency prices (v4.1) from yfinance...
Prices unchanged (TQQQ: 71.32, SOXL: 176.9). Skipping Git push to save history.
/Users/tsy/Library/Python/3.9/lib/python/site-packages/urllib3/__init__.py:35: NotOpenSSLWarning: urllib3 v2 only supports OpenSSL 1.1.1+, currently the 'ssl' module is compiled with 'LibreSSL 2.8.3'. See: https://github.com/urllib3/urllib3/issues/3020
  warnings.warn(
From github.com:tsy-del/tqqq
 * branch            main       -> FETCH_HEAD
HEAD is now at 33f7597 v4.4: Auto Cloud Sync config at 2026-06-06 08:15:07
Fetching highest frequency prices (v4.1) from yfinance...
Prices unchanged (TQQQ: 71.32, SOXL: 176.9). Skipping Git push to save history.
/Users/tsy/Library/Python/3.9/lib/python/site-packages/urllib3/__init__.py:35: NotOpenSSLWarning: urllib3 v2 only supports OpenSSL 1.1.1+, currently the 'ssl' module is compiled with 'LibreSSL 2.8.3'. See: https://github.com/urllib3/urllib3/issues/3020
  warnings.warn(
From github.com:tsy-del/tqqq
 * branch            main       -> FETCH_HEAD
HEAD is now at 33f7597 v4.4: Auto Cloud Sync config at 2026-06-06 08:15:07
Fetching highest frequency prices (v4.1) from yfinance...
Prices unchanged (TQQQ: 71.32, SOXL: 176.9). Skipping Git push to save history.
/Users/tsy/Library/Python/3.9/lib/python/site-packages/urllib3/__init__.py:35: NotOpenSSLWarning: urllib3 v2 only supports OpenSSL 1.1.1+, currently the 'ssl' module is compiled with 'LibreSSL 2.8.3'. See: https://github.com/urllib3/urllib3/issues/3020
  warnings.warn(
From github.com:tsy-del/tqqq
 * branch            main       -> FETCH_HEAD
HEAD is now at 33f7597 v4.4: Auto Cloud Sync config at 2026-06-06 08:15:07
Fetching highest frequency prices (v4.1) from yfinance...
Prices unchanged (TQQQ: 71.32, SOXL: 176.9). Skipping Git push to save history.
/Users/tsy/Library/Python/3.9/lib/python/site-packages/urllib3/__init__.py:35: NotOpenSSLWarning: urllib3 v2 only supports OpenSSL 1.1.1+, currently the 'ssl' module is compiled with 'LibreSSL 2.8.3'. See: https://github.com/urllib3/urllib3/issues/3020
  warnings.warn(
From github.com:tsy-del/tqqq
 * branch            main       -> FETCH_HEAD
HEAD is now at 33f7597 v4.4: Auto Cloud Sync config at 2026-06-06 08:15:07
Fetching highest frequency prices (v4.1) from yfinance...
Prices unchanged (TQQQ: 71.32, SOXL: 176.9). Skipping Git push to save history.
/Users/tsy/Library/Python/3.9/lib/python/site-packages/urllib3/__init__.py:35: NotOpenSSLWarning: urllib3 v2 only supports OpenSSL 1.1.1+, currently the 'ssl' module is compiled with 'LibreSSL 2.8.3'. See: https://github.com/urllib3/urllib3/issues/3020
  warnings.warn(
From github.com:tsy-del/tqqq
 * branch            main       -> FETCH_HEAD
HEAD is now at 33f7597 v4.4: Auto Cloud Sync config at 2026-06-06 08:15:07
Fetching highest frequency prices (v4.1) from yfinance...
Prices unchanged (TQQQ: 71.32, SOXL: 176.9). Skipping Git push to save history.
/Users/tsy/Library/Python/3.9/lib/python/site-packages/urllib3/__init__.py:35: NotOpenSSLWarning: urllib3 v2 only supports OpenSSL 1.1.1+, currently the 'ssl' module is compiled with 'LibreSSL 2.8.3'. See: https://github.com/urllib3/urllib3/issues/3020
  warnings.warn(
From github.com:tsy-del/tqqq
 * branch            main       -> FETCH_HEAD
HEAD is now at 33f7597 v4.4: Auto Cloud Sync config at 2026-06-06 08:15:07
Fetching highest frequency prices (v4.1) from yfinance...
Prices unchanged (TQQQ: 71.32, SOXL: 176.9). Skipping Git push to save history.
/Users/tsy/Library/Python/3.9/lib/python/site-packages/urllib3/__init__.py:35: NotOpenSSLWarning: urllib3 v2 only supports OpenSSL 1.1.1+, currently the 'ssl' module is compiled with 'LibreSSL 2.8.3'. See: https://github.com/urllib3/urllib3/issues/3020
  warnings.warn(
From github.com:tsy-del/tqqq
 * branch            main       -> FETCH_HEAD
HEAD is now at 33f7597 v4.4: Auto Cloud Sync config at 2026-06-06 08:15:07
Fetching highest frequency prices (v4.1) from yfinance...
Prices unchanged (TQQQ: 71.32, SOXL: 176.9). Skipping Git push to save history.
/Users/tsy/Library/Python/3.9/lib/python/site-packages/urllib3/__init__.py:35: NotOpenSSLWarning: urllib3 v2 only supports OpenSSL 1.1.1+, currently the 'ssl' module is compiled with 'LibreSSL 2.8.3'. See: https://github.com/urllib3/urllib3/issues/3020
  warnings.warn(
From github.com:tsy-del/tqqq
 * branch            main       -> FETCH_HEAD
HEAD is now at 33f7597 v4.4: Auto Cloud Sync config at 2026-06-06 08:15:07
Fetching highest frequency prices (v4.1) from yfinance...
Prices unchanged (TQQQ: 71.32, SOXL: 176.9). Skipping Git push to save history.
/Users/tsy/Library/Python/3.9/lib/python/site-packages/urllib3/__init__.py:35: NotOpenSSLWarning: urllib3 v2 only supports OpenSSL 1.1.1+, currently the 'ssl' module is compiled with 'LibreSSL 2.8.3'. See: https://github.com/urllib3/urllib3/issues/3020
  warnings.warn(
From github.com:tsy-del/tqqq
 * branch            main       -> FETCH_HEAD
HEAD is now at 33f7597 v4.4: Auto Cloud Sync config at 2026-06-06 08:15:07
Fetching highest frequency prices (v4.1) from yfinance...
Prices unchanged (TQQQ: 71.32, SOXL: 176.9). Skipping Git push to save history.
/Users/tsy/Library/Python/3.9/lib/python/site-packages/urllib3/__init__.py:35: NotOpenSSLWarning: urllib3 v2 only supports OpenSSL 1.1.1+, currently the 'ssl' module is compiled with 'LibreSSL 2.8.3'. See: https://github.com/urllib3/urllib3/issues/3020
  warnings.warn(
From github.com:tsy-del/tqqq
 * branch            main       -> FETCH_HEAD
HEAD is now at 33f7597 v4.4: Auto Cloud Sync config at 2026-06-06 08:15:07
Fetching highest frequency prices (v4.1) from yfinance...
Prices unchanged (TQQQ: 71.32, SOXL: 176.9). Skipping Git push to save history.
/Users/tsy/Library/Python/3.9/lib/python/site-packages/urllib3/__init__.py:35: NotOpenSSLWarning: urllib3 v2 only supports OpenSSL 1.1.1+, currently the 'ssl' module is compiled with 'LibreSSL 2.8.3'. See: https://github.com/urllib3/urllib3/issues/3020
  warnings.warn(
From github.com:tsy-del/tqqq
 * branch            main       -> FETCH_HEAD
HEAD is now at 33f7597 v4.4: Auto Cloud Sync config at 2026-06-06 08:15:07
Fetching highest frequency prices (v4.1) from yfinance...
Prices unchanged (TQQQ: 71.32, SOXL: 176.9). Skipping Git push to save history.
/Users/tsy/Library/Python/3.9/lib/python/site-packages/urllib3/__init__.py:35: NotOpenSSLWarning: urllib3 v2 only supports OpenSSL 1.1.1+, currently the 'ssl' module is compiled with 'LibreSSL 2.8.3'. See: https://github.com/urllib3/urllib3/issues/3020
  warnings.warn(
From github.com:tsy-del/tqqq
 * branch            main       -> FETCH_HEAD
HEAD is now at 33f7597 v4.4: Auto Cloud Sync config at 2026-06-06 08:15:07
Fetching highest frequency prices (v4.1) from yfinance...
Prices unchanged (TQQQ: 71.32, SOXL: 176.9). Skipping Git push to save history.
/Users/tsy/Library/Python/3.9/lib/python/site-packages/urllib3/__init__.py:35: NotOpenSSLWarning: urllib3 v2 only supports OpenSSL 1.1.1+, currently the 'ssl' module is compiled with 'LibreSSL 2.8.3'. See: https://github.com/urllib3/urllib3/issues/3020
  warnings.warn(
From github.com:tsy-del/tqqq
 * branch            main       -> FETCH_HEAD
HEAD is now at 33f7597 v4.4: Auto Cloud Sync config at 2026-06-06 08:15:07
Fetching highest frequency prices (v4.1) from yfinance...
Prices unchanged (TQQQ: 71.32, SOXL: 176.9). Skipping Git push to save history.
/Users/tsy/Library/Python/3.9/lib/python/site-packages/urllib3/__init__.py:35: NotOpenSSLWarning: urllib3 v2 only supports OpenSSL 1.1.1+, currently the 'ssl' module is compiled with 'LibreSSL 2.8.3'. See: https://github.com/urllib3/urllib3/issues/3020
  warnings.warn(
From github.com:tsy-del/tqqq
 * branch            main       -> FETCH_HEAD
HEAD is now at 33f7597 v4.4: Auto Cloud Sync config at 2026-06-06 08:15:07
Fetching highest frequency prices (v4.1) from yfinance...
Prices unchanged (TQQQ: 71.32, SOXL: 176.9). Skipping Git push to save history.
/Users/tsy/Library/Python/3.9/lib/python/site-packages/urllib3/__init__.py:35: NotOpenSSLWarning: urllib3 v2 only supports OpenSSL 1.1.1+, currently the 'ssl' module is compiled with 'LibreSSL 2.8.3'. See: https://github.com/urllib3/urllib3/issues/3020
  warnings.warn(
From github.com:tsy-del/tqqq
 * branch            main       -> FETCH_HEAD
HEAD is now at 33f7597 v4.4: Auto Cloud Sync config at 2026-06-06 08:15:07
Fetching highest frequency prices (v4.1) from yfinance...
Prices unchanged (TQQQ: 71.32, SOXL: 176.9). Skipping Git push to save history.
/Users/tsy/Library/Python/3.9/lib/python/site-packages/urllib3/__init__.py:35: NotOpenSSLWarning: urllib3 v2 only supports OpenSSL 1.1.1+, currently the 'ssl' module is compiled with 'LibreSSL 2.8.3'. See: https://github.com/urllib3/urllib3/issues/3020
  warnings.warn(
From github.com:tsy-del/tqqq
 * branch            main       -> FETCH_HEAD
HEAD is now at 33f7597 v4.4: Auto Cloud Sync config at 2026-06-06 08:15:07
Fetching highest frequency prices (v4.1) from yfinance...
Prices unchanged (TQQQ: 71.32, SOXL: 176.9). Skipping Git push to save history.
/Users/tsy/Library/Python/3.9/lib/python/site-packages/urllib3/__init__.py:35: NotOpenSSLWarning: urllib3 v2 only supports OpenSSL 1.1.1+, currently the 'ssl' module is compiled with 'LibreSSL 2.8.3'. See: https://github.com/urllib3/urllib3/issues/3020
  warnings.warn(
From github.com:tsy-del/tqqq
 * branch            main       -> FETCH_HEAD
HEAD is now at 33f7597 v4.4: Auto Cloud Sync config at 2026-06-06 08:15:07
Fetching highest frequency prices (v4.1) from yfinance...
Prices unchanged (TQQQ: 71.32, SOXL: 176.9). Skipping Git push to save history.
/Users/tsy/Library/Python/3.9/lib/python/site-packages/urllib3/__init__.py:35: NotOpenSSLWarning: urllib3 v2 only supports OpenSSL 1.1.1+, currently the 'ssl' module is compiled with 'LibreSSL 2.8.3'. See: https://github.com/urllib3/urllib3/issues/3020
  warnings.warn(
From github.com:tsy-del/tqqq
 * branch            main       -> FETCH_HEAD
HEAD is now at 33f7597 v4.4: Auto Cloud Sync config at 2026-06-06 08:15:07
Fetching highest frequency prices (v4.1) from yfinance...
Prices unchanged (TQQQ: 71.32, SOXL: 176.9). Skipping Git push to save history.
/Users/tsy/Library/Python/3.9/lib/python/site-packages/urllib3/__init__.py:35: NotOpenSSLWarning: urllib3 v2 only supports OpenSSL 1.1.1+, currently the 'ssl' module is compiled with 'LibreSSL 2.8.3'. See: https://github.com/urllib3/urllib3/issues/3020
  warnings.warn(
From github.com:tsy-del/tqqq
 * branch            main       -> FETCH_HEAD
HEAD is now at 33f7597 v4.4: Auto Cloud Sync config at 2026-06-06 08:15:07
Fetching highest frequency prices (v4.1) from yfinance...
Prices unchanged (TQQQ: 71.32, SOXL: 176.9). Skipping Git push to save history.
/Users/tsy/Library/Python/3.9/lib/python/site-packages/urllib3/__init__.py:35: NotOpenSSLWarning: urllib3 v2 only supports OpenSSL 1.1.1+, currently the 'ssl' module is compiled with 'LibreSSL 2.8.3'. See: https://github.com/urllib3/urllib3/issues/3020
  warnings.warn(
From github.com:tsy-del/tqqq
 * branch            main       -> FETCH_HEAD
HEAD is now at 33f7597 v4.4: Auto Cloud Sync config at 2026-06-06 08:15:07
Fetching highest frequency prices (v4.1) from yfinance...
Prices unchanged (TQQQ: 71.32, SOXL: 176.9). Skipping Git push to save history.
/Users/tsy/Library/Python/3.9/lib/python/site-packages/urllib3/__init__.py:35: NotOpenSSLWarning: urllib3 v2 only supports OpenSSL 1.1.1+, currently the 'ssl' module is compiled with 'LibreSSL 2.8.3'. See: https://github.com/urllib3/urllib3/issues/3020
  warnings.warn(
From github.com:tsy-del/tqqq
 * branch            main       -> FETCH_HEAD
HEAD is now at 33f7597 v4.4: Auto Cloud Sync config at 2026-06-06 08:15:07
Fetching highest frequency prices (v4.1) from yfinance...
Prices unchanged (TQQQ: 71.32, SOXL: 176.9). Skipping Git push to save history.
/Users/tsy/Library/Python/3.9/lib/python/site-packages/urllib3/__init__.py:35: NotOpenSSLWarning: urllib3 v2 only supports OpenSSL 1.1.1+, currently the 'ssl' module is compiled with 'LibreSSL 2.8.3'. See: https://github.com/urllib3/urllib3/issues/3020
  warnings.warn(
From github.com:tsy-del/tqqq
 * branch            main       -> FETCH_HEAD
HEAD is now at 33f7597 v4.4: Auto Cloud Sync config at 2026-06-06 08:15:07
Fetching highest frequency prices (v4.1) from yfinance...
Prices unchanged (TQQQ: 71.32, SOXL: 176.9). Skipping Git push to save history.
/Users/tsy/Library/Python/3.9/lib/python/site-packages/urllib3/__init__.py:35: NotOpenSSLWarning: urllib3 v2 only supports OpenSSL 1.1.1+, currently the 'ssl' module is compiled with 'LibreSSL 2.8.3'. See: https://github.com/urllib3/urllib3/issues/3020
  warnings.warn(
From github.com:tsy-del/tqqq
 * branch            main       -> FETCH_HEAD
HEAD is now at 33f7597 v4.4: Auto Cloud Sync config at 2026-06-06 08:15:07
Fetching highest frequency prices (v4.1) from yfinance...
Prices unchanged (TQQQ: 71.32, SOXL: 176.9). Skipping Git push to save history.
/Users/tsy/Library/Python/3.9/lib/python/site-packages/urllib3/__init__.py:35: NotOpenSSLWarning: urllib3 v2 only supports OpenSSL 1.1.1+, currently the 'ssl' module is compiled with 'LibreSSL 2.8.3'. See: https://github.com/urllib3/urllib3/issues/3020
  warnings.warn(
From github.com:tsy-del/tqqq
 * branch            main       -> FETCH_HEAD
HEAD is now at 33f7597 v4.4: Auto Cloud Sync config at 2026-06-06 08:15:07
Fetching highest frequency prices (v4.1) from yfinance...
Prices unchanged (TQQQ: 71.32, SOXL: 176.9). Skipping Git push to save history.
/Users/tsy/Library/Python/3.9/lib/python/site-packages/urllib3/__init__.py:35: NotOpenSSLWarning: urllib3 v2 only supports OpenSSL 1.1.1+, currently the 'ssl' module is compiled with 'LibreSSL 2.8.3'. See: https://github.com/urllib3/urllib3/issues/3020
  warnings.warn(
From github.com:tsy-del/tqqq
 * branch            main       -> FETCH_HEAD
HEAD is now at 33f7597 v4.4: Auto Cloud Sync config at 2026-06-06 08:15:07
Fetching highest frequency prices (v4.1) from yfinance...
Prices unchanged (TQQQ: 71.32, SOXL: 176.9). Skipping Git push to save history.
/Users/tsy/Library/Python/3.9/lib/python/site-packages/urllib3/__init__.py:35: NotOpenSSLWarning: urllib3 v2 only supports OpenSSL 1.1.1+, currently the 'ssl' module is compiled with 'LibreSSL 2.8.3'. See: https://github.com/urllib3/urllib3/issues/3020
  warnings.warn(
From github.com:tsy-del/tqqq
 * branch            main       -> FETCH_HEAD
HEAD is now at 33f7597 v4.4: Auto Cloud Sync config at 2026-06-06 08:15:07
Fetching highest frequency prices (v4.1) from yfinance...
Prices unchanged (TQQQ: 71.32, SOXL: 176.9). Skipping Git push to save history.
/Users/tsy/Library/Python/3.9/lib/python/site-packages/urllib3/__init__.py:35: NotOpenSSLWarning: urllib3 v2 only supports OpenSSL 1.1.1+, currently the 'ssl' module is compiled with 'LibreSSL 2.8.3'. See: https://github.com/urllib3/urllib3/issues/3020
  warnings.warn(
From github.com:tsy-del/tqqq
 * branch            main       -> FETCH_HEAD
HEAD is now at 33f7597 v4.4: Auto Cloud Sync config at 2026-06-06 08:15:07
Fetching highest frequency prices (v4.1) from yfinance...
Prices unchanged (TQQQ: 71.32, SOXL: 176.9). Skipping Git push to save history.
/Users/tsy/Library/Python/3.9/lib/python/site-packages/urllib3/__init__.py:35: NotOpenSSLWarning: urllib3 v2 only supports OpenSSL 1.1.1+, currently the 'ssl' module is compiled with 'LibreSSL 2.8.3'. See: https://github.com/urllib3/urllib3/issues/3020
  warnings.warn(
From github.com:tsy-del/tqqq
 * branch            main       -> FETCH_HEAD
HEAD is now at 33f7597 v4.4: Auto Cloud Sync config at 2026-06-06 08:15:07
Fetching highest frequency prices (v4.1) from yfinance...
Prices unchanged (TQQQ: 71.32, SOXL: 176.9). Skipping Git push to save history.
/Users/tsy/Library/Python/3.9/lib/python/site-packages/urllib3/__init__.py:35: NotOpenSSLWarning: urllib3 v2 only supports OpenSSL 1.1.1+, currently the 'ssl' module is compiled with 'LibreSSL 2.8.3'. See: https://github.com/urllib3/urllib3/issues/3020
  warnings.warn(
From github.com:tsy-del/tqqq
 * branch            main       -> FETCH_HEAD
HEAD is now at 33f7597 v4.4: Auto Cloud Sync config at 2026-06-06 08:15:07
Fetching highest frequency prices (v4.1) from yfinance...
Prices unchanged (TQQQ: 71.32, SOXL: 176.9). Skipping Git push to save history.
/Users/tsy/Library/Python/3.9/lib/python/site-packages/urllib3/__init__.py:35: NotOpenSSLWarning: urllib3 v2 only supports OpenSSL 1.1.1+, currently the 'ssl' module is compiled with 'LibreSSL 2.8.3'. See: https://github.com/urllib3/urllib3/issues/3020
  warnings.warn(
From github.com:tsy-del/tqqq
 * branch            main       -> FETCH_HEAD
HEAD is now at 33f7597 v4.4: Auto Cloud Sync config at 2026-06-06 08:15:07
Fetching highest frequency prices (v4.1) from yfinance...
Prices unchanged (TQQQ: 71.32, SOXL: 176.9). Skipping Git push to save history.
/Users/tsy/Library/Python/3.9/lib/python/site-packages/urllib3/__init__.py:35: NotOpenSSLWarning: urllib3 v2 only supports OpenSSL 1.1.1+, currently the 'ssl' module is compiled with 'LibreSSL 2.8.3'. See: https://github.com/urllib3/urllib3/issues/3020
  warnings.warn(
From github.com:tsy-del/tqqq
 * branch            main       -> FETCH_HEAD
HEAD is now at 33f7597 v4.4: Auto Cloud Sync config at 2026-06-06 08:15:07
Fetching highest frequency prices (v4.1) from yfinance...
Prices unchanged (TQQQ: 71.32, SOXL: 176.9). Skipping Git push to save history.
/Users/tsy/Library/Python/3.9/lib/python/site-packages/urllib3/__init__.py:35: NotOpenSSLWarning: urllib3 v2 only supports OpenSSL 1.1.1+, currently the 'ssl' module is compiled with 'LibreSSL 2.8.3'. See: https://github.com/urllib3/urllib3/issues/3020
  warnings.warn(
From github.com:tsy-del/tqqq
 * branch            main       -> FETCH_HEAD
HEAD is now at 33f7597 v4.4: Auto Cloud Sync config at 2026-06-06 08:15:07
Fetching highest frequency prices (v4.1) from yfinance...
Prices unchanged (TQQQ: 71.32, SOXL: 176.9). Skipping Git push to save history.
/Users/tsy/Library/Python/3.9/lib/python/site-packages/urllib3/__init__.py:35: NotOpenSSLWarning: urllib3 v2 only supports OpenSSL 1.1.1+, currently the 'ssl' module is compiled with 'LibreSSL 2.8.3'. See: https://github.com/urllib3/urllib3/issues/3020
  warnings.warn(
From github.com:tsy-del/tqqq
 * branch            main       -> FETCH_HEAD
HEAD is now at 33f7597 v4.4: Auto Cloud Sync config at 2026-06-06 08:15:07
Fetching highest frequency prices (v4.1) from yfinance...
Prices unchanged (TQQQ: 71.32, SOXL: 176.9). Skipping Git push to save history.
/Users/tsy/Library/Python/3.9/lib/python/site-packages/urllib3/__init__.py:35: NotOpenSSLWarning: urllib3 v2 only supports OpenSSL 1.1.1+, currently the 'ssl' module is compiled with 'LibreSSL 2.8.3'. See: https://github.com/urllib3/urllib3/issues/3020
  warnings.warn(
From github.com:tsy-del/tqqq
 * branch            main       -> FETCH_HEAD
HEAD is now at 33f7597 v4.4: Auto Cloud Sync config at 2026-06-06 08:15:07
Fetching highest frequency prices (v4.1) from yfinance...
Prices unchanged (TQQQ: 71.32, SOXL: 176.9). Skipping Git push to save history.
/Users/tsy/Library/Python/3.9/lib/python/site-packages/urllib3/__init__.py:35: NotOpenSSLWarning: urllib3 v2 only supports OpenSSL 1.1.1+, currently the 'ssl' module is compiled with 'LibreSSL 2.8.3'. See: https://github.com/urllib3/urllib3/issues/3020
  warnings.warn(
From github.com:tsy-del/tqqq
 * branch            main       -> FETCH_HEAD
HEAD is now at 33f7597 v4.4: Auto Cloud Sync config at 2026-06-06 08:15:07
Fetching highest frequency prices (v4.1) from yfinance...
Prices unchanged (TQQQ: 71.32, SOXL: 176.9). Skipping Git push to save history.
/Users/tsy/Library/Python/3.9/lib/python/site-packages/urllib3/__init__.py:35: NotOpenSSLWarning: urllib3 v2 only supports OpenSSL 1.1.1+, currently the 'ssl' module is compiled with 'LibreSSL 2.8.3'. See: https://github.com/urllib3/urllib3/issues/3020
  warnings.warn(
From github.com:tsy-del/tqqq
 * branch            main       -> FETCH_HEAD
HEAD is now at 33f7597 v4.4: Auto Cloud Sync config at 2026-06-06 08:15:07
Fetching highest frequency prices (v4.1) from yfinance...
Prices unchanged (TQQQ: 71.32, SOXL: 176.9). Skipping Git push to save history.
/Users/tsy/Library/Python/3.9/lib/python/site-packages/urllib3/__init__.py:35: NotOpenSSLWarning: urllib3 v2 only supports OpenSSL 1.1.1+, currently the 'ssl' module is compiled with 'LibreSSL 2.8.3'. See: https://github.com/urllib3/urllib3/issues/3020
  warnings.warn(
From github.com:tsy-del/tqqq
 * branch            main       -> FETCH_HEAD
HEAD is now at 33f7597 v4.4: Auto Cloud Sync config at 2026-06-06 08:15:07
Fetching highest frequency prices (v4.1) from yfinance...
Prices unchanged (TQQQ: 71.32, SOXL: 176.9). Skipping Git push to save history.
/Users/tsy/Library/Python/3.9/lib/python/site-packages/urllib3/__init__.py:35: NotOpenSSLWarning: urllib3 v2 only supports OpenSSL 1.1.1+, currently the 'ssl' module is compiled with 'LibreSSL 2.8.3'. See: https://github.com/urllib3/urllib3/issues/3020
  warnings.warn(
From github.com:tsy-del/tqqq
 * branch            main       -> FETCH_HEAD
HEAD is now at 33f7597 v4.4: Auto Cloud Sync config at 2026-06-06 08:15:07
Fetching highest frequency prices (v4.1) from yfinance...
Prices unchanged (TQQQ: 71.32, SOXL: 176.9). Skipping Git push to save history.
/Users/tsy/Library/Python/3.9/lib/python/site-packages/urllib3/__init__.py:35: NotOpenSSLWarning: urllib3 v2 only supports OpenSSL 1.1.1+, currently the 'ssl' module is compiled with 'LibreSSL 2.8.3'. See: https://github.com/urllib3/urllib3/issues/3020
  warnings.warn(
From github.com:tsy-del/tqqq
 * branch            main       -> FETCH_HEAD
HEAD is now at 33f7597 v4.4: Auto Cloud Sync config at 2026-06-06 08:15:07
Fetching highest frequency prices (v4.1) from yfinance...
Prices unchanged (TQQQ: 71.32, SOXL: 176.9). Skipping Git push to save history.
/Users/tsy/Library/Python/3.9/lib/python/site-packages/urllib3/__init__.py:35: NotOpenSSLWarning: urllib3 v2 only supports OpenSSL 1.1.1+, currently the 'ssl' module is compiled with 'LibreSSL 2.8.3'. See: https://github.com/urllib3/urllib3/issues/3020
  warnings.warn(
From github.com:tsy-del/tqqq
 * branch            main       -> FETCH_HEAD
HEAD is now at 33f7597 v4.4: Auto Cloud Sync config at 2026-06-06 08:15:07
Fetching highest frequency prices (v4.1) from yfinance...
Prices unchanged (TQQQ: 71.32, SOXL: 176.9). Skipping Git push to save history.
/Users/tsy/Library/Python/3.9/lib/python/site-packages/urllib3/__init__.py:35: NotOpenSSLWarning: urllib3 v2 only supports OpenSSL 1.1.1+, currently the 'ssl' module is compiled with 'LibreSSL 2.8.3'. See: https://github.com/urllib3/urllib3/issues/3020
  warnings.warn(
From github.com:tsy-del/tqqq
 * branch            main       -> FETCH_HEAD
HEAD is now at 33f7597 v4.4: Auto Cloud Sync config at 2026-06-06 08:15:07
Fetching highest frequency prices (v4.1) from yfinance...
Prices unchanged (TQQQ: 71.32, SOXL: 176.9). Skipping Git push to save history.
/Users/tsy/Library/Python/3.9/lib/python/site-packages/urllib3/__init__.py:35: NotOpenSSLWarning: urllib3 v2 only supports OpenSSL 1.1.1+, currently the 'ssl' module is compiled with 'LibreSSL 2.8.3'. See: https://github.com/urllib3/urllib3/issues/3020
  warnings.warn(
From github.com:tsy-del/tqqq
 * branch            main       -> FETCH_HEAD
HEAD is now at 33f7597 v4.4: Auto Cloud Sync config at 2026-06-06 08:15:07
Fetching highest frequency prices (v4.1) from yfinance...
Prices unchanged (TQQQ: 71.32, SOXL: 176.9). Skipping Git push to save history.
/Users/tsy/Library/Python/3.9/lib/python/site-packages/urllib3/__init__.py:35: NotOpenSSLWarning: urllib3 v2 only supports OpenSSL 1.1.1+, currently the 'ssl' module is compiled with 'LibreSSL 2.8.3'. See: https://github.com/urllib3/urllib3/issues/3020
  warnings.warn(
From github.com:tsy-del/tqqq
 * branch            main       -> FETCH_HEAD
HEAD is now at 33f7597 v4.4: Auto Cloud Sync config at 2026-06-06 08:15:07
Fetching highest frequency prices (v4.1) from yfinance...
Prices unchanged (TQQQ: 71.32, SOXL: 176.9). Skipping Git push to save history.
/Users/tsy/Library/Python/3.9/lib/python/site-packages/urllib3/__init__.py:35: NotOpenSSLWarning: urllib3 v2 only supports OpenSSL 1.1.1+, currently the 'ssl' module is compiled with 'LibreSSL 2.8.3'. See: https://github.com/urllib3/urllib3/issues/3020
  warnings.warn(
From github.com:tsy-del/tqqq
 * branch            main       -> FETCH_HEAD
HEAD is now at 33f7597 v4.4: Auto Cloud Sync config at 2026-06-06 08:15:07
Fetching highest frequency prices (v4.1) from yfinance...
Prices unchanged (TQQQ: 71.32, SOXL: 176.9). Skipping Git push to save history.
/Users/tsy/Library/Python/3.9/lib/python/site-packages/urllib3/__init__.py:35: NotOpenSSLWarning: urllib3 v2 only supports OpenSSL 1.1.1+, currently the 'ssl' module is compiled with 'LibreSSL 2.8.3'. See: https://github.com/urllib3/urllib3/issues/3020
  warnings.warn(
From github.com:tsy-del/tqqq
 * branch            main       -> FETCH_HEAD
HEAD is now at 33f7597 v4.4: Auto Cloud Sync config at 2026-06-06 08:15:07
Fetching highest frequency prices (v4.1) from yfinance...
Prices unchanged (TQQQ: 71.32, SOXL: 176.9). Skipping Git push to save history.
/Users/tsy/Library/Python/3.9/lib/python/site-packages/urllib3/__init__.py:35: NotOpenSSLWarning: urllib3 v2 only supports OpenSSL 1.1.1+, currently the 'ssl' module is compiled with 'LibreSSL 2.8.3'. See: https://github.com/urllib3/urllib3/issues/3020
  warnings.warn(
From github.com:tsy-del/tqqq
 * branch            main       -> FETCH_HEAD
HEAD is now at 33f7597 v4.4: Auto Cloud Sync config at 2026-06-06 08:15:07
Fetching highest frequency prices (v4.1) from yfinance...
Prices unchanged (TQQQ: 71.32, SOXL: 176.9). Skipping Git push to save history.
/Users/tsy/Library/Python/3.9/lib/python/site-packages/urllib3/__init__.py:35: NotOpenSSLWarning: urllib3 v2 only supports OpenSSL 1.1.1+, currently the 'ssl' module is compiled with 'LibreSSL 2.8.3'. See: https://github.com/urllib3/urllib3/issues/3020
  warnings.warn(
From github.com:tsy-del/tqqq
 * branch            main       -> FETCH_HEAD
HEAD is now at 33f7597 v4.4: Auto Cloud Sync config at 2026-06-06 08:15:07
Fetching highest frequency prices (v4.1) from yfinance...
Prices unchanged (TQQQ: 71.32, SOXL: 176.9). Skipping Git push to save history.
/Users/tsy/Library/Python/3.9/lib/python/site-packages/urllib3/__init__.py:35: NotOpenSSLWarning: urllib3 v2 only supports OpenSSL 1.1.1+, currently the 'ssl' module is compiled with 'LibreSSL 2.8.3'. See: https://github.com/urllib3/urllib3/issues/3020
  warnings.warn(
From github.com:tsy-del/tqqq
 * branch            main       -> FETCH_HEAD
HEAD is now at 33f7597 v4.4: Auto Cloud Sync config at 2026-06-06 08:15:07
Fetching highest frequency prices (v4.1) from yfinance...
Prices unchanged (TQQQ: 71.32, SOXL: 176.9). Skipping Git push to save history.
/Users/tsy/Library/Python/3.9/lib/python/site-packages/urllib3/__init__.py:35: NotOpenSSLWarning: urllib3 v2 only supports OpenSSL 1.1.1+, currently the 'ssl' module is compiled with 'LibreSSL 2.8.3'. See: https://github.com/urllib3/urllib3/issues/3020
  warnings.warn(
From github.com:tsy-del/tqqq
 * branch            main       -> FETCH_HEAD
HEAD is now at 33f7597 v4.4: Auto Cloud Sync config at 2026-06-06 08:15:07
Fetching highest frequency prices (v4.1) from yfinance...
Prices unchanged (TQQQ: 71.32, SOXL: 176.9). Skipping Git push to save history.
/Users/tsy/Library/Python/3.9/lib/python/site-packages/urllib3/__init__.py:35: NotOpenSSLWarning: urllib3 v2 only supports OpenSSL 1.1.1+, currently the 'ssl' module is compiled with 'LibreSSL 2.8.3'. See: https://github.com/urllib3/urllib3/issues/3020
  warnings.warn(
From github.com:tsy-del/tqqq
 * branch            main       -> FETCH_HEAD
HEAD is now at 33f7597 v4.4: Auto Cloud Sync config at 2026-06-06 08:15:07
Fetching highest frequency prices (v4.1) from yfinance...
Prices unchanged (TQQQ: 71.32, SOXL: 176.9). Skipping Git push to save history.
/Users/tsy/Library/Python/3.9/lib/python/site-packages/urllib3/__init__.py:35: NotOpenSSLWarning: urllib3 v2 only supports OpenSSL 1.1.1+, currently the 'ssl' module is compiled with 'LibreSSL 2.8.3'. See: https://github.com/urllib3/urllib3/issues/3020
  warnings.warn(
From github.com:tsy-del/tqqq
 * branch            main       -> FETCH_HEAD
HEAD is now at 33f7597 v4.4: Auto Cloud Sync config at 2026-06-06 08:15:07
Fetching highest frequency prices (v4.1) from yfinance...
Prices unchanged (TQQQ: 71.32, SOXL: 176.9). Skipping Git push to save history.
/Users/tsy/Library/Python/3.9/lib/python/site-packages/urllib3/__init__.py:35: NotOpenSSLWarning: urllib3 v2 only supports OpenSSL 1.1.1+, currently the 'ssl' module is compiled with 'LibreSSL 2.8.3'. See: https://github.com/urllib3/urllib3/issues/3020
  warnings.warn(
From github.com:tsy-del/tqqq
 * branch            main       -> FETCH_HEAD
HEAD is now at 33f7597 v4.4: Auto Cloud Sync config at 2026-06-06 08:15:07
Fetching highest frequency prices (v4.1) from yfinance...
Prices unchanged (TQQQ: 71.32, SOXL: 176.9). Skipping Git push to save history.
/Users/tsy/Library/Python/3.9/lib/python/site-packages/urllib3/__init__.py:35: NotOpenSSLWarning: urllib3 v2 only supports OpenSSL 1.1.1+, currently the 'ssl' module is compiled with 'LibreSSL 2.8.3'. See: https://github.com/urllib3/urllib3/issues/3020
  warnings.warn(
From github.com:tsy-del/tqqq
 * branch            main       -> FETCH_HEAD
HEAD is now at 33f7597 v4.4: Auto Cloud Sync config at 2026-06-06 08:15:07
Fetching highest frequency prices (v4.1) from yfinance...
Prices unchanged (TQQQ: 71.32, SOXL: 176.9). Skipping Git push to save history.
/Users/tsy/Library/Python/3.9/lib/python/site-packages/urllib3/__init__.py:35: NotOpenSSLWarning: urllib3 v2 only supports OpenSSL 1.1.1+, currently the 'ssl' module is compiled with 'LibreSSL 2.8.3'. See: https://github.com/urllib3/urllib3/issues/3020
  warnings.warn(
From github.com:tsy-del/tqqq
 * branch            main       -> FETCH_HEAD
HEAD is now at 33f7597 v4.4: Auto Cloud Sync config at 2026-06-06 08:15:07
Fetching highest frequency prices (v4.1) from yfinance...
Prices unchanged (TQQQ: 71.32, SOXL: 176.9). Skipping Git push to save history.
/Users/tsy/Library/Python/3.9/lib/python/site-packages/urllib3/__init__.py:35: NotOpenSSLWarning: urllib3 v2 only supports OpenSSL 1.1.1+, currently the 'ssl' module is compiled with 'LibreSSL 2.8.3'. See: https://github.com/urllib3/urllib3/issues/3020
  warnings.warn(
From github.com:tsy-del/tqqq
 * branch            main       -> FETCH_HEAD
HEAD is now at 33f7597 v4.4: Auto Cloud Sync config at 2026-06-06 08:15:07
Fetching highest frequency prices (v4.1) from yfinance...
Prices unchanged (TQQQ: 71.32, SOXL: 176.9). Skipping Git push to save history.
/Users/tsy/Library/Python/3.9/lib/python/site-packages/urllib3/__init__.py:35: NotOpenSSLWarning: urllib3 v2 only supports OpenSSL 1.1.1+, currently the 'ssl' module is compiled with 'LibreSSL 2.8.3'. See: https://github.com/urllib3/urllib3/issues/3020
  warnings.warn(
From github.com:tsy-del/tqqq
 * branch            main       -> FETCH_HEAD
HEAD is now at 33f7597 v4.4: Auto Cloud Sync config at 2026-06-06 08:15:07
Fetching highest frequency prices (v4.1) from yfinance...
Prices unchanged (TQQQ: 71.32, SOXL: 176.9). Skipping Git push to save history.
/Users/tsy/Library/Python/3.9/lib/python/site-packages/urllib3/__init__.py:35: NotOpenSSLWarning: urllib3 v2 only supports OpenSSL 1.1.1+, currently the 'ssl' module is compiled with 'LibreSSL 2.8.3'. See: https://github.com/urllib3/urllib3/issues/3020
  warnings.warn(
From github.com:tsy-del/tqqq
 * branch            main       -> FETCH_HEAD
HEAD is now at 33f7597 v4.4: Auto Cloud Sync config at 2026-06-06 08:15:07
Fetching highest frequency prices (v4.1) from yfinance...
Prices unchanged (TQQQ: 71.32, SOXL: 176.9). Skipping Git push to save history.
/Users/tsy/Library/Python/3.9/lib/python/site-packages/urllib3/__init__.py:35: NotOpenSSLWarning: urllib3 v2 only supports OpenSSL 1.1.1+, currently the 'ssl' module is compiled with 'LibreSSL 2.8.3'. See: https://github.com/urllib3/urllib3/issues/3020
  warnings.warn(
From github.com:tsy-del/tqqq
 * branch            main       -> FETCH_HEAD
HEAD is now at 33f7597 v4.4: Auto Cloud Sync config at 2026-06-06 08:15:07
Fetching highest frequency prices (v4.1) from yfinance...
Prices unchanged (TQQQ: 71.32, SOXL: 176.9). Skipping Git push to save history.
/Users/tsy/Library/Python/3.9/lib/python/site-packages/urllib3/__init__.py:35: NotOpenSSLWarning: urllib3 v2 only supports OpenSSL 1.1.1+, currently the 'ssl' module is compiled with 'LibreSSL 2.8.3'. See: https://github.com/urllib3/urllib3/issues/3020
  warnings.warn(
From github.com:tsy-del/tqqq
 * branch            main       -> FETCH_HEAD
HEAD is now at 33f7597 v4.4: Auto Cloud Sync config at 2026-06-06 08:15:07
Fetching highest frequency prices (v4.1) from yfinance...
Prices unchanged (TQQQ: 71.32, SOXL: 176.9). Skipping Git push to save history.
/Users/tsy/Library/Python/3.9/lib/python/site-packages/urllib3/__init__.py:35: NotOpenSSLWarning: urllib3 v2 only supports OpenSSL 1.1.1+, currently the 'ssl' module is compiled with 'LibreSSL 2.8.3'. See: https://github.com/urllib3/urllib3/issues/3020
  warnings.warn(
From github.com:tsy-del/tqqq
 * branch            main       -> FETCH_HEAD
HEAD is now at 33f7597 v4.4: Auto Cloud Sync config at 2026-06-06 08:15:07
Fetching highest frequency prices (v4.1) from yfinance...
Prices unchanged (TQQQ: 71.32, SOXL: 176.9). Skipping Git push to save history.
/Users/tsy/Library/Python/3.9/lib/python/site-packages/urllib3/__init__.py:35: NotOpenSSLWarning: urllib3 v2 only supports OpenSSL 1.1.1+, currently the 'ssl' module is compiled with 'LibreSSL 2.8.3'. See: https://github.com/urllib3/urllib3/issues/3020
  warnings.warn(
From github.com:tsy-del/tqqq
 * branch            main       -> FETCH_HEAD
HEAD is now at 33f7597 v4.4: Auto Cloud Sync config at 2026-06-06 08:15:07
Fetching highest frequency prices (v4.1) from yfinance...
Prices unchanged (TQQQ: 71.32, SOXL: 176.9). Skipping Git push to save history.
/Users/tsy/Library/Python/3.9/lib/python/site-packages/urllib3/__init__.py:35: NotOpenSSLWarning: urllib3 v2 only supports OpenSSL 1.1.1+, currently the 'ssl' module is compiled with 'LibreSSL 2.8.3'. See: https://github.com/urllib3/urllib3/issues/3020
  warnings.warn(
From github.com:tsy-del/tqqq
 * branch            main       -> FETCH_HEAD
HEAD is now at 33f7597 v4.4: Auto Cloud Sync config at 2026-06-06 08:15:07
Fetching highest frequency prices (v4.1) from yfinance...
Prices unchanged (TQQQ: 71.32, SOXL: 176.9). Skipping Git push to save history.
/Users/tsy/Library/Python/3.9/lib/python/site-packages/urllib3/__init__.py:35: NotOpenSSLWarning: urllib3 v2 only supports OpenSSL 1.1.1+, currently the 'ssl' module is compiled with 'LibreSSL 2.8.3'. See: https://github.com/urllib3/urllib3/issues/3020
  warnings.warn(
From github.com:tsy-del/tqqq
 * branch            main       -> FETCH_HEAD
HEAD is now at 33f7597 v4.4: Auto Cloud Sync config at 2026-06-06 08:15:07
Fetching highest frequency prices (v4.1) from yfinance...
Prices unchanged (TQQQ: 71.32, SOXL: 176.9). Skipping Git push to save history.
/Users/tsy/Library/Python/3.9/lib/python/site-packages/urllib3/__init__.py:35: NotOpenSSLWarning: urllib3 v2 only supports OpenSSL 1.1.1+, currently the 'ssl' module is compiled with 'LibreSSL 2.8.3'. See: https://github.com/urllib3/urllib3/issues/3020
  warnings.warn(
From github.com:tsy-del/tqqq
 * branch            main       -> FETCH_HEAD
HEAD is now at 33f7597 v4.4: Auto Cloud Sync config at 2026-06-06 08:15:07
Fetching highest frequency prices (v4.1) from yfinance...
Prices unchanged (TQQQ: 71.32, SOXL: 176.9). Skipping Git push to save history.
/Users/tsy/Library/Python/3.9/lib/python/site-packages/urllib3/__init__.py:35: NotOpenSSLWarning: urllib3 v2 only supports OpenSSL 1.1.1+, currently the 'ssl' module is compiled with 'LibreSSL 2.8.3'. See: https://github.com/urllib3/urllib3/issues/3020
  warnings.warn(
From github.com:tsy-del/tqqq
 * branch            main       -> FETCH_HEAD
HEAD is now at 33f7597 v4.4: Auto Cloud Sync config at 2026-06-06 08:15:07
Fetching highest frequency prices (v4.1) from yfinance...
Prices unchanged (TQQQ: 71.32, SOXL: 176.9). Skipping Git push to save history.
/Users/tsy/Library/Python/3.9/lib/python/site-packages/urllib3/__init__.py:35: NotOpenSSLWarning: urllib3 v2 only supports OpenSSL 1.1.1+, currently the 'ssl' module is compiled with 'LibreSSL 2.8.3'. See: https://github.com/urllib3/urllib3/issues/3020
  warnings.warn(
From github.com:tsy-del/tqqq
 * branch            main       -> FETCH_HEAD
HEAD is now at 33f7597 v4.4: Auto Cloud Sync config at 2026-06-06 08:15:07
Fetching highest frequency prices (v4.1) from yfinance...
Prices unchanged (TQQQ: 71.32, SOXL: 176.9). Skipping Git push to save history.
/Users/tsy/Library/Python/3.9/lib/python/site-packages/urllib3/__init__.py:35: NotOpenSSLWarning: urllib3 v2 only supports OpenSSL 1.1.1+, currently the 'ssl' module is compiled with 'LibreSSL 2.8.3'. See: https://github.com/urllib3/urllib3/issues/3020
  warnings.warn(
From github.com:tsy-del/tqqq
 * branch            main       -> FETCH_HEAD
HEAD is now at 33f7597 v4.4: Auto Cloud Sync config at 2026-06-06 08:15:07
Fetching highest frequency prices (v4.1) from yfinance...
Prices unchanged (TQQQ: 71.32, SOXL: 176.9). Skipping Git push to save history.
/Users/tsy/Library/Python/3.9/lib/python/site-packages/urllib3/__init__.py:35: NotOpenSSLWarning: urllib3 v2 only supports OpenSSL 1.1.1+, currently the 'ssl' module is compiled with 'LibreSSL 2.8.3'. See: https://github.com/urllib3/urllib3/issues/3020
  warnings.warn(
From github.com:tsy-del/tqqq
 * branch            main       -> FETCH_HEAD
HEAD is now at 33f7597 v4.4: Auto Cloud Sync config at 2026-06-06 08:15:07
Fetching highest frequency prices (v4.1) from yfinance...
Prices unchanged (TQQQ: 71.32, SOXL: 176.9). Skipping Git push to save history.
/Users/tsy/Library/Python/3.9/lib/python/site-packages/urllib3/__init__.py:35: NotOpenSSLWarning: urllib3 v2 only supports OpenSSL 1.1.1+, currently the 'ssl' module is compiled with 'LibreSSL 2.8.3'. See: https://github.com/urllib3/urllib3/issues/3020
  warnings.warn(
From github.com:tsy-del/tqqq
 * branch            main       -> FETCH_HEAD
HEAD is now at 33f7597 v4.4: Auto Cloud Sync config at 2026-06-06 08:15:07
Fetching highest frequency prices (v4.1) from yfinance...
Prices unchanged (TQQQ: 71.32, SOXL: 176.9). Skipping Git push to save history.
/Users/tsy/Library/Python/3.9/lib/python/site-packages/urllib3/__init__.py:35: NotOpenSSLWarning: urllib3 v2 only supports OpenSSL 1.1.1+, currently the 'ssl' module is compiled with 'LibreSSL 2.8.3'. See: https://github.com/urllib3/urllib3/issues/3020
  warnings.warn(
From github.com:tsy-del/tqqq
 * branch            main       -> FETCH_HEAD
HEAD is now at 33f7597 v4.4: Auto Cloud Sync config at 2026-06-06 08:15:07
Fetching highest frequency prices (v4.1) from yfinance...
Prices unchanged (TQQQ: 71.32, SOXL: 176.9). Skipping Git push to save history.
/Users/tsy/Library/Python/3.9/lib/python/site-packages/urllib3/__init__.py:35: NotOpenSSLWarning: urllib3 v2 only supports OpenSSL 1.1.1+, currently the 'ssl' module is compiled with 'LibreSSL 2.8.3'. See: https://github.com/urllib3/urllib3/issues/3020
  warnings.warn(
From github.com:tsy-del/tqqq
 * branch            main       -> FETCH_HEAD
HEAD is now at 33f7597 v4.4: Auto Cloud Sync config at 2026-06-06 08:15:07
Fetching highest frequency prices (v4.1) from yfinance...
Prices unchanged (TQQQ: 71.32, SOXL: 176.9). Skipping Git push to save history.
/Users/tsy/Library/Python/3.9/lib/python/site-packages/urllib3/__init__.py:35: NotOpenSSLWarning: urllib3 v2 only supports OpenSSL 1.1.1+, currently the 'ssl' module is compiled with 'LibreSSL 2.8.3'. See: https://github.com/urllib3/urllib3/issues/3020
  warnings.warn(
From github.com:tsy-del/tqqq
 * branch            main       -> FETCH_HEAD
HEAD is now at 33f7597 v4.4: Auto Cloud Sync config at 2026-06-06 08:15:07
Fetching highest frequency prices (v4.1) from yfinance...
Prices unchanged (TQQQ: 71.32, SOXL: 176.9). Skipping Git push to save history.
/Users/tsy/Library/Python/3.9/lib/python/site-packages/urllib3/__init__.py:35: NotOpenSSLWarning: urllib3 v2 only supports OpenSSL 1.1.1+, currently the 'ssl' module is compiled with 'LibreSSL 2.8.3'. See: https://github.com/urllib3/urllib3/issues/3020
  warnings.warn(
From github.com:tsy-del/tqqq
 * branch            main       -> FETCH_HEAD
HEAD is now at 33f7597 v4.4: Auto Cloud Sync config at 2026-06-06 08:15:07
Fetching highest frequency prices (v4.1) from yfinance...
Prices unchanged (TQQQ: 71.32, SOXL: 176.9). Skipping Git push to save history.
/Users/tsy/Library/Python/3.9/lib/python/site-packages/urllib3/__init__.py:35: NotOpenSSLWarning: urllib3 v2 only supports OpenSSL 1.1.1+, currently the 'ssl' module is compiled with 'LibreSSL 2.8.3'. See: https://github.com/urllib3/urllib3/issues/3020
  warnings.warn(
From github.com:tsy-del/tqqq
 * branch            main       -> FETCH_HEAD
HEAD is now at 33f7597 v4.4: Auto Cloud Sync config at 2026-06-06 08:15:07
Fetching highest frequency prices (v4.1) from yfinance...
Prices unchanged (TQQQ: 71.32, SOXL: 176.9). Skipping Git push to save history.
/Users/tsy/Library/Python/3.9/lib/python/site-packages/urllib3/__init__.py:35: NotOpenSSLWarning: urllib3 v2 only supports OpenSSL 1.1.1+, currently the 'ssl' module is compiled with 'LibreSSL 2.8.3'. See: https://github.com/urllib3/urllib3/issues/3020
  warnings.warn(
From github.com:tsy-del/tqqq
 * branch            main       -> FETCH_HEAD
HEAD is now at 33f7597 v4.4: Auto Cloud Sync config at 2026-06-06 08:15:07
Fetching highest frequency prices (v4.1) from yfinance...
Prices unchanged (TQQQ: 71.32, SOXL: 176.9). Skipping Git push to save history.
/Users/tsy/Library/Python/3.9/lib/python/site-packages/urllib3/__init__.py:35: NotOpenSSLWarning: urllib3 v2 only supports OpenSSL 1.1.1+, currently the 'ssl' module is compiled with 'LibreSSL 2.8.3'. See: https://github.com/urllib3/urllib3/issues/3020
  warnings.warn(
From github.com:tsy-del/tqqq
 * branch            main       -> FETCH_HEAD
HEAD is now at 33f7597 v4.4: Auto Cloud Sync config at 2026-06-06 08:15:07
Fetching highest frequency prices (v4.1) from yfinance...
Prices unchanged (TQQQ: 71.32, SOXL: 176.9). Skipping Git push to save history.
/Users/tsy/Library/Python/3.9/lib/python/site-packages/urllib3/__init__.py:35: NotOpenSSLWarning: urllib3 v2 only supports OpenSSL 1.1.1+, currently the 'ssl' module is compiled with 'LibreSSL 2.8.3'. See: https://github.com/urllib3/urllib3/issues/3020
  warnings.warn(
From github.com:tsy-del/tqqq
 * branch            main       -> FETCH_HEAD
HEAD is now at 33f7597 v4.4: Auto Cloud Sync config at 2026-06-06 08:15:07
Fetching highest frequency prices (v4.1) from yfinance...
Prices unchanged (TQQQ: 71.32, SOXL: 176.9). Skipping Git push to save history.
/Users/tsy/Library/Python/3.9/lib/python/site-packages/urllib3/__init__.py:35: NotOpenSSLWarning: urllib3 v2 only supports OpenSSL 1.1.1+, currently the 'ssl' module is compiled with 'LibreSSL 2.8.3'. See: https://github.com/urllib3/urllib3/issues/3020
  warnings.warn(
From github.com:tsy-del/tqqq
 * branch            main       -> FETCH_HEAD
HEAD is now at 33f7597 v4.4: Auto Cloud Sync config at 2026-06-06 08:15:07
Fetching highest frequency prices (v4.1) from yfinance...
Prices unchanged (TQQQ: 71.32, SOXL: 176.9). Skipping Git push to save history.
/Users/tsy/Library/Python/3.9/lib/python/site-packages/urllib3/__init__.py:35: NotOpenSSLWarning: urllib3 v2 only supports OpenSSL 1.1.1+, currently the 'ssl' module is compiled with 'LibreSSL 2.8.3'. See: https://github.com/urllib3/urllib3/issues/3020
  warnings.warn(
From github.com:tsy-del/tqqq
 * branch            main       -> FETCH_HEAD
HEAD is now at 33f7597 v4.4: Auto Cloud Sync config at 2026-06-06 08:15:07
Fetching highest frequency prices (v4.1) from yfinance...
Prices unchanged (TQQQ: 71.32, SOXL: 176.9). Skipping Git push to save history.
/Users/tsy/Library/Python/3.9/lib/python/site-packages/urllib3/__init__.py:35: NotOpenSSLWarning: urllib3 v2 only supports OpenSSL 1.1.1+, currently the 'ssl' module is compiled with 'LibreSSL 2.8.3'. See: https://github.com/urllib3/urllib3/issues/3020
  warnings.warn(
From github.com:tsy-del/tqqq
 * branch            main       -> FETCH_HEAD
HEAD is now at 33f7597 v4.4: Auto Cloud Sync config at 2026-06-06 08:15:07
Fetching highest frequency prices (v4.1) from yfinance...
Prices unchanged (TQQQ: 71.32, SOXL: 176.9). Skipping Git push to save history.
/Users/tsy/Library/Python/3.9/lib/python/site-packages/urllib3/__init__.py:35: NotOpenSSLWarning: urllib3 v2 only supports OpenSSL 1.1.1+, currently the 'ssl' module is compiled with 'LibreSSL 2.8.3'. See: https://github.com/urllib3/urllib3/issues/3020
  warnings.warn(
From github.com:tsy-del/tqqq
 * branch            main       -> FETCH_HEAD
HEAD is now at 33f7597 v4.4: Auto Cloud Sync config at 2026-06-06 08:15:07
Fetching highest frequency prices (v4.1) from yfinance...
Prices unchanged (TQQQ: 71.32, SOXL: 176.9). Skipping Git push to save history.
/Users/tsy/Library/Python/3.9/lib/python/site-packages/urllib3/__init__.py:35: NotOpenSSLWarning: urllib3 v2 only supports OpenSSL 1.1.1+, currently the 'ssl' module is compiled with 'LibreSSL 2.8.3'. See: https://github.com/urllib3/urllib3/issues/3020
  warnings.warn(
From github.com:tsy-del/tqqq
 * branch            main       -> FETCH_HEAD
HEAD is now at 33f7597 v4.4: Auto Cloud Sync config at 2026-06-06 08:15:07
Fetching highest frequency prices (v4.1) from yfinance...
Prices unchanged (TQQQ: 71.32, SOXL: 176.9). Skipping Git push to save history.
/Users/tsy/Library/Python/3.9/lib/python/site-packages/urllib3/__init__.py:35: NotOpenSSLWarning: urllib3 v2 only supports OpenSSL 1.1.1+, currently the 'ssl' module is compiled with 'LibreSSL 2.8.3'. See: https://github.com/urllib3/urllib3/issues/3020
  warnings.warn(
From github.com:tsy-del/tqqq
 * branch            main       -> FETCH_HEAD
HEAD is now at 33f7597 v4.4: Auto Cloud Sync config at 2026-06-06 08:15:07
Fetching highest frequency prices (v4.1) from yfinance...
Prices unchanged (TQQQ: 71.32, SOXL: 176.9). Skipping Git push to save history.
/Users/tsy/Library/Python/3.9/lib/python/site-packages/urllib3/__init__.py:35: NotOpenSSLWarning: urllib3 v2 only supports OpenSSL 1.1.1+, currently the 'ssl' module is compiled with 'LibreSSL 2.8.3'. See: https://github.com/urllib3/urllib3/issues/3020
  warnings.warn(
From github.com:tsy-del/tqqq
 * branch            main       -> FETCH_HEAD
HEAD is now at 33f7597 v4.4: Auto Cloud Sync config at 2026-06-06 08:15:07
Fetching highest frequency prices (v4.1) from yfinance...
Prices unchanged (TQQQ: 71.32, SOXL: 176.9). Skipping Git push to save history.
/Users/tsy/Library/Python/3.9/lib/python/site-packages/urllib3/__init__.py:35: NotOpenSSLWarning: urllib3 v2 only supports OpenSSL 1.1.1+, currently the 'ssl' module is compiled with 'LibreSSL 2.8.3'. See: https://github.com/urllib3/urllib3/issues/3020
  warnings.warn(
From github.com:tsy-del/tqqq
 * branch            main       -> FETCH_HEAD
HEAD is now at 33f7597 v4.4: Auto Cloud Sync config at 2026-06-06 08:15:07
Fetching highest frequency prices (v4.1) from yfinance...
Prices unchanged (TQQQ: 71.32, SOXL: 176.9). Skipping Git push to save history.
/Users/tsy/Library/Python/3.9/lib/python/site-packages/urllib3/__init__.py:35: NotOpenSSLWarning: urllib3 v2 only supports OpenSSL 1.1.1+, currently the 'ssl' module is compiled with 'LibreSSL 2.8.3'. See: https://github.com/urllib3/urllib3/issues/3020
  warnings.warn(
From github.com:tsy-del/tqqq
 * branch            main       -> FETCH_HEAD
HEAD is now at 33f7597 v4.4: Auto Cloud Sync config at 2026-06-06 08:15:07
Fetching highest frequency prices (v4.1) from yfinance...
Prices unchanged (TQQQ: 71.32, SOXL: 176.9). Skipping Git push to save history.
/Users/tsy/Library/Python/3.9/lib/python/site-packages/urllib3/__init__.py:35: NotOpenSSLWarning: urllib3 v2 only supports OpenSSL 1.1.1+, currently the 'ssl' module is compiled with 'LibreSSL 2.8.3'. See: https://github.com/urllib3/urllib3/issues/3020
  warnings.warn(
From github.com:tsy-del/tqqq
 * branch            main       -> FETCH_HEAD
HEAD is now at 33f7597 v4.4: Auto Cloud Sync config at 2026-06-06 08:15:07
Fetching highest frequency prices (v4.1) from yfinance...
Prices unchanged (TQQQ: 71.32, SOXL: 176.9). Skipping Git push to save history.
/Users/tsy/Library/Python/3.9/lib/python/site-packages/urllib3/__init__.py:35: NotOpenSSLWarning: urllib3 v2 only supports OpenSSL 1.1.1+, currently the 'ssl' module is compiled with 'LibreSSL 2.8.3'. See: https://github.com/urllib3/urllib3/issues/3020
  warnings.warn(
From github.com:tsy-del/tqqq
 * branch            main       -> FETCH_HEAD
HEAD is now at 33f7597 v4.4: Auto Cloud Sync config at 2026-06-06 08:15:07
Fetching highest frequency prices (v4.1) from yfinance...
Prices unchanged (TQQQ: 71.32, SOXL: 176.9). Skipping Git push to save history.
/Users/tsy/Library/Python/3.9/lib/python/site-packages/urllib3/__init__.py:35: NotOpenSSLWarning: urllib3 v2 only supports OpenSSL 1.1.1+, currently the 'ssl' module is compiled with 'LibreSSL 2.8.3'. See: https://github.com/urllib3/urllib3/issues/3020
  warnings.warn(
From github.com:tsy-del/tqqq
 * branch            main       -> FETCH_HEAD
HEAD is now at 33f7597 v4.4: Auto Cloud Sync config at 2026-06-06 08:15:07
Fetching highest frequency prices (v4.1) from yfinance...
Prices unchanged (TQQQ: 71.32, SOXL: 176.9). Skipping Git push to save history.
/Users/tsy/Library/Python/3.9/lib/python/site-packages/urllib3/__init__.py:35: NotOpenSSLWarning: urllib3 v2 only supports OpenSSL 1.1.1+, currently the 'ssl' module is compiled with 'LibreSSL 2.8.3'. See: https://github.com/urllib3/urllib3/issues/3020
  warnings.warn(
From github.com:tsy-del/tqqq
 * branch            main       -> FETCH_HEAD
HEAD is now at 33f7597 v4.4: Auto Cloud Sync config at 2026-06-06 08:15:07
Fetching highest frequency prices (v4.1) from yfinance...
Prices unchanged (TQQQ: 71.32, SOXL: 176.9). Skipping Git push to save history.
/Users/tsy/Library/Python/3.9/lib/python/site-packages/urllib3/__init__.py:35: NotOpenSSLWarning: urllib3 v2 only supports OpenSSL 1.1.1+, currently the 'ssl' module is compiled with 'LibreSSL 2.8.3'. See: https://github.com/urllib3/urllib3/issues/3020
  warnings.warn(
From github.com:tsy-del/tqqq
 * branch            main       -> FETCH_HEAD
HEAD is now at 33f7597 v4.4: Auto Cloud Sync config at 2026-06-06 08:15:07
Fetching highest frequency prices (v4.1) from yfinance...
Prices unchanged (TQQQ: 71.32, SOXL: 176.9). Skipping Git push to save history.
/Users/tsy/Library/Python/3.9/lib/python/site-packages/urllib3/__init__.py:35: NotOpenSSLWarning: urllib3 v2 only supports OpenSSL 1.1.1+, currently the 'ssl' module is compiled with 'LibreSSL 2.8.3'. See: https://github.com/urllib3/urllib3/issues/3020
  warnings.warn(
From github.com:tsy-del/tqqq
 * branch            main       -> FETCH_HEAD
HEAD is now at 33f7597 v4.4: Auto Cloud Sync config at 2026-06-06 08:15:07
Fetching highest frequency prices (v4.1) from yfinance...
Prices unchanged (TQQQ: 71.32, SOXL: 176.9). Skipping Git push to save history.
/Users/tsy/Library/Python/3.9/lib/python/site-packages/urllib3/__init__.py:35: NotOpenSSLWarning: urllib3 v2 only supports OpenSSL 1.1.1+, currently the 'ssl' module is compiled with 'LibreSSL 2.8.3'. See: https://github.com/urllib3/urllib3/issues/3020
  warnings.warn(
From github.com:tsy-del/tqqq
 * branch            main       -> FETCH_HEAD
HEAD is now at 33f7597 v4.4: Auto Cloud Sync config at 2026-06-06 08:15:07
Fetching highest frequency prices (v4.1) from yfinance...
Prices unchanged (TQQQ: 71.32, SOXL: 176.9). Skipping Git push to save history.
/Users/tsy/Library/Python/3.9/lib/python/site-packages/urllib3/__init__.py:35: NotOpenSSLWarning: urllib3 v2 only supports OpenSSL 1.1.1+, currently the 'ssl' module is compiled with 'LibreSSL 2.8.3'. See: https://github.com/urllib3/urllib3/issues/3020
  warnings.warn(
From github.com:tsy-del/tqqq
 * branch            main       -> FETCH_HEAD
HEAD is now at 33f7597 v4.4: Auto Cloud Sync config at 2026-06-06 08:15:07
Fetching highest frequency prices (v4.1) from yfinance...
Prices unchanged (TQQQ: 71.32, SOXL: 176.9). Skipping Git push to save history.
/Users/tsy/Library/Python/3.9/lib/python/site-packages/urllib3/__init__.py:35: NotOpenSSLWarning: urllib3 v2 only supports OpenSSL 1.1.1+, currently the 'ssl' module is compiled with 'LibreSSL 2.8.3'. See: https://github.com/urllib3/urllib3/issues/3020
  warnings.warn(
From github.com:tsy-del/tqqq
 * branch            main       -> FETCH_HEAD
HEAD is now at 33f7597 v4.4: Auto Cloud Sync config at 2026-06-06 08:15:07
Fetching highest frequency prices (v4.1) from yfinance...
Prices unchanged (TQQQ: 71.32, SOXL: 176.9). Skipping Git push to save history.
/Users/tsy/Library/Python/3.9/lib/python/site-packages/urllib3/__init__.py:35: NotOpenSSLWarning: urllib3 v2 only supports OpenSSL 1.1.1+, currently the 'ssl' module is compiled with 'LibreSSL 2.8.3'. See: https://github.com/urllib3/urllib3/issues/3020
  warnings.warn(
From github.com:tsy-del/tqqq
 * branch            main       -> FETCH_HEAD
HEAD is now at 33f7597 v4.4: Auto Cloud Sync config at 2026-06-06 08:15:07
Fetching highest frequency prices (v4.1) from yfinance...
Prices unchanged (TQQQ: 71.32, SOXL: 176.9). Skipping Git push to save history.
/Users/tsy/Library/Python/3.9/lib/python/site-packages/urllib3/__init__.py:35: NotOpenSSLWarning: urllib3 v2 only supports OpenSSL 1.1.1+, currently the 'ssl' module is compiled with 'LibreSSL 2.8.3'. See: https://github.com/urllib3/urllib3/issues/3020
  warnings.warn(
From github.com:tsy-del/tqqq
 * branch            main       -> FETCH_HEAD
HEAD is now at 33f7597 v4.4: Auto Cloud Sync config at 2026-06-06 08:15:07
Fetching highest frequency prices (v4.1) from yfinance...
Prices unchanged (TQQQ: 71.32, SOXL: 176.9). Skipping Git push to save history.
/Users/tsy/Library/Python/3.9/lib/python/site-packages/urllib3/__init__.py:35: NotOpenSSLWarning: urllib3 v2 only supports OpenSSL 1.1.1+, currently the 'ssl' module is compiled with 'LibreSSL 2.8.3'. See: https://github.com/urllib3/urllib3/issues/3020
  warnings.warn(
From github.com:tsy-del/tqqq
 * branch            main       -> FETCH_HEAD
HEAD is now at 33f7597 v4.4: Auto Cloud Sync config at 2026-06-06 08:15:07
Fetching highest frequency prices (v4.1) from yfinance...
Prices unchanged (TQQQ: 71.32, SOXL: 176.9). Skipping Git push to save history.
/Users/tsy/Library/Python/3.9/lib/python/site-packages/urllib3/__init__.py:35: NotOpenSSLWarning: urllib3 v2 only supports OpenSSL 1.1.1+, currently the 'ssl' module is compiled with 'LibreSSL 2.8.3'. See: https://github.com/urllib3/urllib3/issues/3020
  warnings.warn(
From github.com:tsy-del/tqqq
 * branch            main       -> FETCH_HEAD
HEAD is now at 33f7597 v4.4: Auto Cloud Sync config at 2026-06-06 08:15:07
Fetching highest frequency prices (v4.1) from yfinance...
Prices unchanged (TQQQ: 71.32, SOXL: 176.9). Skipping Git push to save history.
/Users/tsy/Library/Python/3.9/lib/python/site-packages/urllib3/__init__.py:35: NotOpenSSLWarning: urllib3 v2 only supports OpenSSL 1.1.1+, currently the 'ssl' module is compiled with 'LibreSSL 2.8.3'. See: https://github.com/urllib3/urllib3/issues/3020
  warnings.warn(
From github.com:tsy-del/tqqq
 * branch            main       -> FETCH_HEAD
HEAD is now at 33f7597 v4.4: Auto Cloud Sync config at 2026-06-06 08:15:07
Fetching highest frequency prices (v4.1) from yfinance...
Prices unchanged (TQQQ: 71.32, SOXL: 176.9). Skipping Git push to save history.
/Users/tsy/Library/Python/3.9/lib/python/site-packages/urllib3/__init__.py:35: NotOpenSSLWarning: urllib3 v2 only supports OpenSSL 1.1.1+, currently the 'ssl' module is compiled with 'LibreSSL 2.8.3'. See: https://github.com/urllib3/urllib3/issues/3020
  warnings.warn(
From github.com:tsy-del/tqqq
 * branch            main       -> FETCH_HEAD
HEAD is now at 33f7597 v4.4: Auto Cloud Sync config at 2026-06-06 08:15:07
Fetching highest frequency prices (v4.1) from yfinance...
Prices unchanged (TQQQ: 71.32, SOXL: 176.9). Skipping Git push to save history.
/Users/tsy/Library/Python/3.9/lib/python/site-packages/urllib3/__init__.py:35: NotOpenSSLWarning: urllib3 v2 only supports OpenSSL 1.1.1+, currently the 'ssl' module is compiled with 'LibreSSL 2.8.3'. See: https://github.com/urllib3/urllib3/issues/3020
  warnings.warn(
From github.com:tsy-del/tqqq
 * branch            main       -> FETCH_HEAD
HEAD is now at 33f7597 v4.4: Auto Cloud Sync config at 2026-06-06 08:15:07
Fetching highest frequency prices (v4.1) from yfinance...
Prices unchanged (TQQQ: 71.32, SOXL: 176.9). Skipping Git push to save history.
/Users/tsy/Library/Python/3.9/lib/python/site-packages/urllib3/__init__.py:35: NotOpenSSLWarning: urllib3 v2 only supports OpenSSL 1.1.1+, currently the 'ssl' module is compiled with 'LibreSSL 2.8.3'. See: https://github.com/urllib3/urllib3/issues/3020
  warnings.warn(
From github.com:tsy-del/tqqq
 * branch            main       -> FETCH_HEAD
HEAD is now at 33f7597 v4.4: Auto Cloud Sync config at 2026-06-06 08:15:07
Fetching highest frequency prices (v4.1) from yfinance...
Prices unchanged (TQQQ: 71.32, SOXL: 176.9). Skipping Git push to save history.
/Users/tsy/Library/Python/3.9/lib/python/site-packages/urllib3/__init__.py:35: NotOpenSSLWarning: urllib3 v2 only supports OpenSSL 1.1.1+, currently the 'ssl' module is compiled with 'LibreSSL 2.8.3'. See: https://github.com/urllib3/urllib3/issues/3020
  warnings.warn(
From github.com:tsy-del/tqqq
 * branch            main       -> FETCH_HEAD
HEAD is now at 33f7597 v4.4: Auto Cloud Sync config at 2026-06-06 08:15:07
Fetching highest frequency prices (v4.1) from yfinance...
Prices unchanged (TQQQ: 71.32, SOXL: 176.9). Skipping Git push to save history.
/Users/tsy/Library/Python/3.9/lib/python/site-packages/urllib3/__init__.py:35: NotOpenSSLWarning: urllib3 v2 only supports OpenSSL 1.1.1+, currently the 'ssl' module is compiled with 'LibreSSL 2.8.3'. See: https://github.com/urllib3/urllib3/issues/3020
  warnings.warn(
From github.com:tsy-del/tqqq
 * branch            main       -> FETCH_HEAD
HEAD is now at 33f7597 v4.4: Auto Cloud Sync config at 2026-06-06 08:15:07
Fetching highest frequency prices (v4.1) from yfinance...
Prices unchanged (TQQQ: 71.32, SOXL: 176.9). Skipping Git push to save history.
/Users/tsy/Library/Python/3.9/lib/python/site-packages/urllib3/__init__.py:35: NotOpenSSLWarning: urllib3 v2 only supports OpenSSL 1.1.1+, currently the 'ssl' module is compiled with 'LibreSSL 2.8.3'. See: https://github.com/urllib3/urllib3/issues/3020
  warnings.warn(
From github.com:tsy-del/tqqq
 * branch            main       -> FETCH_HEAD
HEAD is now at 33f7597 v4.4: Auto Cloud Sync config at 2026-06-06 08:15:07
Fetching highest frequency prices (v4.1) from yfinance...
Prices unchanged (TQQQ: 71.32, SOXL: 176.9). Skipping Git push to save history.
/Users/tsy/Library/Python/3.9/lib/python/site-packages/urllib3/__init__.py:35: NotOpenSSLWarning: urllib3 v2 only supports OpenSSL 1.1.1+, currently the 'ssl' module is compiled with 'LibreSSL 2.8.3'. See: https://github.com/urllib3/urllib3/issues/3020
  warnings.warn(
From github.com:tsy-del/tqqq
 * branch            main       -> FETCH_HEAD
HEAD is now at 33f7597 v4.4: Auto Cloud Sync config at 2026-06-06 08:15:07
Fetching highest frequency prices (v4.1) from yfinance...
Prices unchanged (TQQQ: 71.32, SOXL: 176.9). Skipping Git push to save history.
/Users/tsy/Library/Python/3.9/lib/python/site-packages/urllib3/__init__.py:35: NotOpenSSLWarning: urllib3 v2 only supports OpenSSL 1.1.1+, currently the 'ssl' module is compiled with 'LibreSSL 2.8.3'. See: https://github.com/urllib3/urllib3/issues/3020
  warnings.warn(
From github.com:tsy-del/tqqq
 * branch            main       -> FETCH_HEAD
HEAD is now at 33f7597 v4.4: Auto Cloud Sync config at 2026-06-06 08:15:07
Fetching highest frequency prices (v4.1) from yfinance...
Prices unchanged (TQQQ: 71.32, SOXL: 176.9). Skipping Git push to save history.
/Users/tsy/Library/Python/3.9/lib/python/site-packages/urllib3/__init__.py:35: NotOpenSSLWarning: urllib3 v2 only supports OpenSSL 1.1.1+, currently the 'ssl' module is compiled with 'LibreSSL 2.8.3'. See: https://github.com/urllib3/urllib3/issues/3020
  warnings.warn(
From github.com:tsy-del/tqqq
 * branch            main       -> FETCH_HEAD
HEAD is now at 33f7597 v4.4: Auto Cloud Sync config at 2026-06-06 08:15:07
Fetching highest frequency prices (v4.1) from yfinance...
Prices unchanged (TQQQ: 71.32, SOXL: 176.9). Skipping Git push to save history.
/Users/tsy/Library/Python/3.9/lib/python/site-packages/urllib3/__init__.py:35: NotOpenSSLWarning: urllib3 v2 only supports OpenSSL 1.1.1+, currently the 'ssl' module is compiled with 'LibreSSL 2.8.3'. See: https://github.com/urllib3/urllib3/issues/3020
  warnings.warn(
From github.com:tsy-del/tqqq
 * branch            main       -> FETCH_HEAD
HEAD is now at 33f7597 v4.4: Auto Cloud Sync config at 2026-06-06 08:15:07
Fetching highest frequency prices (v4.1) from yfinance...
Prices unchanged (TQQQ: 71.32, SOXL: 176.9). Skipping Git push to save history.
/Users/tsy/Library/Python/3.9/lib/python/site-packages/urllib3/__init__.py:35: NotOpenSSLWarning: urllib3 v2 only supports OpenSSL 1.1.1+, currently the 'ssl' module is compiled with 'LibreSSL 2.8.3'. See: https://github.com/urllib3/urllib3/issues/3020
  warnings.warn(
From github.com:tsy-del/tqqq
 * branch            main       -> FETCH_HEAD
HEAD is now at 33f7597 v4.4: Auto Cloud Sync config at 2026-06-06 08:15:07
Fetching highest frequency prices (v4.1) from yfinance...
Prices unchanged (TQQQ: 71.32, SOXL: 176.9). Skipping Git push to save history.
/Users/tsy/Library/Python/3.9/lib/python/site-packages/urllib3/__init__.py:35: NotOpenSSLWarning: urllib3 v2 only supports OpenSSL 1.1.1+, currently the 'ssl' module is compiled with 'LibreSSL 2.8.3'. See: https://github.com/urllib3/urllib3/issues/3020
  warnings.warn(
From github.com:tsy-del/tqqq
 * branch            main       -> FETCH_HEAD
HEAD is now at 33f7597 v4.4: Auto Cloud Sync config at 2026-06-06 08:15:07
Fetching highest frequency prices (v4.1) from yfinance...
Prices unchanged (TQQQ: 71.32, SOXL: 176.9). Skipping Git push to save history.
/Users/tsy/Library/Python/3.9/lib/python/site-packages/urllib3/__init__.py:35: NotOpenSSLWarning: urllib3 v2 only supports OpenSSL 1.1.1+, currently the 'ssl' module is compiled with 'LibreSSL 2.8.3'. See: https://github.com/urllib3/urllib3/issues/3020
  warnings.warn(
From github.com:tsy-del/tqqq
 * branch            main       -> FETCH_HEAD
HEAD is now at 33f7597 v4.4: Auto Cloud Sync config at 2026-06-06 08:15:07
Fetching highest frequency prices (v4.1) from yfinance...
Prices unchanged (TQQQ: 71.32, SOXL: 176.9). Skipping Git push to save history.
/Users/tsy/Library/Python/3.9/lib/python/site-packages/urllib3/__init__.py:35: NotOpenSSLWarning: urllib3 v2 only supports OpenSSL 1.1.1+, currently the 'ssl' module is compiled with 'LibreSSL 2.8.3'. See: https://github.com/urllib3/urllib3/issues/3020
  warnings.warn(
From github.com:tsy-del/tqqq
 * branch            main       -> FETCH_HEAD
HEAD is now at 33f7597 v4.4: Auto Cloud Sync config at 2026-06-06 08:15:07
Fetching highest frequency prices (v4.1) from yfinance...
Prices unchanged (TQQQ: 71.32, SOXL: 176.9). Skipping Git push to save history.
/Users/tsy/Library/Python/3.9/lib/python/site-packages/urllib3/__init__.py:35: NotOpenSSLWarning: urllib3 v2 only supports OpenSSL 1.1.1+, currently the 'ssl' module is compiled with 'LibreSSL 2.8.3'. See: https://github.com/urllib3/urllib3/issues/3020
  warnings.warn(
From github.com:tsy-del/tqqq
 * branch            main       -> FETCH_HEAD
HEAD is now at 33f7597 v4.4: Auto Cloud Sync config at 2026-06-06 08:15:07
Fetching highest frequency prices (v4.1) from yfinance...
Prices unchanged (TQQQ: 71.32, SOXL: 176.9). Skipping Git push to save history.
/Users/tsy/Library/Python/3.9/lib/python/site-packages/urllib3/__init__.py:35: NotOpenSSLWarning: urllib3 v2 only supports OpenSSL 1.1.1+, currently the 'ssl' module is compiled with 'LibreSSL 2.8.3'. See: https://github.com/urllib3/urllib3/issues/3020
  warnings.warn(
From github.com:tsy-del/tqqq
 * branch            main       -> FETCH_HEAD
HEAD is now at 33f7597 v4.4: Auto Cloud Sync config at 2026-06-06 08:15:07
Fetching highest frequency prices (v4.1) from yfinance...
Prices unchanged (TQQQ: 71.32, SOXL: 176.9). Skipping Git push to save history.
/Users/tsy/Library/Python/3.9/lib/python/site-packages/urllib3/__init__.py:35: NotOpenSSLWarning: urllib3 v2 only supports OpenSSL 1.1.1+, currently the 'ssl' module is compiled with 'LibreSSL 2.8.3'. See: https://github.com/urllib3/urllib3/issues/3020
  warnings.warn(
From github.com:tsy-del/tqqq
 * branch            main       -> FETCH_HEAD
HEAD is now at 33f7597 v4.4: Auto Cloud Sync config at 2026-06-06 08:15:07
Fetching highest frequency prices (v4.1) from yfinance...
Prices unchanged (TQQQ: 71.32, SOXL: 176.9). Skipping Git push to save history.
/Users/tsy/Library/Python/3.9/lib/python/site-packages/urllib3/__init__.py:35: NotOpenSSLWarning: urllib3 v2 only supports OpenSSL 1.1.1+, currently the 'ssl' module is compiled with 'LibreSSL 2.8.3'. See: https://github.com/urllib3/urllib3/issues/3020
  warnings.warn(
From github.com:tsy-del/tqqq
 * branch            main       -> FETCH_HEAD
HEAD is now at 33f7597 v4.4: Auto Cloud Sync config at 2026-06-06 08:15:07
Fetching highest frequency prices (v4.1) from yfinance...
Prices unchanged (TQQQ: 71.32, SOXL: 176.9). Skipping Git push to save history.
/Users/tsy/Library/Python/3.9/lib/python/site-packages/urllib3/__init__.py:35: NotOpenSSLWarning: urllib3 v2 only supports OpenSSL 1.1.1+, currently the 'ssl' module is compiled with 'LibreSSL 2.8.3'. See: https://github.com/urllib3/urllib3/issues/3020
  warnings.warn(
From github.com:tsy-del/tqqq
 * branch            main       -> FETCH_HEAD
HEAD is now at 33f7597 v4.4: Auto Cloud Sync config at 2026-06-06 08:15:07
Fetching highest frequency prices (v4.1) from yfinance...
Prices unchanged (TQQQ: 71.32, SOXL: 176.9). Skipping Git push to save history.
/Users/tsy/Library/Python/3.9/lib/python/site-packages/urllib3/__init__.py:35: NotOpenSSLWarning: urllib3 v2 only supports OpenSSL 1.1.1+, currently the 'ssl' module is compiled with 'LibreSSL 2.8.3'. See: https://github.com/urllib3/urllib3/issues/3020
  warnings.warn(
From github.com:tsy-del/tqqq
 * branch            main       -> FETCH_HEAD
HEAD is now at 33f7597 v4.4: Auto Cloud Sync config at 2026-06-06 08:15:07
Fetching highest frequency prices (v4.1) from yfinance...
Prices unchanged (TQQQ: 71.32, SOXL: 176.9). Skipping Git push to save history.
/Users/tsy/Library/Python/3.9/lib/python/site-packages/urllib3/__init__.py:35: NotOpenSSLWarning: urllib3 v2 only supports OpenSSL 1.1.1+, currently the 'ssl' module is compiled with 'LibreSSL 2.8.3'. See: https://github.com/urllib3/urllib3/issues/3020
  warnings.warn(
From github.com:tsy-del/tqqq
 * branch            main       -> FETCH_HEAD
HEAD is now at 33f7597 v4.4: Auto Cloud Sync config at 2026-06-06 08:15:07
Fetching highest frequency prices (v4.1) from yfinance...
Prices unchanged (TQQQ: 71.32, SOXL: 176.9). Skipping Git push to save history.
/Users/tsy/Library/Python/3.9/lib/python/site-packages/urllib3/__init__.py:35: NotOpenSSLWarning: urllib3 v2 only supports OpenSSL 1.1.1+, currently the 'ssl' module is compiled with 'LibreSSL 2.8.3'. See: https://github.com/urllib3/urllib3/issues/3020
  warnings.warn(
From github.com:tsy-del/tqqq
 * branch            main       -> FETCH_HEAD
HEAD is now at 33f7597 v4.4: Auto Cloud Sync config at 2026-06-06 08:15:07
Fetching highest frequency prices (v4.1) from yfinance...
Prices unchanged (TQQQ: 71.32, SOXL: 176.9). Skipping Git push to save history.
/Users/tsy/Library/Python/3.9/lib/python/site-packages/urllib3/__init__.py:35: NotOpenSSLWarning: urllib3 v2 only supports OpenSSL 1.1.1+, currently the 'ssl' module is compiled with 'LibreSSL 2.8.3'. See: https://github.com/urllib3/urllib3/issues/3020
  warnings.warn(
From github.com:tsy-del/tqqq
 * branch            main       -> FETCH_HEAD
HEAD is now at 33f7597 v4.4: Auto Cloud Sync config at 2026-06-06 08:15:07
Fetching highest frequency prices (v4.1) from yfinance...
Prices unchanged (TQQQ: 71.32, SOXL: 176.9). Skipping Git push to save history.
/Users/tsy/Library/Python/3.9/lib/python/site-packages/urllib3/__init__.py:35: NotOpenSSLWarning: urllib3 v2 only supports OpenSSL 1.1.1+, currently the 'ssl' module is compiled with 'LibreSSL 2.8.3'. See: https://github.com/urllib3/urllib3/issues/3020
  warnings.warn(
From github.com:tsy-del/tqqq
 * branch            main       -> FETCH_HEAD
HEAD is now at 33f7597 v4.4: Auto Cloud Sync config at 2026-06-06 08:15:07
Fetching highest frequency prices (v4.1) from yfinance...
Prices unchanged (TQQQ: 71.32, SOXL: 176.9). Skipping Git push to save history.
/Users/tsy/Library/Python/3.9/lib/python/site-packages/urllib3/__init__.py:35: NotOpenSSLWarning: urllib3 v2 only supports OpenSSL 1.1.1+, currently the 'ssl' module is compiled with 'LibreSSL 2.8.3'. See: https://github.com/urllib3/urllib3/issues/3020
  warnings.warn(
From github.com:tsy-del/tqqq
 * branch            main       -> FETCH_HEAD
HEAD is now at 33f7597 v4.4: Auto Cloud Sync config at 2026-06-06 08:15:07
Fetching highest frequency prices (v4.1) from yfinance...
Prices unchanged (TQQQ: 71.32, SOXL: 176.9). Skipping Git push to save history.
/Users/tsy/Library/Python/3.9/lib/python/site-packages/urllib3/__init__.py:35: NotOpenSSLWarning: urllib3 v2 only supports OpenSSL 1.1.1+, currently the 'ssl' module is compiled with 'LibreSSL 2.8.3'. See: https://github.com/urllib3/urllib3/issues/3020
  warnings.warn(
From github.com:tsy-del/tqqq
 * branch            main       -> FETCH_HEAD
HEAD is now at 33f7597 v4.4: Auto Cloud Sync config at 2026-06-06 08:15:07
Fetching highest frequency prices (v4.1) from yfinance...
Prices unchanged (TQQQ: 71.32, SOXL: 176.9). Skipping Git push to save history.
/Users/tsy/Library/Python/3.9/lib/python/site-packages/urllib3/__init__.py:35: NotOpenSSLWarning: urllib3 v2 only supports OpenSSL 1.1.1+, currently the 'ssl' module is compiled with 'LibreSSL 2.8.3'. See: https://github.com/urllib3/urllib3/issues/3020
  warnings.warn(
From github.com:tsy-del/tqqq
 * branch            main       -> FETCH_HEAD
HEAD is now at 33f7597 v4.4: Auto Cloud Sync config at 2026-06-06 08:15:07
Fetching highest frequency prices (v4.1) from yfinance...
Prices unchanged (TQQQ: 71.32, SOXL: 176.9). Skipping Git push to save history.
/Users/tsy/Library/Python/3.9/lib/python/site-packages/urllib3/__init__.py:35: NotOpenSSLWarning: urllib3 v2 only supports OpenSSL 1.1.1+, currently the 'ssl' module is compiled with 'LibreSSL 2.8.3'. See: https://github.com/urllib3/urllib3/issues/3020
  warnings.warn(
From github.com:tsy-del/tqqq
 * branch            main       -> FETCH_HEAD
HEAD is now at 33f7597 v4.4: Auto Cloud Sync config at 2026-06-06 08:15:07
Fetching highest frequency prices (v4.1) from yfinance...
Prices unchanged (TQQQ: 71.32, SOXL: 176.9). Skipping Git push to save history.
/Users/tsy/Library/Python/3.9/lib/python/site-packages/urllib3/__init__.py:35: NotOpenSSLWarning: urllib3 v2 only supports OpenSSL 1.1.1+, currently the 'ssl' module is compiled with 'LibreSSL 2.8.3'. See: https://github.com/urllib3/urllib3/issues/3020
  warnings.warn(
From github.com:tsy-del/tqqq
 * branch            main       -> FETCH_HEAD
HEAD is now at 33f7597 v4.4: Auto Cloud Sync config at 2026-06-06 08:15:07
Fetching highest frequency prices (v4.1) from yfinance...
Prices unchanged (TQQQ: 71.32, SOXL: 176.9). Skipping Git push to save history.
/Users/tsy/Library/Python/3.9/lib/python/site-packages/urllib3/__init__.py:35: NotOpenSSLWarning: urllib3 v2 only supports OpenSSL 1.1.1+, currently the 'ssl' module is compiled with 'LibreSSL 2.8.3'. See: https://github.com/urllib3/urllib3/issues/3020
  warnings.warn(
From github.com:tsy-del/tqqq
 * branch            main       -> FETCH_HEAD
HEAD is now at 33f7597 v4.4: Auto Cloud Sync config at 2026-06-06 08:15:07
Fetching highest frequency prices (v4.1) from yfinance...
Prices unchanged (TQQQ: 71.32, SOXL: 176.9). Skipping Git push to save history.
/Users/tsy/Library/Python/3.9/lib/python/site-packages/urllib3/__init__.py:35: NotOpenSSLWarning: urllib3 v2 only supports OpenSSL 1.1.1+, currently the 'ssl' module is compiled with 'LibreSSL 2.8.3'. See: https://github.com/urllib3/urllib3/issues/3020
  warnings.warn(
From github.com:tsy-del/tqqq
 * branch            main       -> FETCH_HEAD
HEAD is now at 33f7597 v4.4: Auto Cloud Sync config at 2026-06-06 08:15:07
Fetching highest frequency prices (v4.1) from yfinance...
Prices unchanged (TQQQ: 71.32, SOXL: 176.9). Skipping Git push to save history.
/Users/tsy/Library/Python/3.9/lib/python/site-packages/urllib3/__init__.py:35: NotOpenSSLWarning: urllib3 v2 only supports OpenSSL 1.1.1+, currently the 'ssl' module is compiled with 'LibreSSL 2.8.3'. See: https://github.com/urllib3/urllib3/issues/3020
  warnings.warn(
From github.com:tsy-del/tqqq
 * branch            main       -> FETCH_HEAD
HEAD is now at 33f7597 v4.4: Auto Cloud Sync config at 2026-06-06 08:15:07
Fetching highest frequency prices (v4.1) from yfinance...
Prices unchanged (TQQQ: 71.32, SOXL: 176.9). Skipping Git push to save history.
/Users/tsy/Library/Python/3.9/lib/python/site-packages/urllib3/__init__.py:35: NotOpenSSLWarning: urllib3 v2 only supports OpenSSL 1.1.1+, currently the 'ssl' module is compiled with 'LibreSSL 2.8.3'. See: https://github.com/urllib3/urllib3/issues/3020
  warnings.warn(
From github.com:tsy-del/tqqq
 * branch            main       -> FETCH_HEAD
HEAD is now at 33f7597 v4.4: Auto Cloud Sync config at 2026-06-06 08:15:07
Fetching highest frequency prices (v4.1) from yfinance...
Prices unchanged (TQQQ: 71.32, SOXL: 176.9). Skipping Git push to save history.
/Users/tsy/Library/Python/3.9/lib/python/site-packages/urllib3/__init__.py:35: NotOpenSSLWarning: urllib3 v2 only supports OpenSSL 1.1.1+, currently the 'ssl' module is compiled with 'LibreSSL 2.8.3'. See: https://github.com/urllib3/urllib3/issues/3020
  warnings.warn(
From github.com:tsy-del/tqqq
 * branch            main       -> FETCH_HEAD
HEAD is now at 33f7597 v4.4: Auto Cloud Sync config at 2026-06-06 08:15:07
Fetching highest frequency prices (v4.1) from yfinance...
Prices unchanged (TQQQ: 71.32, SOXL: 176.9). Skipping Git push to save history.
/Users/tsy/Library/Python/3.9/lib/python/site-packages/urllib3/__init__.py:35: NotOpenSSLWarning: urllib3 v2 only supports OpenSSL 1.1.1+, currently the 'ssl' module is compiled with 'LibreSSL 2.8.3'. See: https://github.com/urllib3/urllib3/issues/3020
  warnings.warn(
From github.com:tsy-del/tqqq
 * branch            main       -> FETCH_HEAD
HEAD is now at 33f7597 v4.4: Auto Cloud Sync config at 2026-06-06 08:15:07
Fetching highest frequency prices (v4.1) from yfinance...
Prices unchanged (TQQQ: 71.32, SOXL: 176.9). Skipping Git push to save history.
/Users/tsy/Library/Python/3.9/lib/python/site-packages/urllib3/__init__.py:35: NotOpenSSLWarning: urllib3 v2 only supports OpenSSL 1.1.1+, currently the 'ssl' module is compiled with 'LibreSSL 2.8.3'. See: https://github.com/urllib3/urllib3/issues/3020
  warnings.warn(
From github.com:tsy-del/tqqq
 * branch            main       -> FETCH_HEAD
HEAD is now at 33f7597 v4.4: Auto Cloud Sync config at 2026-06-06 08:15:07
Fetching highest frequency prices (v4.1) from yfinance...
Prices unchanged (TQQQ: 71.32, SOXL: 176.9). Skipping Git push to save history.
/Users/tsy/Library/Python/3.9/lib/python/site-packages/urllib3/__init__.py:35: NotOpenSSLWarning: urllib3 v2 only supports OpenSSL 1.1.1+, currently the 'ssl' module is compiled with 'LibreSSL 2.8.3'. See: https://github.com/urllib3/urllib3/issues/3020
  warnings.warn(
From github.com:tsy-del/tqqq
 * branch            main       -> FETCH_HEAD
HEAD is now at 33f7597 v4.4: Auto Cloud Sync config at 2026-06-06 08:15:07
Fetching highest frequency prices (v4.1) from yfinance...
Prices unchanged (TQQQ: 71.32, SOXL: 176.9). Skipping Git push to save history.
/Users/tsy/Library/Python/3.9/lib/python/site-packages/urllib3/__init__.py:35: NotOpenSSLWarning: urllib3 v2 only supports OpenSSL 1.1.1+, currently the 'ssl' module is compiled with 'LibreSSL 2.8.3'. See: https://github.com/urllib3/urllib3/issues/3020
  warnings.warn(
From github.com:tsy-del/tqqq
 * branch            main       -> FETCH_HEAD
HEAD is now at 33f7597 v4.4: Auto Cloud Sync config at 2026-06-06 08:15:07
Fetching highest frequency prices (v4.1) from yfinance...
Prices unchanged (TQQQ: 71.32, SOXL: 176.9). Skipping Git push to save history.
/Users/tsy/Library/Python/3.9/lib/python/site-packages/urllib3/__init__.py:35: NotOpenSSLWarning: urllib3 v2 only supports OpenSSL 1.1.1+, currently the 'ssl' module is compiled with 'LibreSSL 2.8.3'. See: https://github.com/urllib3/urllib3/issues/3020
  warnings.warn(
From github.com:tsy-del/tqqq
 * branch            main       -> FETCH_HEAD
HEAD is now at 33f7597 v4.4: Auto Cloud Sync config at 2026-06-06 08:15:07
Fetching highest frequency prices (v4.1) from yfinance...
Prices unchanged (TQQQ: 71.32, SOXL: 176.9). Skipping Git push to save history.
/Users/tsy/Library/Python/3.9/lib/python/site-packages/urllib3/__init__.py:35: NotOpenSSLWarning: urllib3 v2 only supports OpenSSL 1.1.1+, currently the 'ssl' module is compiled with 'LibreSSL 2.8.3'. See: https://github.com/urllib3/urllib3/issues/3020
  warnings.warn(
From github.com:tsy-del/tqqq
 * branch            main       -> FETCH_HEAD
HEAD is now at 33f7597 v4.4: Auto Cloud Sync config at 2026-06-06 08:15:07
Fetching highest frequency prices (v4.1) from yfinance...
Prices unchanged (TQQQ: 71.32, SOXL: 176.9). Skipping Git push to save history.
/Users/tsy/Library/Python/3.9/lib/python/site-packages/urllib3/__init__.py:35: NotOpenSSLWarning: urllib3 v2 only supports OpenSSL 1.1.1+, currently the 'ssl' module is compiled with 'LibreSSL 2.8.3'. See: https://github.com/urllib3/urllib3/issues/3020
  warnings.warn(
From github.com:tsy-del/tqqq
 * branch            main       -> FETCH_HEAD
HEAD is now at 33f7597 v4.4: Auto Cloud Sync config at 2026-06-06 08:15:07
Fetching highest frequency prices (v4.1) from yfinance...
Prices unchanged (TQQQ: 71.32, SOXL: 176.9). Skipping Git push to save history.
/Users/tsy/Library/Python/3.9/lib/python/site-packages/urllib3/__init__.py:35: NotOpenSSLWarning: urllib3 v2 only supports OpenSSL 1.1.1+, currently the 'ssl' module is compiled with 'LibreSSL 2.8.3'. See: https://github.com/urllib3/urllib3/issues/3020
  warnings.warn(
From github.com:tsy-del/tqqq
 * branch            main       -> FETCH_HEAD
HEAD is now at 33f7597 v4.4: Auto Cloud Sync config at 2026-06-06 08:15:07
Fetching highest frequency prices (v4.1) from yfinance...
Prices unchanged (TQQQ: 71.32, SOXL: 176.9). Skipping Git push to save history.
/Users/tsy/Library/Python/3.9/lib/python/site-packages/urllib3/__init__.py:35: NotOpenSSLWarning: urllib3 v2 only supports OpenSSL 1.1.1+, currently the 'ssl' module is compiled with 'LibreSSL 2.8.3'. See: https://github.com/urllib3/urllib3/issues/3020
  warnings.warn(
From github.com:tsy-del/tqqq
 * branch            main       -> FETCH_HEAD
HEAD is now at 33f7597 v4.4: Auto Cloud Sync config at 2026-06-06 08:15:07
[main 4480ac0] v4.4: Auto Cloud Sync config at 2026-06-08 16:00:08
 2 files changed, 49 insertions(+), 49 deletions(-)
To github.com:tsy-del/tqqq.git
   33f7597..4480ac0  main -> main
To github.com:tsy-del/tqqq.git
   33f7597..4480ac0  main -> gh-pages
Fetching highest frequency prices (v4.1) from yfinance...
Update and push completed successfully.
/Users/tsy/Library/Python/3.9/lib/python/site-packages/urllib3/__init__.py:35: NotOpenSSLWarning: urllib3 v2 only supports OpenSSL 1.1.1+, currently the 'ssl' module is compiled with 'LibreSSL 2.8.3'. See: https://github.com/urllib3/urllib3/issues/3020
  warnings.warn(
From github.com:tsy-del/tqqq
 * branch            main       -> FETCH_HEAD
HEAD is now at 4480ac0 v4.4: Auto Cloud Sync config at 2026-06-08 16:00:08
[main 7a72adb] v4.4: Auto Cloud Sync config at 2026-06-08 16:15:07
 2 files changed, 49 insertions(+), 49 deletions(-)
To github.com:tsy-del/tqqq.git
   4480ac0..7a72adb  main -> main
To github.com:tsy-del/tqqq.git
   4480ac0..7a72adb  main -> gh-pages
Fetching highest frequency prices (v4.1) from yfinance...
Update and push completed successfully.
/Users/tsy/Library/Python/3.9/lib/python/site-packages/urllib3/__init__.py:35: NotOpenSSLWarning: urllib3 v2 only supports OpenSSL 1.1.1+, currently the 'ssl' module is compiled with 'LibreSSL 2.8.3'. See: https://github.com/urllib3/urllib3/issues/3020
  warnings.warn(
From github.com:tsy-del/tqqq
 * branch            main       -> FETCH_HEAD
HEAD is now at 7a72adb v4.4: Auto Cloud Sync config at 2026-06-08 16:15:07
[main 74e73c2] v4.4: Auto Cloud Sync config at 2026-06-08 16:30:06
 2 files changed, 48 insertions(+), 48 deletions(-)
To github.com:tsy-del/tqqq.git
   7a72adb..74e73c2  main -> main
To github.com:tsy-del/tqqq.git
   7a72adb..74e73c2  main -> gh-pages
Fetching highest frequency prices (v4.1) from yfinance...
Update and push completed successfully.
/Users/tsy/Library/Python/3.9/lib/python/site-packages/urllib3/__init__.py:35: NotOpenSSLWarning: urllib3 v2 only supports OpenSSL 1.1.1+, currently the 'ssl' module is compiled with 'LibreSSL 2.8.3'. See: https://github.com/urllib3/urllib3/issues/3020
  warnings.warn(
From github.com:tsy-del/tqqq
 * branch            main       -> FETCH_HEAD
HEAD is now at 74e73c2 v4.4: Auto Cloud Sync config at 2026-06-08 16:30:06
[main b8eff2e] v4.4: Auto Cloud Sync config at 2026-06-08 16:45:07
 2 files changed, 49 insertions(+), 49 deletions(-)
To github.com:tsy-del/tqqq.git
   74e73c2..b8eff2e  main -> main
To github.com:tsy-del/tqqq.git
   74e73c2..b8eff2e  main -> gh-pages
Fetching highest frequency prices (v4.1) from yfinance...
Update and push completed successfully.
/Users/tsy/Library/Python/3.9/lib/python/site-packages/urllib3/__init__.py:35: NotOpenSSLWarning: urllib3 v2 only supports OpenSSL 1.1.1+, currently the 'ssl' module is compiled with 'LibreSSL 2.8.3'. See: https://github.com/urllib3/urllib3/issues/3020
  warnings.warn(
From github.com:tsy-del/tqqq
 * branch            main       -> FETCH_HEAD
HEAD is now at b8eff2e v4.4: Auto Cloud Sync config at 2026-06-08 16:45:07
[main aa0d469] v4.4: Auto Cloud Sync config at 2026-06-08 17:00:08
 2 files changed, 49 insertions(+), 49 deletions(-)
To github.com:tsy-del/tqqq.git
   b8eff2e..aa0d469  main -> main
To github.com:tsy-del/tqqq.git
   b8eff2e..aa0d469  main -> gh-pages
Fetching highest frequency prices (v4.1) from yfinance...
Update and push completed successfully.
/Users/tsy/Library/Python/3.9/lib/python/site-packages/urllib3/__init__.py:35: NotOpenSSLWarning: urllib3 v2 only supports OpenSSL 1.1.1+, currently the 'ssl' module is compiled with 'LibreSSL 2.8.3'. See: https://github.com/urllib3/urllib3/issues/3020
  warnings.warn(
From github.com:tsy-del/tqqq
 * branch            main       -> FETCH_HEAD
HEAD is now at aa0d469 v4.4: Auto Cloud Sync config at 2026-06-08 17:00:08
[main d922aa2] v4.4: Auto Cloud Sync config at 2026-06-08 17:15:08
 2 files changed, 28 insertions(+), 28 deletions(-)
To github.com:tsy-del/tqqq.git
   aa0d469..d922aa2  main -> main
To github.com:tsy-del/tqqq.git
   aa0d469..d922aa2  main -> gh-pages
Fetching highest frequency prices (v4.1) from yfinance...
Update and push completed successfully.
/Users/tsy/Library/Python/3.9/lib/python/site-packages/urllib3/__init__.py:35: NotOpenSSLWarning: urllib3 v2 only supports OpenSSL 1.1.1+, currently the 'ssl' module is compiled with 'LibreSSL 2.8.3'. See: https://github.com/urllib3/urllib3/issues/3020
  warnings.warn(
From github.com:tsy-del/tqqq
 * branch            main       -> FETCH_HEAD
HEAD is now at d922aa2 v4.4: Auto Cloud Sync config at 2026-06-08 17:15:08
[main d95b42f] v4.4: Auto Cloud Sync config at 2026-06-08 17:30:07
 2 files changed, 46 insertions(+), 46 deletions(-)
To github.com:tsy-del/tqqq.git
   d922aa2..d95b42f  main -> main
To github.com:tsy-del/tqqq.git
   d922aa2..d95b42f  main -> gh-pages
Fetching highest frequency prices (v4.1) from yfinance...
Update and push completed successfully.
/Users/tsy/Library/Python/3.9/lib/python/site-packages/urllib3/__init__.py:35: NotOpenSSLWarning: urllib3 v2 only supports OpenSSL 1.1.1+, currently the 'ssl' module is compiled with 'LibreSSL 2.8.3'. See: https://github.com/urllib3/urllib3/issues/3020
  warnings.warn(
From github.com:tsy-del/tqqq
 * branch            main       -> FETCH_HEAD
HEAD is now at d95b42f v4.4: Auto Cloud Sync config at 2026-06-08 17:30:07
[main 00bf36c] v4.4: Auto Cloud Sync config at 2026-06-08 17:45:07
 2 files changed, 49 insertions(+), 49 deletions(-)
To github.com:tsy-del/tqqq.git
   d95b42f..00bf36c  main -> main
To github.com:tsy-del/tqqq.git
   d95b42f..00bf36c  main -> gh-pages
Fetching highest frequency prices (v4.1) from yfinance...
Update and push completed successfully.
/Users/tsy/Library/Python/3.9/lib/python/site-packages/urllib3/__init__.py:35: NotOpenSSLWarning: urllib3 v2 only supports OpenSSL 1.1.1+, currently the 'ssl' module is compiled with 'LibreSSL 2.8.3'. See: https://github.com/urllib3/urllib3/issues/3020
  warnings.warn(
From github.com:tsy-del/tqqq
 * branch            main       -> FETCH_HEAD
HEAD is now at 00bf36c v4.4: Auto Cloud Sync config at 2026-06-08 17:45:07
[main 35455cb] v4.4: Auto Cloud Sync config at 2026-06-08 18:00:08
 2 files changed, 48 insertions(+), 48 deletions(-)
To github.com:tsy-del/tqqq.git
   00bf36c..35455cb  main -> main
To github.com:tsy-del/tqqq.git
   00bf36c..35455cb  main -> gh-pages
Fetching highest frequency prices (v4.1) from yfinance...
Update and push completed successfully.
/Users/tsy/Library/Python/3.9/lib/python/site-packages/urllib3/__init__.py:35: NotOpenSSLWarning: urllib3 v2 only supports OpenSSL 1.1.1+, currently the 'ssl' module is compiled with 'LibreSSL 2.8.3'. See: https://github.com/urllib3/urllib3/issues/3020
  warnings.warn(
From github.com:tsy-del/tqqq
 * branch            main       -> FETCH_HEAD
HEAD is now at 35455cb v4.4: Auto Cloud Sync config at 2026-06-08 18:00:08
[main 85ebaf9] v4.4: Auto Cloud Sync config at 2026-06-08 18:15:07
 2 files changed, 49 insertions(+), 49 deletions(-)
To github.com:tsy-del/tqqq.git
   35455cb..85ebaf9  main -> main
To github.com:tsy-del/tqqq.git
   35455cb..85ebaf9  main -> gh-pages
Fetching highest frequency prices (v4.1) from yfinance...
Update and push completed successfully.
/Users/tsy/Library/Python/3.9/lib/python/site-packages/urllib3/__init__.py:35: NotOpenSSLWarning: urllib3 v2 only supports OpenSSL 1.1.1+, currently the 'ssl' module is compiled with 'LibreSSL 2.8.3'. See: https://github.com/urllib3/urllib3/issues/3020
  warnings.warn(
From github.com:tsy-del/tqqq
 * branch            main       -> FETCH_HEAD
HEAD is now at 85ebaf9 v4.4: Auto Cloud Sync config at 2026-06-08 18:15:07
[main c3fe9c6] v4.4: Auto Cloud Sync config at 2026-06-08 18:30:07
 2 files changed, 49 insertions(+), 49 deletions(-)
To github.com:tsy-del/tqqq.git
   85ebaf9..c3fe9c6  main -> main
To github.com:tsy-del/tqqq.git
   85ebaf9..c3fe9c6  main -> gh-pages
Fetching highest frequency prices (v4.1) from yfinance...
Update and push completed successfully.
/Users/tsy/Library/Python/3.9/lib/python/site-packages/urllib3/__init__.py:35: NotOpenSSLWarning: urllib3 v2 only supports OpenSSL 1.1.1+, currently the 'ssl' module is compiled with 'LibreSSL 2.8.3'. See: https://github.com/urllib3/urllib3/issues/3020
  warnings.warn(
From github.com:tsy-del/tqqq
 * branch            main       -> FETCH_HEAD
HEAD is now at c3fe9c6 v4.4: Auto Cloud Sync config at 2026-06-08 18:30:07
[main da85b71] v4.4: Auto Cloud Sync config at 2026-06-08 18:45:07
 2 files changed, 49 insertions(+), 49 deletions(-)
To github.com:tsy-del/tqqq.git
   c3fe9c6..da85b71  main -> main
To github.com:tsy-del/tqqq.git
   c3fe9c6..da85b71  main -> gh-pages
Fetching highest frequency prices (v4.1) from yfinance...
Update and push completed successfully.
/Users/tsy/Library/Python/3.9/lib/python/site-packages/urllib3/__init__.py:35: NotOpenSSLWarning: urllib3 v2 only supports OpenSSL 1.1.1+, currently the 'ssl' module is compiled with 'LibreSSL 2.8.3'. See: https://github.com/urllib3/urllib3/issues/3020
  warnings.warn(
From github.com:tsy-del/tqqq
 * branch            main       -> FETCH_HEAD
HEAD is now at da85b71 v4.4: Auto Cloud Sync config at 2026-06-08 18:45:07
[main 036cc81] v4.4: Auto Cloud Sync config at 2026-06-08 19:00:07
 2 files changed, 49 insertions(+), 49 deletions(-)
To github.com:tsy-del/tqqq.git
   da85b71..036cc81  main -> main
To github.com:tsy-del/tqqq.git
   da85b71..036cc81  main -> gh-pages
Fetching highest frequency prices (v4.1) from yfinance...
Update and push completed successfully.
/Users/tsy/Library/Python/3.9/lib/python/site-packages/urllib3/__init__.py:35: NotOpenSSLWarning: urllib3 v2 only supports OpenSSL 1.1.1+, currently the 'ssl' module is compiled with 'LibreSSL 2.8.3'. See: https://github.com/urllib3/urllib3/issues/3020
  warnings.warn(
From github.com:tsy-del/tqqq
 * branch            main       -> FETCH_HEAD
HEAD is now at 036cc81 v4.4: Auto Cloud Sync config at 2026-06-08 19:00:07
[main 664b2d1] v4.4: Auto Cloud Sync config at 2026-06-08 19:15:08
 2 files changed, 49 insertions(+), 49 deletions(-)
To github.com:tsy-del/tqqq.git
   036cc81..664b2d1  main -> main
To github.com:tsy-del/tqqq.git
   036cc81..664b2d1  main -> gh-pages
Fetching highest frequency prices (v4.1) from yfinance...
Update and push completed successfully.
/Users/tsy/Library/Python/3.9/lib/python/site-packages/urllib3/__init__.py:35: NotOpenSSLWarning: urllib3 v2 only supports OpenSSL 1.1.1+, currently the 'ssl' module is compiled with 'LibreSSL 2.8.3'. See: https://github.com/urllib3/urllib3/issues/3020
  warnings.warn(
From github.com:tsy-del/tqqq
 * branch            main       -> FETCH_HEAD
HEAD is now at 664b2d1 v4.4: Auto Cloud Sync config at 2026-06-08 19:15:08
[main 4c371d4] v4.4: Auto Cloud Sync config at 2026-06-08 19:30:07
 2 files changed, 49 insertions(+), 49 deletions(-)
To github.com:tsy-del/tqqq.git
   664b2d1..4c371d4  main -> main
To github.com:tsy-del/tqqq.git
   664b2d1..4c371d4  main -> gh-pages
Fetching highest frequency prices (v4.1) from yfinance...
Update and push completed successfully.
/Users/tsy/Library/Python/3.9/lib/python/site-packages/urllib3/__init__.py:35: NotOpenSSLWarning: urllib3 v2 only supports OpenSSL 1.1.1+, currently the 'ssl' module is compiled with 'LibreSSL 2.8.3'. See: https://github.com/urllib3/urllib3/issues/3020
  warnings.warn(
From github.com:tsy-del/tqqq
 * branch            main       -> FETCH_HEAD
HEAD is now at 4c371d4 v4.4: Auto Cloud Sync config at 2026-06-08 19:30:07
[main ac4c129] v4.4: Auto Cloud Sync config at 2026-06-08 19:45:08
 2 files changed, 47 insertions(+), 47 deletions(-)
To github.com:tsy-del/tqqq.git
   4c371d4..ac4c129  main -> main
To github.com:tsy-del/tqqq.git
   4c371d4..ac4c129  main -> gh-pages
Fetching highest frequency prices (v4.1) from yfinance...
Update and push completed successfully.
/Users/tsy/Library/Python/3.9/lib/python/site-packages/urllib3/__init__.py:35: NotOpenSSLWarning: urllib3 v2 only supports OpenSSL 1.1.1+, currently the 'ssl' module is compiled with 'LibreSSL 2.8.3'. See: https://github.com/urllib3/urllib3/issues/3020
  warnings.warn(
From github.com:tsy-del/tqqq
 * branch            main       -> FETCH_HEAD
HEAD is now at ac4c129 v4.4: Auto Cloud Sync config at 2026-06-08 19:45:08
[main d118a50] v4.4: Auto Cloud Sync config at 2026-06-08 20:00:07
 2 files changed, 49 insertions(+), 49 deletions(-)
To github.com:tsy-del/tqqq.git
   ac4c129..d118a50  main -> main
To github.com:tsy-del/tqqq.git
   ac4c129..d118a50  main -> gh-pages
Fetching highest frequency prices (v4.1) from yfinance...
Update and push completed successfully.
/Users/tsy/Library/Python/3.9/lib/python/site-packages/urllib3/__init__.py:35: NotOpenSSLWarning: urllib3 v2 only supports OpenSSL 1.1.1+, currently the 'ssl' module is compiled with 'LibreSSL 2.8.3'. See: https://github.com/urllib3/urllib3/issues/3020
  warnings.warn(
From github.com:tsy-del/tqqq
 * branch            main       -> FETCH_HEAD
HEAD is now at d118a50 v4.4: Auto Cloud Sync config at 2026-06-08 20:00:07
[main 251cad6] v4.4: Auto Cloud Sync config at 2026-06-08 20:15:08
 2 files changed, 49 insertions(+), 49 deletions(-)
To github.com:tsy-del/tqqq.git
   d118a50..251cad6  main -> main
To github.com:tsy-del/tqqq.git
   d118a50..251cad6  main -> gh-pages
Fetching highest frequency prices (v4.1) from yfinance...
Update and push completed successfully.
/Users/tsy/Library/Python/3.9/lib/python/site-packages/urllib3/__init__.py:35: NotOpenSSLWarning: urllib3 v2 only supports OpenSSL 1.1.1+, currently the 'ssl' module is compiled with 'LibreSSL 2.8.3'. See: https://github.com/urllib3/urllib3/issues/3020
  warnings.warn(
From github.com:tsy-del/tqqq
 * branch            main       -> FETCH_HEAD
HEAD is now at 251cad6 v4.4: Auto Cloud Sync config at 2026-06-08 20:15:08
[main 211b13b] v4.4: Auto Cloud Sync config at 2026-06-08 20:30:08
 2 files changed, 49 insertions(+), 49 deletions(-)
To github.com:tsy-del/tqqq.git
   251cad6..211b13b  main -> main
To github.com:tsy-del/tqqq.git
   251cad6..211b13b  main -> gh-pages
Fetching highest frequency prices (v4.1) from yfinance...
Update and push completed successfully.
/Users/tsy/Library/Python/3.9/lib/python/site-packages/urllib3/__init__.py:35: NotOpenSSLWarning: urllib3 v2 only supports OpenSSL 1.1.1+, currently the 'ssl' module is compiled with 'LibreSSL 2.8.3'. See: https://github.com/urllib3/urllib3/issues/3020
  warnings.warn(
From github.com:tsy-del/tqqq
 * branch            main       -> FETCH_HEAD
HEAD is now at 211b13b v4.4: Auto Cloud Sync config at 2026-06-08 20:30:08
[main 96e62d0] v4.4: Auto Cloud Sync config at 2026-06-08 20:45:07
 2 files changed, 49 insertions(+), 49 deletions(-)
To github.com:tsy-del/tqqq.git
   211b13b..96e62d0  main -> main
To github.com:tsy-del/tqqq.git
   211b13b..96e62d0  main -> gh-pages
Fetching highest frequency prices (v4.1) from yfinance...
Update and push completed successfully.
/Users/tsy/Library/Python/3.9/lib/python/site-packages/urllib3/__init__.py:35: NotOpenSSLWarning: urllib3 v2 only supports OpenSSL 1.1.1+, currently the 'ssl' module is compiled with 'LibreSSL 2.8.3'. See: https://github.com/urllib3/urllib3/issues/3020
  warnings.warn(
From github.com:tsy-del/tqqq
 * branch            main       -> FETCH_HEAD
HEAD is now at 96e62d0 v4.4: Auto Cloud Sync config at 2026-06-08 20:45:07
[main 718f625] v4.4: Auto Cloud Sync config at 2026-06-08 21:00:08
 2 files changed, 46 insertions(+), 46 deletions(-)
To github.com:tsy-del/tqqq.git
   96e62d0..718f625  main -> main
To github.com:tsy-del/tqqq.git
   96e62d0..718f625  main -> gh-pages
Fetching highest frequency prices (v4.1) from yfinance...
Update and push completed successfully.
/Users/tsy/Library/Python/3.9/lib/python/site-packages/urllib3/__init__.py:35: NotOpenSSLWarning: urllib3 v2 only supports OpenSSL 1.1.1+, currently the 'ssl' module is compiled with 'LibreSSL 2.8.3'. See: https://github.com/urllib3/urllib3/issues/3020
  warnings.warn(
From github.com:tsy-del/tqqq
 * branch            main       -> FETCH_HEAD
HEAD is now at 718f625 v4.4: Auto Cloud Sync config at 2026-06-08 21:00:08
[main ea7b37f] v4.4: Auto Cloud Sync config at 2026-06-08 21:15:11
 2 files changed, 49 insertions(+), 49 deletions(-)
To github.com:tsy-del/tqqq.git
   718f625..ea7b37f  main -> main
To github.com:tsy-del/tqqq.git
   718f625..ea7b37f  main -> gh-pages
Fetching highest frequency prices (v4.1) from yfinance...
Update and push completed successfully.
/Users/tsy/Library/Python/3.9/lib/python/site-packages/urllib3/__init__.py:35: NotOpenSSLWarning: urllib3 v2 only supports OpenSSL 1.1.1+, currently the 'ssl' module is compiled with 'LibreSSL 2.8.3'. See: https://github.com/urllib3/urllib3/issues/3020
  warnings.warn(
From github.com:tsy-del/tqqq
 * branch            main       -> FETCH_HEAD
HEAD is now at ea7b37f v4.4: Auto Cloud Sync config at 2026-06-08 21:15:11
Fetching highest frequency prices (v4.1) from yfinance...
Error: Failed to perform, curl: (28) Connection timed out after 30003 milliseconds. See https://curl.se/libcurl/c/libcurl-errors.html first for more details.
/Users/tsy/Library/Python/3.9/lib/python/site-packages/urllib3/__init__.py:35: NotOpenSSLWarning: urllib3 v2 only supports OpenSSL 1.1.1+, currently the 'ssl' module is compiled with 'LibreSSL 2.8.3'. See: https://github.com/urllib3/urllib3/issues/3020
  warnings.warn(
From github.com:tsy-del/tqqq
 * branch            main       -> FETCH_HEAD
HEAD is now at ea7b37f v4.4: Auto Cloud Sync config at 2026-06-08 21:15:11
[main 373f059] v4.4: Auto Cloud Sync config at 2026-06-08 21:45:09
 2 files changed, 49 insertions(+), 49 deletions(-)
To github.com:tsy-del/tqqq.git
   ea7b37f..373f059  main -> main
To github.com:tsy-del/tqqq.git
   ea7b37f..373f059  main -> gh-pages
Fetching highest frequency prices (v4.1) from yfinance...
Update and push completed successfully.
/Users/tsy/Library/Python/3.9/lib/python/site-packages/urllib3/__init__.py:35: NotOpenSSLWarning: urllib3 v2 only supports OpenSSL 1.1.1+, currently the 'ssl' module is compiled with 'LibreSSL 2.8.3'. See: https://github.com/urllib3/urllib3/issues/3020
  warnings.warn(
From github.com:tsy-del/tqqq
 * branch            main       -> FETCH_HEAD
HEAD is now at 373f059 v4.4: Auto Cloud Sync config at 2026-06-08 21:45:09
[main e974669] v4.4: Auto Cloud Sync config at 2026-06-08 22:00:12
 2 files changed, 49 insertions(+), 49 deletions(-)
To github.com:tsy-del/tqqq.git
   373f059..e974669  main -> main
To github.com:tsy-del/tqqq.git
   373f059..e974669  main -> gh-pages
Fetching highest frequency prices (v4.1) from yfinance...
Update and push completed successfully.
/Users/tsy/Library/Python/3.9/lib/python/site-packages/urllib3/__init__.py:35: NotOpenSSLWarning: urllib3 v2 only supports OpenSSL 1.1.1+, currently the 'ssl' module is compiled with 'LibreSSL 2.8.3'. See: https://github.com/urllib3/urllib3/issues/3020
  warnings.warn(
From github.com:tsy-del/tqqq
 * branch            main       -> FETCH_HEAD
HEAD is now at e974669 v4.4: Auto Cloud Sync config at 2026-06-08 22:00:12
Fetching highest frequency prices (v4.1) from yfinance...
Error: Failed to perform, curl: (28) Connection timed out after 30002 milliseconds. See https://curl.se/libcurl/c/libcurl-errors.html first for more details.
/Users/tsy/Library/Python/3.9/lib/python/site-packages/urllib3/__init__.py:35: NotOpenSSLWarning: urllib3 v2 only supports OpenSSL 1.1.1+, currently the 'ssl' module is compiled with 'LibreSSL 2.8.3'. See: https://github.com/urllib3/urllib3/issues/3020
  warnings.warn(
From github.com:tsy-del/tqqq
 * branch            main       -> FETCH_HEAD
HEAD is now at e974669 v4.4: Auto Cloud Sync config at 2026-06-08 22:00:12
[main 5882dc6] v4.4: Auto Cloud Sync config at 2026-06-08 22:30:16
 2 files changed, 49 insertions(+), 49 deletions(-)
To github.com:tsy-del/tqqq.git
   e974669..5882dc6  main -> main
To github.com:tsy-del/tqqq.git
   e974669..5882dc6  main -> gh-pages
Fetching highest frequency prices (v4.1) from yfinance...
Update and push completed successfully.
/Users/tsy/Library/Python/3.9/lib/python/site-packages/urllib3/__init__.py:35: NotOpenSSLWarning: urllib3 v2 only supports OpenSSL 1.1.1+, currently the 'ssl' module is compiled with 'LibreSSL 2.8.3'. See: https://github.com/urllib3/urllib3/issues/3020
  warnings.warn(
From github.com:tsy-del/tqqq
 * branch            main       -> FETCH_HEAD
HEAD is now at 5882dc6 v4.4: Auto Cloud Sync config at 2026-06-08 22:30:16
[main 6b18814] v4.4: Auto Cloud Sync config at 2026-06-08 22:45:33
 2 files changed, 49 insertions(+), 49 deletions(-)
To github.com:tsy-del/tqqq.git
   5882dc6..6b18814  main -> main
To github.com:tsy-del/tqqq.git
   5882dc6..6b18814  main -> gh-pages
Fetching highest frequency prices (v4.1) from yfinance...
Update and push completed successfully.
/Users/tsy/Library/Python/3.9/lib/python/site-packages/urllib3/__init__.py:35: NotOpenSSLWarning: urllib3 v2 only supports OpenSSL 1.1.1+, currently the 'ssl' module is compiled with 'LibreSSL 2.8.3'. See: https://github.com/urllib3/urllib3/issues/3020
  warnings.warn(
From github.com:tsy-del/tqqq
 * branch            main       -> FETCH_HEAD
HEAD is now at 6b18814 v4.4: Auto Cloud Sync config at 2026-06-08 22:45:33
[main bffb915] v4.4: Auto Cloud Sync config at 2026-06-08 23:00:16
 2 files changed, 49 insertions(+), 49 deletions(-)
To github.com:tsy-del/tqqq.git
   6b18814..bffb915  main -> main
To github.com:tsy-del/tqqq.git
   6b18814..bffb915  main -> gh-pages
Fetching highest frequency prices (v4.1) from yfinance...
Update and push completed successfully.
/Users/tsy/Library/Python/3.9/lib/python/site-packages/urllib3/__init__.py:35: NotOpenSSLWarning: urllib3 v2 only supports OpenSSL 1.1.1+, currently the 'ssl' module is compiled with 'LibreSSL 2.8.3'. See: https://github.com/urllib3/urllib3/issues/3020
  warnings.warn(
From github.com:tsy-del/tqqq
 * branch            main       -> FETCH_HEAD
HEAD is now at bffb915 v4.4: Auto Cloud Sync config at 2026-06-08 23:00:16
[main 806805e] v4.4: Auto Cloud Sync config at 2026-06-08 23:15:10
 2 files changed, 49 insertions(+), 49 deletions(-)
To github.com:tsy-del/tqqq.git
   bffb915..806805e  main -> main
To github.com:tsy-del/tqqq.git
   bffb915..806805e  main -> gh-pages
Fetching highest frequency prices (v4.1) from yfinance...
Update and push completed successfully.
/Users/tsy/Library/Python/3.9/lib/python/site-packages/urllib3/__init__.py:35: NotOpenSSLWarning: urllib3 v2 only supports OpenSSL 1.1.1+, currently the 'ssl' module is compiled with 'LibreSSL 2.8.3'. See: https://github.com/urllib3/urllib3/issues/3020
  warnings.warn(
From github.com:tsy-del/tqqq
 * branch            main       -> FETCH_HEAD
HEAD is now at 806805e v4.4: Auto Cloud Sync config at 2026-06-08 23:15:10
[main cf35739] v4.4: Auto Cloud Sync config at 2026-06-08 23:30:12
 2 files changed, 49 insertions(+), 49 deletions(-)
To github.com:tsy-del/tqqq.git
   806805e..cf35739  main -> main
To github.com:tsy-del/tqqq.git
   806805e..cf35739  main -> gh-pages
Fetching highest frequency prices (v4.1) from yfinance...
Update and push completed successfully.
/Users/tsy/Library/Python/3.9/lib/python/site-packages/urllib3/__init__.py:35: NotOpenSSLWarning: urllib3 v2 only supports OpenSSL 1.1.1+, currently the 'ssl' module is compiled with 'LibreSSL 2.8.3'. See: https://github.com/urllib3/urllib3/issues/3020
  warnings.warn(
From github.com:tsy-del/tqqq
 * branch            main       -> FETCH_HEAD
HEAD is now at cf35739 v4.4: Auto Cloud Sync config at 2026-06-08 23:30:12
[main 3aded32] v4.4: Auto Cloud Sync config at 2026-06-08 23:45:15
 2 files changed, 49 insertions(+), 49 deletions(-)
To github.com:tsy-del/tqqq.git
   cf35739..3aded32  main -> main
To github.com:tsy-del/tqqq.git
   cf35739..3aded32  main -> gh-pages
Fetching highest frequency prices (v4.1) from yfinance...
Update and push completed successfully.
/Users/tsy/Library/Python/3.9/lib/python/site-packages/urllib3/__init__.py:35: NotOpenSSLWarning: urllib3 v2 only supports OpenSSL 1.1.1+, currently the 'ssl' module is compiled with 'LibreSSL 2.8.3'. See: https://github.com/urllib3/urllib3/issues/3020
  warnings.warn(
From github.com:tsy-del/tqqq
 * branch            main       -> FETCH_HEAD
HEAD is now at 3aded32 v4.4: Auto Cloud Sync config at 2026-06-08 23:45:15
[main 0c8b173] v4.4: Auto Cloud Sync config at 2026-06-09 00:00:10
 2 files changed, 49 insertions(+), 49 deletions(-)
To github.com:tsy-del/tqqq.git
   3aded32..0c8b173  main -> main
To github.com:tsy-del/tqqq.git
   3aded32..0c8b173  main -> gh-pages
Fetching highest frequency prices (v4.1) from yfinance...
Update and push completed successfully.
/Users/tsy/Library/Python/3.9/lib/python/site-packages/urllib3/__init__.py:35: NotOpenSSLWarning: urllib3 v2 only supports OpenSSL 1.1.1+, currently the 'ssl' module is compiled with 'LibreSSL 2.8.3'. See: https://github.com/urllib3/urllib3/issues/3020
  warnings.warn(
From github.com:tsy-del/tqqq
 * branch            main       -> FETCH_HEAD
HEAD is now at 0c8b173 v4.4: Auto Cloud Sync config at 2026-06-09 00:00:10
[main b14dfd1] v4.4: Auto Cloud Sync config at 2026-06-09 00:15:08
 2 files changed, 49 insertions(+), 49 deletions(-)
To github.com:tsy-del/tqqq.git
   0c8b173..b14dfd1  main -> main
To github.com:tsy-del/tqqq.git
   0c8b173..b14dfd1  main -> gh-pages
Fetching highest frequency prices (v4.1) from yfinance...
Update and push completed successfully.
/Users/tsy/Library/Python/3.9/lib/python/site-packages/urllib3/__init__.py:35: NotOpenSSLWarning: urllib3 v2 only supports OpenSSL 1.1.1+, currently the 'ssl' module is compiled with 'LibreSSL 2.8.3'. See: https://github.com/urllib3/urllib3/issues/3020
  warnings.warn(
From github.com:tsy-del/tqqq
 * branch            main       -> FETCH_HEAD
HEAD is now at b14dfd1 v4.4: Auto Cloud Sync config at 2026-06-09 00:15:08
[main e1c86cc] v4.4: Auto Cloud Sync config at 2026-06-09 00:30:07
 2 files changed, 49 insertions(+), 49 deletions(-)
To github.com:tsy-del/tqqq.git
   b14dfd1..e1c86cc  main -> main
To github.com:tsy-del/tqqq.git
   b14dfd1..e1c86cc  main -> gh-pages
Fetching highest frequency prices (v4.1) from yfinance...
Update and push completed successfully.
/Users/tsy/Library/Python/3.9/lib/python/site-packages/urllib3/__init__.py:35: NotOpenSSLWarning: urllib3 v2 only supports OpenSSL 1.1.1+, currently the 'ssl' module is compiled with 'LibreSSL 2.8.3'. See: https://github.com/urllib3/urllib3/issues/3020
  warnings.warn(
From github.com:tsy-del/tqqq
 * branch            main       -> FETCH_HEAD
HEAD is now at e1c86cc v4.4: Auto Cloud Sync config at 2026-06-09 00:30:07
[main 1e11c4f] v4.4: Auto Cloud Sync config at 2026-06-09 00:45:08
 2 files changed, 45 insertions(+), 45 deletions(-)
To github.com:tsy-del/tqqq.git
   e1c86cc..1e11c4f  main -> main
To github.com:tsy-del/tqqq.git
   e1c86cc..1e11c4f  main -> gh-pages
Fetching highest frequency prices (v4.1) from yfinance...
Update and push completed successfully.
/Users/tsy/Library/Python/3.9/lib/python/site-packages/urllib3/__init__.py:35: NotOpenSSLWarning: urllib3 v2 only supports OpenSSL 1.1.1+, currently the 'ssl' module is compiled with 'LibreSSL 2.8.3'. See: https://github.com/urllib3/urllib3/issues/3020
  warnings.warn(
From github.com:tsy-del/tqqq
 * branch            main       -> FETCH_HEAD
HEAD is now at 1e11c4f v4.4: Auto Cloud Sync config at 2026-06-09 00:45:08
[main ef3f697] v4.4: Auto Cloud Sync config at 2026-06-09 01:00:07
 2 files changed, 49 insertions(+), 49 deletions(-)
To github.com:tsy-del/tqqq.git
   1e11c4f..ef3f697  main -> main
To github.com:tsy-del/tqqq.git
   1e11c4f..ef3f697  main -> gh-pages
Fetching highest frequency prices (v4.1) from yfinance...
Update and push completed successfully.
/Users/tsy/Library/Python/3.9/lib/python/site-packages/urllib3/__init__.py:35: NotOpenSSLWarning: urllib3 v2 only supports OpenSSL 1.1.1+, currently the 'ssl' module is compiled with 'LibreSSL 2.8.3'. See: https://github.com/urllib3/urllib3/issues/3020
  warnings.warn(
From github.com:tsy-del/tqqq
 * branch            main       -> FETCH_HEAD
HEAD is now at ef3f697 v4.4: Auto Cloud Sync config at 2026-06-09 01:00:07
[main 8948b05] v4.4: Auto Cloud Sync config at 2026-06-09 01:15:07
 2 files changed, 49 insertions(+), 49 deletions(-)
To github.com:tsy-del/tqqq.git
   ef3f697..8948b05  main -> main
To github.com:tsy-del/tqqq.git
   ef3f697..8948b05  main -> gh-pages
Fetching highest frequency prices (v4.1) from yfinance...
Update and push completed successfully.
/Users/tsy/Library/Python/3.9/lib/python/site-packages/urllib3/__init__.py:35: NotOpenSSLWarning: urllib3 v2 only supports OpenSSL 1.1.1+, currently the 'ssl' module is compiled with 'LibreSSL 2.8.3'. See: https://github.com/urllib3/urllib3/issues/3020
  warnings.warn(
From github.com:tsy-del/tqqq
 * branch            main       -> FETCH_HEAD
HEAD is now at 8948b05 v4.4: Auto Cloud Sync config at 2026-06-09 01:15:07
[main c198f28] v4.4: Auto Cloud Sync config at 2026-06-09 01:30:07
 2 files changed, 49 insertions(+), 49 deletions(-)
To github.com:tsy-del/tqqq.git
   8948b05..c198f28  main -> main
To github.com:tsy-del/tqqq.git
   8948b05..c198f28  main -> gh-pages
Fetching highest frequency prices (v4.1) from yfinance...
Update and push completed successfully.
/Users/tsy/Library/Python/3.9/lib/python/site-packages/urllib3/__init__.py:35: NotOpenSSLWarning: urllib3 v2 only supports OpenSSL 1.1.1+, currently the 'ssl' module is compiled with 'LibreSSL 2.8.3'. See: https://github.com/urllib3/urllib3/issues/3020
  warnings.warn(
From github.com:tsy-del/tqqq
 * branch            main       -> FETCH_HEAD
HEAD is now at c198f28 v4.4: Auto Cloud Sync config at 2026-06-09 01:30:07
[main 1677a04] v4.4: Auto Cloud Sync config at 2026-06-09 01:45:08
 2 files changed, 49 insertions(+), 49 deletions(-)
To github.com:tsy-del/tqqq.git
   c198f28..1677a04  main -> main
To github.com:tsy-del/tqqq.git
   c198f28..1677a04  main -> gh-pages
Fetching highest frequency prices (v4.1) from yfinance...
Update and push completed successfully.
/Users/tsy/Library/Python/3.9/lib/python/site-packages/urllib3/__init__.py:35: NotOpenSSLWarning: urllib3 v2 only supports OpenSSL 1.1.1+, currently the 'ssl' module is compiled with 'LibreSSL 2.8.3'. See: https://github.com/urllib3/urllib3/issues/3020
  warnings.warn(
From github.com:tsy-del/tqqq
 * branch            main       -> FETCH_HEAD
HEAD is now at 1677a04 v4.4: Auto Cloud Sync config at 2026-06-09 01:45:08
[main c7e7dea] v4.4: Auto Cloud Sync config at 2026-06-09 02:00:08
 2 files changed, 49 insertions(+), 49 deletions(-)
To github.com:tsy-del/tqqq.git
   1677a04..c7e7dea  main -> main
To github.com:tsy-del/tqqq.git
   1677a04..c7e7dea  main -> gh-pages
Fetching highest frequency prices (v4.1) from yfinance...
Update and push completed successfully.
/Users/tsy/Library/Python/3.9/lib/python/site-packages/urllib3/__init__.py:35: NotOpenSSLWarning: urllib3 v2 only supports OpenSSL 1.1.1+, currently the 'ssl' module is compiled with 'LibreSSL 2.8.3'. See: https://github.com/urllib3/urllib3/issues/3020
  warnings.warn(
From github.com:tsy-del/tqqq
 * branch            main       -> FETCH_HEAD
HEAD is now at c7e7dea v4.4: Auto Cloud Sync config at 2026-06-09 02:00:08
[main afe2135] v4.4: Auto Cloud Sync config at 2026-06-09 02:15:07
 2 files changed, 45 insertions(+), 45 deletions(-)
To github.com:tsy-del/tqqq.git
   c7e7dea..afe2135  main -> main
To github.com:tsy-del/tqqq.git
   c7e7dea..afe2135  main -> gh-pages
Fetching highest frequency prices (v4.1) from yfinance...
Update and push completed successfully.
/Users/tsy/Library/Python/3.9/lib/python/site-packages/urllib3/__init__.py:35: NotOpenSSLWarning: urllib3 v2 only supports OpenSSL 1.1.1+, currently the 'ssl' module is compiled with 'LibreSSL 2.8.3'. See: https://github.com/urllib3/urllib3/issues/3020
  warnings.warn(
From github.com:tsy-del/tqqq
 * branch            main       -> FETCH_HEAD
HEAD is now at afe2135 v4.4: Auto Cloud Sync config at 2026-06-09 02:15:07
[main 7616875] v4.4: Auto Cloud Sync config at 2026-06-09 02:30:08
 2 files changed, 48 insertions(+), 48 deletions(-)
To github.com:tsy-del/tqqq.git
   afe2135..7616875  main -> main
To github.com:tsy-del/tqqq.git
   afe2135..7616875  main -> gh-pages
Fetching highest frequency prices (v4.1) from yfinance...
Update and push completed successfully.
/Users/tsy/Library/Python/3.9/lib/python/site-packages/urllib3/__init__.py:35: NotOpenSSLWarning: urllib3 v2 only supports OpenSSL 1.1.1+, currently the 'ssl' module is compiled with 'LibreSSL 2.8.3'. See: https://github.com/urllib3/urllib3/issues/3020
  warnings.warn(
From github.com:tsy-del/tqqq
 * branch            main       -> FETCH_HEAD
HEAD is now at 7616875 v4.4: Auto Cloud Sync config at 2026-06-09 02:30:08
[main 9ce1905] v4.4: Auto Cloud Sync config at 2026-06-09 02:45:07
 2 files changed, 49 insertions(+), 49 deletions(-)
To github.com:tsy-del/tqqq.git
   7616875..9ce1905  main -> main
To github.com:tsy-del/tqqq.git
   7616875..9ce1905  main -> gh-pages
Fetching highest frequency prices (v4.1) from yfinance...
Update and push completed successfully.
/Users/tsy/Library/Python/3.9/lib/python/site-packages/urllib3/__init__.py:35: NotOpenSSLWarning: urllib3 v2 only supports OpenSSL 1.1.1+, currently the 'ssl' module is compiled with 'LibreSSL 2.8.3'. See: https://github.com/urllib3/urllib3/issues/3020
  warnings.warn(
From github.com:tsy-del/tqqq
 * branch            main       -> FETCH_HEAD
HEAD is now at 9ce1905 v4.4: Auto Cloud Sync config at 2026-06-09 02:45:07
[main 084deba] v4.4: Auto Cloud Sync config at 2026-06-09 03:00:07
 2 files changed, 48 insertions(+), 48 deletions(-)
To github.com:tsy-del/tqqq.git
   9ce1905..084deba  main -> main
To github.com:tsy-del/tqqq.git
   9ce1905..084deba  main -> gh-pages
Fetching highest frequency prices (v4.1) from yfinance...
Update and push completed successfully.
/Users/tsy/Library/Python/3.9/lib/python/site-packages/urllib3/__init__.py:35: NotOpenSSLWarning: urllib3 v2 only supports OpenSSL 1.1.1+, currently the 'ssl' module is compiled with 'LibreSSL 2.8.3'. See: https://github.com/urllib3/urllib3/issues/3020
  warnings.warn(
From github.com:tsy-del/tqqq
 * branch            main       -> FETCH_HEAD
HEAD is now at 084deba v4.4: Auto Cloud Sync config at 2026-06-09 03:00:07
[main 7482fc0] v4.4: Auto Cloud Sync config at 2026-06-09 03:15:07
 2 files changed, 49 insertions(+), 49 deletions(-)
To github.com:tsy-del/tqqq.git
   084deba..7482fc0  main -> main
To github.com:tsy-del/tqqq.git
   084deba..7482fc0  main -> gh-pages
Fetching highest frequency prices (v4.1) from yfinance...
Update and push completed successfully.
/Users/tsy/Library/Python/3.9/lib/python/site-packages/urllib3/__init__.py:35: NotOpenSSLWarning: urllib3 v2 only supports OpenSSL 1.1.1+, currently the 'ssl' module is compiled with 'LibreSSL 2.8.3'. See: https://github.com/urllib3/urllib3/issues/3020
  warnings.warn(
From github.com:tsy-del/tqqq
 * branch            main       -> FETCH_HEAD
HEAD is now at 7482fc0 v4.4: Auto Cloud Sync config at 2026-06-09 03:15:07
[main 775e743] v4.4: Auto Cloud Sync config at 2026-06-09 03:30:07
 2 files changed, 28 insertions(+), 28 deletions(-)
To github.com:tsy-del/tqqq.git
   7482fc0..775e743  main -> main
To github.com:tsy-del/tqqq.git
   7482fc0..775e743  main -> gh-pages
Fetching highest frequency prices (v4.1) from yfinance...
Update and push completed successfully.
/Users/tsy/Library/Python/3.9/lib/python/site-packages/urllib3/__init__.py:35: NotOpenSSLWarning: urllib3 v2 only supports OpenSSL 1.1.1+, currently the 'ssl' module is compiled with 'LibreSSL 2.8.3'. See: https://github.com/urllib3/urllib3/issues/3020
  warnings.warn(
From github.com:tsy-del/tqqq
 * branch            main       -> FETCH_HEAD
HEAD is now at 775e743 v4.4: Auto Cloud Sync config at 2026-06-09 03:30:07
[main e3d593e] v4.4: Auto Cloud Sync config at 2026-06-09 03:45:06
 2 files changed, 48 insertions(+), 48 deletions(-)
To github.com:tsy-del/tqqq.git
   775e743..e3d593e  main -> main
To github.com:tsy-del/tqqq.git
   775e743..e3d593e  main -> gh-pages
Fetching highest frequency prices (v4.1) from yfinance...
Update and push completed successfully.
/Users/tsy/Library/Python/3.9/lib/python/site-packages/urllib3/__init__.py:35: NotOpenSSLWarning: urllib3 v2 only supports OpenSSL 1.1.1+, currently the 'ssl' module is compiled with 'LibreSSL 2.8.3'. See: https://github.com/urllib3/urllib3/issues/3020
  warnings.warn(
From github.com:tsy-del/tqqq
 * branch            main       -> FETCH_HEAD
HEAD is now at e3d593e v4.4: Auto Cloud Sync config at 2026-06-09 03:45:06
[main 0a3c5af] v4.4: Auto Cloud Sync config at 2026-06-09 04:00:07
 2 files changed, 49 insertions(+), 49 deletions(-)
To github.com:tsy-del/tqqq.git
   e3d593e..0a3c5af  main -> main
To github.com:tsy-del/tqqq.git
   e3d593e..0a3c5af  main -> gh-pages
Fetching highest frequency prices (v4.1) from yfinance...
Update and push completed successfully.
/Users/tsy/Library/Python/3.9/lib/python/site-packages/urllib3/__init__.py:35: NotOpenSSLWarning: urllib3 v2 only supports OpenSSL 1.1.1+, currently the 'ssl' module is compiled with 'LibreSSL 2.8.3'. See: https://github.com/urllib3/urllib3/issues/3020
  warnings.warn(
From github.com:tsy-del/tqqq
 * branch            main       -> FETCH_HEAD
HEAD is now at 0a3c5af v4.4: Auto Cloud Sync config at 2026-06-09 04:00:07
[main 58fa748] v4.4: Auto Cloud Sync config at 2026-06-09 04:15:07
 2 files changed, 47 insertions(+), 47 deletions(-)
To github.com:tsy-del/tqqq.git
   0a3c5af..58fa748  main -> main
To github.com:tsy-del/tqqq.git
   0a3c5af..58fa748  main -> gh-pages
Fetching highest frequency prices (v4.1) from yfinance...
Update and push completed successfully.
/Users/tsy/Library/Python/3.9/lib/python/site-packages/urllib3/__init__.py:35: NotOpenSSLWarning: urllib3 v2 only supports OpenSSL 1.1.1+, currently the 'ssl' module is compiled with 'LibreSSL 2.8.3'. See: https://github.com/urllib3/urllib3/issues/3020
  warnings.warn(
From github.com:tsy-del/tqqq
 * branch            main       -> FETCH_HEAD
HEAD is now at 58fa748 v4.4: Auto Cloud Sync config at 2026-06-09 04:15:07
Fetching highest frequency prices (v4.1) from yfinance...
Error: Failed to perform, curl: (28) Connection timed out after 30003 milliseconds. See https://curl.se/libcurl/c/libcurl-errors.html first for more details.
/Users/tsy/Library/Python/3.9/lib/python/site-packages/urllib3/__init__.py:35: NotOpenSSLWarning: urllib3 v2 only supports OpenSSL 1.1.1+, currently the 'ssl' module is compiled with 'LibreSSL 2.8.3'. See: https://github.com/urllib3/urllib3/issues/3020
  warnings.warn(
From github.com:tsy-del/tqqq
 * branch            main       -> FETCH_HEAD
HEAD is now at 58fa748 v4.4: Auto Cloud Sync config at 2026-06-09 04:15:07
[main e03739c] v4.4: Auto Cloud Sync config at 2026-06-09 04:45:20
 2 files changed, 48 insertions(+), 48 deletions(-)
To github.com:tsy-del/tqqq.git
   58fa748..e03739c  main -> main
To github.com:tsy-del/tqqq.git
   58fa748..e03739c  main -> gh-pages
Fetching highest frequency prices (v4.1) from yfinance...
Update and push completed successfully.
/Users/tsy/Library/Python/3.9/lib/python/site-packages/urllib3/__init__.py:35: NotOpenSSLWarning: urllib3 v2 only supports OpenSSL 1.1.1+, currently the 'ssl' module is compiled with 'LibreSSL 2.8.3'. See: https://github.com/urllib3/urllib3/issues/3020
  warnings.warn(
From github.com:tsy-del/tqqq
 * branch            main       -> FETCH_HEAD
HEAD is now at e03739c v4.4: Auto Cloud Sync config at 2026-06-09 04:45:20
[main f669f7e] v4.4: Auto Cloud Sync config at 2026-06-09 05:00:07
 2 files changed, 49 insertions(+), 49 deletions(-)
To github.com:tsy-del/tqqq.git
   e03739c..f669f7e  main -> main
To github.com:tsy-del/tqqq.git
   e03739c..f669f7e  main -> gh-pages
Fetching highest frequency prices (v4.1) from yfinance...
Update and push completed successfully.
/Users/tsy/Library/Python/3.9/lib/python/site-packages/urllib3/__init__.py:35: NotOpenSSLWarning: urllib3 v2 only supports OpenSSL 1.1.1+, currently the 'ssl' module is compiled with 'LibreSSL 2.8.3'. See: https://github.com/urllib3/urllib3/issues/3020
  warnings.warn(
From github.com:tsy-del/tqqq
 * branch            main       -> FETCH_HEAD
HEAD is now at f669f7e v4.4: Auto Cloud Sync config at 2026-06-09 05:00:07
[main ab79081] v4.4: Auto Cloud Sync config at 2026-06-09 05:15:07
 2 files changed, 49 insertions(+), 49 deletions(-)
To github.com:tsy-del/tqqq.git
   f669f7e..ab79081  main -> main
To github.com:tsy-del/tqqq.git
   f669f7e..ab79081  main -> gh-pages
Fetching highest frequency prices (v4.1) from yfinance...
Update and push completed successfully.
/Users/tsy/Library/Python/3.9/lib/python/site-packages/urllib3/__init__.py:35: NotOpenSSLWarning: urllib3 v2 only supports OpenSSL 1.1.1+, currently the 'ssl' module is compiled with 'LibreSSL 2.8.3'. See: https://github.com/urllib3/urllib3/issues/3020
  warnings.warn(
From github.com:tsy-del/tqqq
 * branch            main       -> FETCH_HEAD
HEAD is now at ab79081 v4.4: Auto Cloud Sync config at 2026-06-09 05:15:07
[main c5c630b] v4.4: Auto Cloud Sync config at 2026-06-09 05:30:07
 2 files changed, 46 insertions(+), 46 deletions(-)
To github.com:tsy-del/tqqq.git
   ab79081..c5c630b  main -> main
To github.com:tsy-del/tqqq.git
   ab79081..c5c630b  main -> gh-pages
Fetching highest frequency prices (v4.1) from yfinance...
Update and push completed successfully.
/Users/tsy/Library/Python/3.9/lib/python/site-packages/urllib3/__init__.py:35: NotOpenSSLWarning: urllib3 v2 only supports OpenSSL 1.1.1+, currently the 'ssl' module is compiled with 'LibreSSL 2.8.3'. See: https://github.com/urllib3/urllib3/issues/3020
  warnings.warn(
From github.com:tsy-del/tqqq
 * branch            main       -> FETCH_HEAD
HEAD is now at c5c630b v4.4: Auto Cloud Sync config at 2026-06-09 05:30:07
[main 87ef1f2] v4.4: Auto Cloud Sync config at 2026-06-09 05:45:07
 2 files changed, 46 insertions(+), 46 deletions(-)
To github.com:tsy-del/tqqq.git
   c5c630b..87ef1f2  main -> main
To github.com:tsy-del/tqqq.git
   c5c630b..87ef1f2  main -> gh-pages
Fetching highest frequency prices (v4.1) from yfinance...
Update and push completed successfully.
/Users/tsy/Library/Python/3.9/lib/python/site-packages/urllib3/__init__.py:35: NotOpenSSLWarning: urllib3 v2 only supports OpenSSL 1.1.1+, currently the 'ssl' module is compiled with 'LibreSSL 2.8.3'. See: https://github.com/urllib3/urllib3/issues/3020
  warnings.warn(
From github.com:tsy-del/tqqq
 * branch            main       -> FETCH_HEAD
HEAD is now at 87ef1f2 v4.4: Auto Cloud Sync config at 2026-06-09 05:45:07
[main 4a95d38] v4.4: Auto Cloud Sync config at 2026-06-09 06:00:08
 2 files changed, 44 insertions(+), 44 deletions(-)
To github.com:tsy-del/tqqq.git
   87ef1f2..4a95d38  main -> main
To github.com:tsy-del/tqqq.git
   87ef1f2..4a95d38  main -> gh-pages
Fetching highest frequency prices (v4.1) from yfinance...
Update and push completed successfully.
/Users/tsy/Library/Python/3.9/lib/python/site-packages/urllib3/__init__.py:35: NotOpenSSLWarning: urllib3 v2 only supports OpenSSL 1.1.1+, currently the 'ssl' module is compiled with 'LibreSSL 2.8.3'. See: https://github.com/urllib3/urllib3/issues/3020
  warnings.warn(
From github.com:tsy-del/tqqq
 * branch            main       -> FETCH_HEAD
HEAD is now at 4a95d38 v4.4: Auto Cloud Sync config at 2026-06-09 06:00:08
[main 8216902] v4.4: Auto Cloud Sync config at 2026-06-09 06:15:07
 2 files changed, 49 insertions(+), 49 deletions(-)
To github.com:tsy-del/tqqq.git
   4a95d38..8216902  main -> main
To github.com:tsy-del/tqqq.git
   4a95d38..8216902  main -> gh-pages
Fetching highest frequency prices (v4.1) from yfinance...
Update and push completed successfully.
/Users/tsy/Library/Python/3.9/lib/python/site-packages/urllib3/__init__.py:35: NotOpenSSLWarning: urllib3 v2 only supports OpenSSL 1.1.1+, currently the 'ssl' module is compiled with 'LibreSSL 2.8.3'. See: https://github.com/urllib3/urllib3/issues/3020
  warnings.warn(
From github.com:tsy-del/tqqq
 * branch            main       -> FETCH_HEAD
HEAD is now at 8216902 v4.4: Auto Cloud Sync config at 2026-06-09 06:15:07
[main b9a1244] v4.4: Auto Cloud Sync config at 2026-06-09 06:30:07
 2 files changed, 49 insertions(+), 49 deletions(-)
To github.com:tsy-del/tqqq.git
   8216902..b9a1244  main -> main
To github.com:tsy-del/tqqq.git
   8216902..b9a1244  main -> gh-pages
Fetching highest frequency prices (v4.1) from yfinance...
Update and push completed successfully.
/Users/tsy/Library/Python/3.9/lib/python/site-packages/urllib3/__init__.py:35: NotOpenSSLWarning: urllib3 v2 only supports OpenSSL 1.1.1+, currently the 'ssl' module is compiled with 'LibreSSL 2.8.3'. See: https://github.com/urllib3/urllib3/issues/3020
  warnings.warn(
From github.com:tsy-del/tqqq
 * branch            main       -> FETCH_HEAD
HEAD is now at b9a1244 v4.4: Auto Cloud Sync config at 2026-06-09 06:30:07
[main 4145457] v4.4: Auto Cloud Sync config at 2026-06-09 06:45:07
 2 files changed, 49 insertions(+), 49 deletions(-)
To github.com:tsy-del/tqqq.git
   b9a1244..4145457  main -> main
To github.com:tsy-del/tqqq.git
   b9a1244..4145457  main -> gh-pages
Fetching highest frequency prices (v4.1) from yfinance...
Update and push completed successfully.
/Users/tsy/Library/Python/3.9/lib/python/site-packages/urllib3/__init__.py:35: NotOpenSSLWarning: urllib3 v2 only supports OpenSSL 1.1.1+, currently the 'ssl' module is compiled with 'LibreSSL 2.8.3'. See: https://github.com/urllib3/urllib3/issues/3020
  warnings.warn(
From github.com:tsy-del/tqqq
 * branch            main       -> FETCH_HEAD
HEAD is now at 4145457 v4.4: Auto Cloud Sync config at 2026-06-09 06:45:07
[main 39f636e] v4.4: Auto Cloud Sync config at 2026-06-09 07:00:07
 2 files changed, 49 insertions(+), 49 deletions(-)
To github.com:tsy-del/tqqq.git
   4145457..39f636e  main -> main
To github.com:tsy-del/tqqq.git
   4145457..39f636e  main -> gh-pages
Fetching highest frequency prices (v4.1) from yfinance...
Update and push completed successfully.
/Users/tsy/Library/Python/3.9/lib/python/site-packages/urllib3/__init__.py:35: NotOpenSSLWarning: urllib3 v2 only supports OpenSSL 1.1.1+, currently the 'ssl' module is compiled with 'LibreSSL 2.8.3'. See: https://github.com/urllib3/urllib3/issues/3020
  warnings.warn(
From github.com:tsy-del/tqqq
 * branch            main       -> FETCH_HEAD
HEAD is now at 39f636e v4.4: Auto Cloud Sync config at 2026-06-09 07:00:07
[main 3b12b5c] v4.4: Auto Cloud Sync config at 2026-06-09 07:15:07
 2 files changed, 49 insertions(+), 49 deletions(-)
To github.com:tsy-del/tqqq.git
   39f636e..3b12b5c  main -> main
To github.com:tsy-del/tqqq.git
   39f636e..3b12b5c  main -> gh-pages
Fetching highest frequency prices (v4.1) from yfinance...
Update and push completed successfully.
/Users/tsy/Library/Python/3.9/lib/python/site-packages/urllib3/__init__.py:35: NotOpenSSLWarning: urllib3 v2 only supports OpenSSL 1.1.1+, currently the 'ssl' module is compiled with 'LibreSSL 2.8.3'. See: https://github.com/urllib3/urllib3/issues/3020
  warnings.warn(
From github.com:tsy-del/tqqq
 * branch            main       -> FETCH_HEAD
HEAD is now at 3b12b5c v4.4: Auto Cloud Sync config at 2026-06-09 07:15:07
[main 8ad7c04] v4.4: Auto Cloud Sync config at 2026-06-09 07:30:08
 2 files changed, 49 insertions(+), 49 deletions(-)
To github.com:tsy-del/tqqq.git
   3b12b5c..8ad7c04  main -> main
To github.com:tsy-del/tqqq.git
   3b12b5c..8ad7c04  main -> gh-pages
Fetching highest frequency prices (v4.1) from yfinance...
Update and push completed successfully.
/Users/tsy/Library/Python/3.9/lib/python/site-packages/urllib3/__init__.py:35: NotOpenSSLWarning: urllib3 v2 only supports OpenSSL 1.1.1+, currently the 'ssl' module is compiled with 'LibreSSL 2.8.3'. See: https://github.com/urllib3/urllib3/issues/3020
  warnings.warn(
From github.com:tsy-del/tqqq
 * branch            main       -> FETCH_HEAD
HEAD is now at 8ad7c04 v4.4: Auto Cloud Sync config at 2026-06-09 07:30:08
[main 7de6120] v4.4: Auto Cloud Sync config at 2026-06-09 07:45:07
 2 files changed, 49 insertions(+), 49 deletions(-)
To github.com:tsy-del/tqqq.git
   8ad7c04..7de6120  main -> main
To github.com:tsy-del/tqqq.git
   8ad7c04..7de6120  main -> gh-pages
Fetching highest frequency prices (v4.1) from yfinance...
Update and push completed successfully.
/Users/tsy/Library/Python/3.9/lib/python/site-packages/urllib3/__init__.py:35: NotOpenSSLWarning: urllib3 v2 only supports OpenSSL 1.1.1+, currently the 'ssl' module is compiled with 'LibreSSL 2.8.3'. See: https://github.com/urllib3/urllib3/issues/3020
  warnings.warn(
From github.com:tsy-del/tqqq
 * branch            main       -> FETCH_HEAD
HEAD is now at 7de6120 v4.4: Auto Cloud Sync config at 2026-06-09 07:45:07
[main 11ed3ee] v4.4: Auto Cloud Sync config at 2026-06-09 08:00:07
 2 files changed, 49 insertions(+), 49 deletions(-)
To github.com:tsy-del/tqqq.git
   7de6120..11ed3ee  main -> main
To github.com:tsy-del/tqqq.git
   7de6120..11ed3ee  main -> gh-pages
Fetching highest frequency prices (v4.1) from yfinance...
Update and push completed successfully.
/Users/tsy/Library/Python/3.9/lib/python/site-packages/urllib3/__init__.py:35: NotOpenSSLWarning: urllib3 v2 only supports OpenSSL 1.1.1+, currently the 'ssl' module is compiled with 'LibreSSL 2.8.3'. See: https://github.com/urllib3/urllib3/issues/3020
  warnings.warn(
From github.com:tsy-del/tqqq
 * branch            main       -> FETCH_HEAD
HEAD is now at 11ed3ee v4.4: Auto Cloud Sync config at 2026-06-09 08:00:07
Fetching highest frequency prices (v4.1) from yfinance...
Prices unchanged (TQQQ: 76.06, SOXL: 211.3). Skipping Git push to save history.
/Users/tsy/Library/Python/3.9/lib/python/site-packages/urllib3/__init__.py:35: NotOpenSSLWarning: urllib3 v2 only supports OpenSSL 1.1.1+, currently the 'ssl' module is compiled with 'LibreSSL 2.8.3'. See: https://github.com/urllib3/urllib3/issues/3020
  warnings.warn(
From github.com:tsy-del/tqqq
 * branch            main       -> FETCH_HEAD
HEAD is now at 11ed3ee v4.4: Auto Cloud Sync config at 2026-06-09 08:00:07
Fetching highest frequency prices (v4.1) from yfinance...
Prices unchanged (TQQQ: 76.06, SOXL: 211.3). Skipping Git push to save history.
/Users/tsy/Library/Python/3.9/lib/python/site-packages/urllib3/__init__.py:35: NotOpenSSLWarning: urllib3 v2 only supports OpenSSL 1.1.1+, currently the 'ssl' module is compiled with 'LibreSSL 2.8.3'. See: https://github.com/urllib3/urllib3/issues/3020
  warnings.warn(
From github.com:tsy-del/tqqq
 * branch            main       -> FETCH_HEAD
HEAD is now at 11ed3ee v4.4: Auto Cloud Sync config at 2026-06-09 08:00:07
Fetching highest frequency prices (v4.1) from yfinance...
Prices unchanged (TQQQ: 76.06, SOXL: 211.3). Skipping Git push to save history.
/Users/tsy/Library/Python/3.9/lib/python/site-packages/urllib3/__init__.py:35: NotOpenSSLWarning: urllib3 v2 only supports OpenSSL 1.1.1+, currently the 'ssl' module is compiled with 'LibreSSL 2.8.3'. See: https://github.com/urllib3/urllib3/issues/3020
  warnings.warn(
From github.com:tsy-del/tqqq
 * branch            main       -> FETCH_HEAD
HEAD is now at 11ed3ee v4.4: Auto Cloud Sync config at 2026-06-09 08:00:07
Fetching highest frequency prices (v4.1) from yfinance...
Prices unchanged (TQQQ: 76.06, SOXL: 211.3). Skipping Git push to save history.
/Users/tsy/Library/Python/3.9/lib/python/site-packages/urllib3/__init__.py:35: NotOpenSSLWarning: urllib3 v2 only supports OpenSSL 1.1.1+, currently the 'ssl' module is compiled with 'LibreSSL 2.8.3'. See: https://github.com/urllib3/urllib3/issues/3020
  warnings.warn(
From github.com:tsy-del/tqqq
 * branch            main       -> FETCH_HEAD
HEAD is now at 11ed3ee v4.4: Auto Cloud Sync config at 2026-06-09 08:00:07
Fetching highest frequency prices (v4.1) from yfinance...
Prices unchanged (TQQQ: 76.06, SOXL: 211.3). Skipping Git push to save history.
